id,年份,岗位代码,地区,部门名称,职位,学历,专业,招考人数,报考人数,分数线,最高分
1,2023,30001,亳州,亳州市中级人民法院,法官助理,本科,法学类（不含特设专业）,2.0,41.0,69.2,72.0
2,2023,30002,亳州,亳州市中级人民法院,司法行政人员,本科,中国语言文学类（不含特设专业）、新闻传播学类（不含特设专业）,1.0,58.0,70.6,73.5
3,2023,30003,亳州,亳州市中级人民法院,司法行政人员,本科,不限,1.0,353.0,72.9,73.75
4,2023,30004,亳州,亳州市交通运输局,交通运输综合管理,本科,交通运输类、土木类,2.0,185.0,70.4,76.0
5,2023,30005,亳州,亳州市乡村振兴局,乡村振兴,本科,农业经济管理类、农业工程类、中国语言文学类、工商管理类、计算机类,1.0,89.0,72.3,77.3
6,2023,30006,亳州,亳州市所辖部分县公安局,人民警察,专科,研究生专业：公安学、公安技术一级学科下的各研究方向；本科专业：侦查学、治安学、交通管理工程、刑事科学技术、网络安全与执法、警务指挥与战术；专科专业：刑事侦查、治安管理、交通管理、刑事科学技术、信息网络安全监察、警察指挥与战术、特警专业,9.0,51.0,61.52,71.37
7,2023,30007,亳州,亳州市谯城区人民法院,法官助理,本科,法学类（不含特设专业）,2.0,13.0,67.35,69.95
8,2023,30008,亳州,亳州市谯城区人民检察院,检察官助理,本科,法学类（不含特设专业）,1.0,10.0,67.35,71.6
9,2023,30009,亳州,亳州市谯城区人民检察院,检察官助理,本科,法学类（不含特设专业）,1.0,14.0,69.95,73.4
10,2023,30010,亳州,亳州市谯城区政协办公室,综合文字,本科,中国语言文学类、新闻传播学类,1.0,44.0,72.5,75.25
11,2023,30011,亳州,中共亳州市谯城区委党校,综合文字,本科,马克思主义理论类、中国语言文学类,2.0,42.0,70.85,80.7
12,2023,30012,亳州,亳州市谯城区司法局,司法行政,本科,法学类（不含特设专业）,1.0,27.0,66.86,68.58
13,2023,30013,亳州,亳州市谯城区司法局,司法行政,本科,中国语言文学类,1.0,18.0,67.15,70.3
14,2023,30014,亳州,亳州市谯城区市场监督管理局,市场监管,本科,法学类（不含特设专业）,1.0,34.0,59.34,60.81
15,2023,30015,亳州,亳州市谯城区市场监督管理局,市场监管,本科,计算机类、电子信息类、电气类、机械类,2.0,214.0,70.2,73.2
16,2023,30016,亳州,亳州市谯城区市场监督管理局,市场监管,本科,经济学类、金融学类、工商管理类,1.0,82.0,67.2,74.7
17,2023,30017,亳州,亳州市谯城区市场监督管理局,市场监管,本科,食品科学与工程类、药学类、中药学类,1.0,44.0,66.85,68.3
18,2023,30018,亳州,亳州市谯城区农业农村局区农业综合开发服务中心,农业经济管理,本科,工程管理专业、工程造价专业、农业水利工程专业、农业工程专业,1.0,42.0,70.05,74.85
19,2023,30019,亳州,亳州市谯城区发改委区重点项目建设推进服务中心,项目服务,本科,经济学类、金融学类,1.0,84.0,75.1,77.45
20,2023,30020,亳州,亳州市谯城区商务局药业发展促进中心,工业经济管理,本科,药学类、中药学类、生物制药专业、制药工程专业,1.0,48.0,69.35,70.6
21,2023,30021,亳州,亳州市谯城区乡镇机关,综合管理,本科,不限,8.0,109.0,65.85,75.2
22,2023,30022,亳州,亳州市谯城区乡镇机关,综合管理,专科,不限,8.0,1005.0,70.45,77.35
23,2023,30023,亳州,亳州市谯城区乡镇机关,综合管理,本科,中国语言文学类、新闻传播学类、法学类,5.0,83.0,65.75,72.0
24,2023,30024,亳州,亳州市谯城区乡镇机关,综合管理,本科,经济学类、金融学类、经济与贸易类、统计学类,5.0,102.0,68.4,73.95
25,2023,30025,亳州,亳州市谯城区乡镇机关,综合管理,本科,农业工程类、农业经济管理类、植物生产类,5.0,21.0,62.45,71.35
26,2023,30026,亳州,亳州市谯城区街道办事处,综合管理,本科,计算机类、电子信息类、中国语言文学类,3.0,152.0,69.2,73.35
27,2023,30027,亳州,亳州市谯城区乡镇机关,综合管理,本科,不限,1.0,90.0,71.65,73.05
28,2023,30028,亳州,谯城区乡镇机关,综合管理,本科,不限,1.0,6.0,61.05,62.65
29,2023,30029,亳州,涡阳县人大常委会机关,机关综合,本科,中国语言文学类、经济学类、法学类,1.0,21.0,71.55,77.25
30,2023,30030,亳州,中共涡阳县纪委监委机关,纪检监察,本科,法学类,1.0,8.0,62.9,65.08
31,2023,30031,亳州,中共涡阳县纪委监委机关,纪检监察,本科,法学类,2.0,18.0,62.21,68.85
32,2023,30032,亳州,中共涡阳县纪委监委机关,纪检监察,本科,法学类,2.0,14.0,61.27,73.89
33,2023,30033,亳州,涡阳县人民法院,法官助理,本科,法学类（不含特设专业）,2.0,4.0,63.05,68.5
34,2023,30034,亳州,涡阳县人民法院,司法行政人员,本科,图书情报与档案管理类,1.0,8.0,65.0,72.6
35,2023,30035,亳州,涡阳县人民法院,司法行政人员,本科,不限,1.0,1.0,51.86,60.65
36,2023,30036,亳州,涡阳县人民检察院,检察官助理,本科,法学类（不含特设专业）,3.0,12.0,69.0,77.75
37,2023,30037,亳州,涡阳县人民检察院,检察官助理,本科,法学类（不含特设专业）,1.0,13.0,68.65,68.65
38,2023,30038,亳州,涡阳县人民检察院,司法行政,本科,不限,1.0,11.0,65.7,75.05
39,2023,30039,亳州,涡阳县人民政府办公室,综合文字,本科,法学类（不含特设专业）、经济学类、汉语言文学专业、秘书学专业、新闻学专业、行政管理专业,1.0,15.0,67.65,70.35
40,2023,30040,亳州,涡阳县经济和信息化局,工业经济管理,本科,经济学门类,1.0,35.0,72.15,76.3
41,2023,30041,亳州,亳州市谯城区乡镇机关,综合管理,本科,不限,8.0,109.0,65.85,75.2
42,2023,30042,亳州,亳州市谯城区乡镇机关,综合管理,专科,不限,8.0,1005.0,70.45,77.35
43,2023,30043,亳州,亳州市谯城区乡镇机关,综合管理,本科,中国语言文学类、新闻传播学类、法学类,5.0,83.0,65.75,72.0
44,2023,30044,亳州,亳州市谯城区乡镇机关,综合管理,本科,经济学类、金融学类、经济与贸易类、统计学类,5.0,102.0,68.4,73.95
45,2023,30045,亳州,亳州市谯城区乡镇机关,综合管理,本科,农业工程类、农业经济管理类、植物生产类,5.0,21.0,62.45,71.35
46,2023,30046,亳州,亳州市谯城区街道办事处,综合管理,本科,计算机类、电子信息类、中国语言文学类,3.0,152.0,69.2,73.35
47,2023,30047,亳州,亳州市谯城区乡镇机关,综合管理,本科,不限,1.0,90.0,71.65,73.05
48,2023,30048,亳州,谯城区乡镇机关,综合管理,本科,不限,1.0,6.0,61.05,62.65
49,2023,30049,亳州,涡阳县人大常委会机关,机关综合,本科,中国语言文学类、经济学类、法学类,1.0,21.0,71.55,77.25
50,2023,30050,亳州,中共涡阳县纪委监委机关,纪检监察,本科,法学类,1.0,8.0,62.9,65.08
51,2023,30051,亳州,中共涡阳县纪委监委机关,纪检监察,本科,法学类,2.0,18.0,62.21,68.85
52,2023,30052,亳州,中共涡阳县纪委监委机关,纪检监察,本科,法学类,2.0,14.0,61.27,73.89
53,2023,30053,亳州,涡阳县人民法院,法官助理,本科,法学类（不含特设专业）,2.0,4.0,63.05,68.5
54,2023,30054,亳州,涡阳县人民法院,司法行政人员,本科,图书情报与档案管理类,1.0,8.0,65.0,72.6
55,2023,30055,亳州,涡阳县人民法院,司法行政人员,本科,不限,1.0,1.0,51.86,60.65
56,2023,30056,亳州,涡阳县人民检察院,检察官助理,本科,法学类（不含特设专业）,3.0,12.0,69.0,77.75
57,2023,30057,亳州,涡阳县人民检察院,检察官助理,本科,法学类（不含特设专业）,1.0,13.0,68.65,68.65
58,2023,30058,亳州,涡阳县人民检察院,司法行政,本科,不限,1.0,11.0,65.7,75.05
59,2023,30059,亳州,涡阳县人民政府办公室,综合文字,本科,法学类（不含特设专业）、经济学类、汉语言文学专业、秘书学专业、新闻学专业、行政管理专业,1.0,15.0,67.65,70.35
60,2023,30060,亳州,涡阳县经济和信息化局,工业经济管理,本科,经济学门类,1.0,35.0,72.15,76.3
61,2023,30061,亳州,涡阳县司法局,司法行政,本科,法学类（不含特设专业）,2.0,14.0,62.12,68.53
62,2023,30062,亳州,涡阳县街道机关,人武专干,专科,不限,1.0,13.0,55.61,61.98
63,2023,30063,亳州,涡阳县乡镇机关,人武专干,专科,不限,1.0,8.0,60.92,65.93
64,2023,30064,亳州,涡阳县街道机关,综合管理,本科,公共管理类,1.0,12.0,66.55,68.55
65,2023,30065,亳州,涡阳县街道机关,综合管理,本科,农学门类,1.0,17.0,66.7,72.75
66,2023,30066,亳州,涡阳县乡镇机关,综合管理,本科,不限,8.0,65.0,63.1,72.9
67,2023,30067,亳州,涡阳县乡镇机关,综合管理,专科,不限,4.0,378.0,70.15,75.15
68,2023,30068,亳州,涡阳县乡镇机关,综合管理,本科,不限,2.0,69.0,68.0,71.85
69,2023,30069,亳州,涡阳县乡镇机关,综合管理,本科,不限,2.0,91.0,69.7,74.25
70,2023,30070,亳州,中共蒙城县委办公室,机关综合,本科,工学门类、农学门类、法学门类、经济学门类、管理学门类、中国语言文学类,1.0,90.0,72.25,73.15
71,2023,30071,亳州,蒙城县人大常委会机关,机关综合,本科,中国语言文学类,1.0,16.0,69.5,71.45
72,2023,30072,亳州,中共蒙城县纪委监委机关,纪检监察,本科,法学专业、侦查学专业、经济犯罪侦查专业、技术侦查学专业,6.0,52.0,65.75,73.2
73,2023,30073,亳州,蒙城县人民法院,法官助理,本科,法学类（不含特设专业）,4.0,9.0,63.85,77.3
74,2023,30074,亳州,蒙城县人民法院,司法行政人员,本科,不限,1.0,10.0,61.1,64.3
75,2023,30075,亳州,蒙城县人民法院,司法行政人员,本科,会计学专业、财务管理专业、审计学专业、财务会计教育专业,1.0,37.0,64.86,66.86
76,2023,30076,亳州,蒙城县人民法院,司法警察,专科,刑事执行专业、刑事侦查技术专业、罪犯心理测量与矫正技术专业、行政执行专业、戒毒矫治技术专业、司法信息安全专业、司法警务专业,1.0,23.0,64.8,66.35
77,2023,30077,亳州,蒙城县人民检察院,检察官助理,本科,法学类（不含特设专业）,1.0,8.0,70.15,73.65
78,2023,30078,亳州,蒙城县人民检察院,司法行政,本科,马克思主义理论类、中国语言文学类,1.0,17.0,67.65,69.45
79,2023,30079,亳州,蒙城县人民政府办公室,机关综合,本科,不限,1.0,47.0,72.5,74.5
80,2023,30080,亳州,蒙城县人民政府办公室,机关综合,本科,不限,1.0,5.0,65.95,73.9
81,2023,30081,亳州,蒙城县经济和信息化局,经济管理,本科,经济学类,1.0,31.0,69.25,71.65
82,2023,30082,亳州,蒙城县财政局,财政管理,本科,财政学类,1.0,21.0,68.4,76.6
83,2023,30083,亳州,蒙城县自然资源和规划局,机关综合,本科,不限,1.0,70.0,72.65,77.55
84,2023,30084,亳州,蒙城县农业农村局,政策法规宣传,本科,法学类（不含特设专业）,1.0,14.0,64.85,66.0
85,2023,30085,亳州,蒙城县农业农村局,农业经济管理,本科,农业经济管理类,1.0,10.0,66.35,78.8
86,2023,30086,亳州,蒙城县卫生健康委员会,卫生事务管理,本科,预防医学专业、妇幼保健医学专业、卫生监督专业、全球健康学专业,1.0,14.0,65.75,68.65
87,2023,30087,亳州,蒙城县应急管理局,法务管理,本科,法学类（不含特设专业）,1.0,5.0,62.39,68.84
88,2023,30088,亳州,蒙城县市场监督管理局,市场综合管理,本科,食品科学与工程类、药学专业、机械设计制造及其自动化专业、能源与动力工程专业,1.0,42.0,70.6,71.6
89,2023,30089,亳州,蒙城县市场监督管理局,市场监管,本科,法学类（不含特设专业）,1.0,42.0,65.3,66.45
90,2023,30090,亳州,蒙城县市场监督管理局,市场综合管理,本科,不限,2.0,137.0,72.8,74.6
91,2023,30091,亳州,蒙城县市场监督管理局,市场综合管理,本科,不限,3.0,178.0,70.1,74.15
92,2023,30092,亳州,蒙城县市场监督管理局,市场综合管理,本科,不限,1.0,10.0,65.7,71.85
93,2023,30093,亳州,蒙城县医疗保障局,政策法规宣传,本科,法学类（不含特设专业）,1.0,11.0,69.65,72.7
94,2023,30094,亳州,蒙城县公安局,人民警察,专科,不限,1.0,36.0,63.83,64.32
95,2023,30095,亳州,蒙城县机关事务管理中心,公务车辆管理,本科,车辆工程专业、汽车服务工程专业、汽车维修工程教育专业、新能源汽车工程专业,1.0,34.0,67.4,68.35
96,2023,30096,亳州,蒙城县机关事务管理中心,后勤服务,本科,旅游管理类,1.0,35.0,70.05,72.75
97,2023,30097,亳州,蒙城县应急管理局县救灾减灾中心,应急综合管理,本科,计算机科学与技术专业、软件工程专业、网络工程专业、电子与计算机工程专业,1.0,23.0,63.04,65.64
98,2023,30098,亳州,蒙城县财政局县非税收入征收管理服务中心,非税业务管理,本科,会计学专业、财务管理专业、审计学专业、人力资源管理专业,1.0,52.0,72.55,80.6
99,2023,30099,亳州,蒙城县农业农村局县农业机械事业发展中心,机关综合,本科,中国语言文学类、新闻学专业,1.0,13.0,69.65,74.45
100,2023,30100,亳州,蒙城县文化旅游体育局县文化事业发展中心,体育事业管理,本科,社会体育指导与管理专业、休闲体育专业、体育旅游专业、智能体育工程专业,1.0,29.0,64.05,70.15
101,2023,30101,亳州,蒙城县文化旅游体育局县文化事业发展中心,机关综合,本科,不限,2.0,17.0,62.8,71.25
102,2023,30102,亳州,蒙城县街道办事处,综合管理,本科,中国语言文学类,2.0,15.0,67.35,70.85
103,2023,30103,亳州,蒙城县街道办事处,综合管理,本科,农业经济管理类,1.0,5.0,61.65,64.75
104,2023,30104,亳州,蒙城县街道办事处,综合管理,本科,不限,2.0,8.0,67.0,74.2
105,2023,30105,亳州,蒙城县街道办事处,经济管理,本科,经济学门类、统计学专业、法学类（不含特设专业）,1.0,21.0,70.65,75.5
106,2023,30106,亳州,蒙城县乡镇机关,综合管理,本科,不限,4.0,20.0,63.65,72.35
107,2023,30107,亳州,蒙城县乡镇机关,综合管理,专科,不限,4.0,300.0,68.2,76.2
108,2023,30108,亳州,蒙城县乡镇机关,综合管理,本科,不限,4.0,215.0,70.4,75.9
109,2023,30109,亳州,蒙城县乡镇机关,人武专干,专科,人民武装专业（退役军人报考可不限专业）,1.0,26.0,58.35,66.93
110,2023,30110,亳州,中共利辛县委办公室,机关综合,本科,汉语言文学类、公共管理类,1.0,18.0,71.1,73.05
111,2023,30111,亳州,中共利辛县纪委监委机关,纪检监察,本科,不限,1.0,15.0,61.9,67.25
112,2023,30112,亳州,中共利辛县纪委监委机关,纪检监察,本科,法学类（不含特设专业）,2.0,27.0,64.0,73.9
113,2023,30113,亳州,中共利辛县委巡察工作领导小组办公室,巡视巡察,本科,法学类（不含特设专业）、公共管理类,1.0,18.0,69.75,72.35
114,2023,30114,亳州,利辛县人民法院,法官助理,本科,法学类（不含特设专业）,4.0,5.0,58.6,73.55
115,2023,30115,亳州,利辛县人民法院,综合业务,本科,法学类（不含特设专业）,1.0,6.0,62.41,65.83
116,2023,30116,亳州,利辛县人民法院,司法行政人员,本科,不限,1.0,10.0,63.7,72.4
117,2023,30117,亳州,利辛县人民法院,司法警察,专科,刑事执行专业、刑事侦查技术专业、罪犯心理测量与矫正技术专业、行政执行专业、戒毒矫治技术专业、司法信息安全专业、司法警务专业,1.0,13.0,65.25,68.7
118,2023,30118,亳州,利辛县人民检察院,检察官助理,本科,法学类（不含特设专业）,2.0,7.0,64.1,71.65
119,2023,30119,亳州,利辛县人民检察院,检察官助理,本科,法学类（不含特设专业）,2.0,8.0,61.45,69.65
120,2023,30120,亳州,利辛县司法局,司法行政,本科,法学类（不含特设专业）,2.0,39.0,63.16,67.97
121,2023,30121,亳州,利辛县司法局,司法行政,本科,法学类（不含特设专业）,2.0,5.0,59.55,67.3
122,2023,30122,亳州,利辛县司法局,司法行政,本科,法学类（不含特设专业）,2.0,12.0,63.44,65.87
123,2023,30123,亳州,利辛县司法局,信息管理,本科,计算机类、电子信息类,1.0,43.0,67.7,72.51
124,2023,30124,亳州,利辛县司法局,机关综合,本科,不限,2.0,16.0,68.75,73.35
125,2023,30125,亳州,利辛县公安局,法医★,本科,法医学类、临床医学专业,1.0,11.0,65.24,70.07
126,2023,30126,亳州,利辛县公安局,网络安全管理★,本科,网络空间安全专业、网络工程专业、软件工程专业、电子与计算机工程专业、信息工程专业,1.0,6.0,67.24,72.24
127,2023,30127,亳州,利辛县公安局,人民警察,本科,不限,3.0,61.0,65.77,75.08
128,2023,30128,亳州,利辛县公安局,人民警察,专科,不限,1.0,36.0,58.7,62.5
129,2023,30129,亳州,利辛县发展和改革委员会,经济管理,本科,经济学类,1.0,21.0,68.9,78.9
130,2023,30130,亳州,利辛县发展和改革委员会,经济管理,本科,不限,1.0,15.0,64.95,70.25
131,2023,30131,亳州,利辛县审计局,审计综合管理,本科,会计学专业、财务管理专业、审计学专业、财政学专业,2.0,95.0,70.5,78.35
132,2023,30132,亳州,利辛县市场监督管理局,市场监管,本科,食品科学与工程类,4.0,52.0,68.05,72.5
133,2023,30133,亳州,利辛县市场监督管理局,市场监管,本科,药学类、中药学类,3.0,45.0,65.4,73.1
134,2023,30134,亳州,利辛县市场监督管理局,市场监管,本科,机械类、电气类、材料类,3.0,123.0,70.15,73.35
135,2023,30135,亳州,利辛县市场监督管理局,市场监管,本科,不限,2.0,15.0,65.45,69.0
136,2023,30136,亳州,利辛县文化旅游体育局,行政管理,本科,管理学门类、汉语言文学专业、新闻学专业,1.0,75.0,70.35,74.2
137,2023,30137,亳州,利辛县数据资源管理局,信息系统管理,本科,计算机类,1.0,34.0,68.61,74.17
138,2023,30138,亳州,利辛县乡镇机关,村镇建设管理,专科,不限,6.0,86.0,62.5,70.6
139,2023,30139,亳州,利辛县乡镇机关,人武专干,专科,人民武装专业（退役军人报考可不限专业）,2.0,47.0,57.93,65.08
140,2023,30140,亳州,利辛县乡镇机关,村镇建设管理,专科,不限,8.0,590.0,69.7,76.95
141,2023,30141,亳州,利辛县乡镇机关,村镇建设管理,本科,不限,5.0,99.0,68.55,75.35
142,2023,30142,亳州,利辛县乡镇机关,村镇建设管理,本科,不限,5.0,92.0,66.55,72.75
143,2023,30143,亳州,利辛县乡镇机关,村镇建设管理,本科,不限,6.0,104.0,67.95,75.15
144,2023,30144,亳州,利辛县乡镇机关,村镇建设管理,本科,不限,6.0,111.0,66.9,73.2
145,2023,30145,亳州,谯城区乡镇机关,综合管理,高中（中专）,不限,2.0,0.0,,
146,2023,30146,亳州,蒙城县乡镇机关,综合管理,高中（中专）,不限,1.0,0.0,,
147,2023,90001,六安,中共六安市纪律检查委员会六安市监察委员会机关,执纪监督审查调查,本科,法学专业、法律专业、审计学专业、侦查学专业、经济犯罪侦查专业（具有法律职业资格证书A类的专业不限）,1.0,11.0,68.1,70.2
148,2023,90002,六安,中共六安市纪律检查委员会六安市监察委员会派驻（出）机构,执纪监督审查调查,本科,法学专业、法律专业、审计学专业、侦查学专业、经济犯罪侦查专业（具有法律职业资格证书A类的专业不限）,2.0,22.0,69.45,75.9
149,2023,90003,六安,六安市政协办公室,机关文秘,本科,哲学门类、文学门类、历史学门类、管理学门类、经济学门类、工学门类,1.0,278.0,75.05,76.45
150,2023,90004,六安,中国农工民主党六安市委员会,机关文秘,本科,不限,1.0,240.0,76.55,77.6
151,2023,90005,六安,六安老年大学办公室,教务管理,本科,广播电视编导专业、舞蹈编导专业、戏剧影视文学专业,1.0,84.0,70.0,70.6
152,2023,90006,六安,六安老年大学办公室,教务管理,本科,戏剧学专业、戏剧影视导演专业、戏剧教育专业,1.0,19.0,68.7,71.9
153,2023,90007,六安,六安老年大学办公室,设备、财务管理,本科,自动化类、财务管理专业,1.0,88.0,73.05,76.3
154,2023,90008,六安,六安市霍邱县生态环境分局,环境管理,本科,环境科学与工程类,1.0,58.0,71.15,72.95
155,2023,90009,六安,六安市金安区生态环境分局,环境管理,本科,能源与环境系统工程专业、新能源科学与工程专业、储能科学与工程专业、化学专业,1.0,50.0,70.75,71.95
156,2023,90010,六安,六安市统计局,统计调查,研究生,经济学门类,1.0,42.0,73.1,75.85
157,2023,90011,六安,六安市供销合作社联合社,组织人事,本科,不限,1.0,39.0,71.15,74.15
158,2023,90012,六安,六安市红十字会,机关文秘,本科,中国语言文学类、新闻传播学类,1.0,91.0,73.3,73.75
159,2023,90013,六安,六安市发展和改革委员会（市粮食和物资储备局）市价格认证中心,价格认证,本科,财务管理专业、会计学专业、会计专业、审计学专业,1.0,83.0,73.7,74.15
160,2023,90014,六安,六安市住房和城乡建设局市城市建设服务中心,城建管理,本科,土木工程专业、城乡规划专业、建筑学专业,1.0,103.0,74.35,80.9
161,2023,90015,六安,六安市农业农村局市农业综合开发中心,工程管理,本科,水利水电工程专业、农业水利工程专业、农业工程专业,1.0,18.0,68.0,71.35
162,2023,90016,六安,六安市统计局市统计调查队,统计调查,研究生,经济学门类,1.0,36.0,71.55,73.05
163,2023,90017,六安,六安市医疗保障局市医疗保障基金管理中心,财务管理,本科,会计学专业、会计专业、财务管理专业、审计学专业,1.0,38.0,72.12,72.8
164,2023,90018,六安,中共六安市金安区委党史和地方志研究室（区档案馆）,史志编研与档案管理,本科,计算机类、历史学专业、档案学专业、图书馆学专业,1.0,45.0,70.3,76.3
165,2023,90019,六安,中共六安市金安区委组织部区党员电化教育中心,党员电化教育,本科,中国语言文学类、行政管理专业,1.0,32.0,73.35,75.25
166,2023,90020,六安,中共六安市金安区委宣传部区文明建设指导中心,文字宣传,本科,新闻传播学类、中国语言文学类,1.0,27.0,72.05,76.35
167,2023,90021,六安,金安区供销合作社联合社,农村经济管理,本科,经济学门类,1.0,95.0,72.35,80.25
168,2023,90022,六安,金安区财政局区非税收入征收管理中心,财务管理,本科,经济学类、财政学类、金融学类、会计学专业、会计专业,1.0,92.0,74.4,75.7
169,2023,90023,六安,金安区财政局区农村财政管理中心,财务管理,本科,经济学类、财政学类、金融学类、会计学专业、会计专业,1.0,40.0,69.47,76.51
170,2023,90024,六安,金安区水利局区水土保持中心,水利建设管理,本科,水利类、农业水利工程专业,1.0,21.0,67.8,68.5
171,2023,90025,六安,金安区卫生健康委员会区老龄事业发展中心,老龄服务,本科,公共卫生与预防医学类,1.0,20.0,68.05,74.25
172,2023,90026,六安,金安区审计局区经济责任审计中心,审计,本科,审计学专业、会计学专业、会计专业、财务管理专业,1.0,82.0,71.75,72.8
173,2023,90027,六安,裕安区司法局,司法行政,本科,法学类,1.0,22.0,61.08,69.23
174,2023,90028,六安,裕安区司法局,司法行政,本科,法学类,2.0,8.0,61.6,68.2
175,2023,90029,六安,裕安区司法局,司法行政,本科,不限,2.0,30.0,65.2,68.35
176,2023,90030,六安,裕安区司法局,司法行政,本科,会计学专业、会计专业、财务管理专业、审计学专业,1.0,30.0,67.6,70.4
177,2023,90031,六安,中共六安市叶集区委组织部区党员电化教育中心,机关文秘,本科,不限,1.0,5.0,69.9,72.45
178,2023,90032,六安,中共六安市叶集区委组织部区党员电化教育中心,机关文秘,本科,文学门类、理学门类、工学门类,1.0,46.0,72.0,75.35
179,2023,90033,六安,叶集区市场监管局,市场监管,本科,不限,1.0,58.0,67.3,68.7
180,2023,90034,六安,叶集区市场监管局,市场监管,本科,不限,1.0,90.0,71.6,73.7
181,2023,90035,六安,叶集区司法局,司法行政,本科,法学类,2.0,6.0,63.1,68.4
182,2023,90036,六安,叶集区司法局,司法行政,本科,法学类,1.0,12.0,64.18,67.24
183,2023,90037,六安,中共霍邱县委组织部,机关文秘,本科,文学门类,1.0,21.0,68.8,73.0
184,2023,90038,六安,中共霍邱县委宣传部,机关文秘,本科,中国语言文学类、新闻传播学类、思想政治教育专业,1.0,27.0,71.4,74.3
185,2023,90039,六安,中共霍邱县委统一战线工作部,机关文秘,本科,不限,1.0,80.0,70.95,73.8
186,2023,90040,六安,中共霍邱县委机构编制委员会办公室,机构编制管理,本科,不限,1.0,24.0,69.0,71.6
187,2023,90041,六安,中共霍邱县委组织部县党员电化教育中心,财务管理,本科,会计学专业、会计专业、财务管理专业、审计学专业,1.0,8.0,64.04,66.59
188,2023,90042,六安,霍邱县人民政府办公室,机关文秘,本科,中国语言文学类,1.0,7.0,62.75,67.2
189,2023,90043,六安,霍邱县人民政府办公室,政策法规,本科,法学类,1.0,4.0,65.72,72.36
190,2023,90044,六安,霍邱县教育局,教育管理,本科,管理科学专业、信息管理与信息系统专业、行政管理专业,1.0,52.0,72.55,74.7
191,2023,90045,六安,霍邱县科学技术局,机关文秘,本科,中国语言文学类、外国语言文学类,1.0,40.0,70.3,73.65
192,2023,90046,六安,霍邱县经济和信息化局,经济管理,本科,经济学类,1.0,33.0,69.05,72.0
193,2023,90047,六安,霍邱县财政局,财务管理,本科,会计学专业、会计专业、财务管理专业、审计学专业,1.0,21.0,64.51,67.64
194,2023,90048,六安,霍邱县司法局,行政复议,本科,法学类,2.0,6.0,63.8,71.0
195,2023,90049,六安,霍邱县司法局,机关文秘,本科,中国语言文学类,1.0,9.0,68.95,70.95
196,2023,90050,六安,霍邱县司法局,财务管理,本科,会计学专业、会计专业、财务管理专业、审计学专业,1.0,26.0,60.32,65.65
197,2023,90051,六安,霍邱县人力资源和社会保障局,机关文秘,本科,中国语言文学类,1.0,15.0,68.35,72.05
198,2023,90052,六安,霍邱县住房和城乡建设局,机关文秘,本科,中国语言文学类,1.0,8.0,65.8,71.25
199,2023,90053,六安,霍邱县交通运输局,机关文秘,本科,中国语言文学类、新闻传播学类、思想政治教育专业、政治学与行政学专业,1.0,17.0,73.3,74.95
200,2023,90054,六安,霍邱县农业农村局,机关文秘,本科,中国语言文学类,1.0,5.0,71.65,72.75
201,2023,90055,六安,霍邱县水利局,组织人事,本科,中国语言文学类,1.0,17.0,67.05,70.75
202,2023,90056,六安,霍邱县文化旅游体育局,机关文秘,本科,文学门类,1.0,36.0,72.0,75.6
203,2023,90057,六安,霍邱县卫生健康委员会,卫生健康管理,本科,公共事业管理专业、健康服务与管理专业、养老服务管理专业,1.0,27.0,69.8,74.7
204,2023,90058,六安,霍邱县卫生健康委员会,医政医管,本科,临床医学类,1.0,18.0,67.15,68.7
205,2023,90059,六安,霍邱县审计局,审计,本科,审计学专业、会计学专业、会计专业、财务管理专业,1.0,48.0,70.4,73.45
206,2023,90060,六安,霍邱县市场监督管理局,市场监管,本科,法学类,1.0,5.0,60.66,62.28
207,2023,90061,六安,霍邱县市场监督管理局,市场监管,本科,中国语言文学类,1.0,13.0,64.65,65.7
208,2023,90062,六安,霍邱县市场监督管理局,市场监管,本科,法学类,1.0,14.0,63.26,68.58
209,2023,90063,六安,霍邱县市场监督管理局,市场监管,本科,法学类,1.0,11.0,59.04,68.48
210,2023,90064,六安,霍邱县市场监督管理局,市场监管,本科,药学类,1.0,13.0,67.7,68.7
211,2023,90065,六安,霍邱县市场监督管理局,市场监管,本科,机械类,1.0,39.0,69.9,72.65
212,2023,90066,六安,霍邱县市场监督管理局,市场监管,本科,食品科学与工程专业、食品质量与安全专业、食品安全与检测专业,1.0,21.0,68.5,71.05
213,2023,90067,六安,霍邱县市场监督管理局,市场监管,本科,不限,2.0,130.0,67.7,78.05
214,2023,90068,六安,霍邱县市场监督管理局,市场监管,本科,不限,1.0,19.0,57.4,68.8
215,2023,90069,六安,霍邱县医疗保障局,医保基金监管,本科,法学专业、法律专业、医疗保险专业、保险学专业,1.0,16.0,69.05,70.8
216,2023,90070,六安,霍邱经济开发区管委会,机关文秘,本科,不限,1.0,62.0,71.4,73.2
217,2023,90071,六安,霍邱县供销合作社联合社,财务管理,本科,会计学专业、会计专业、财务管理专业、审计学专业、金融学专业,1.0,16.0,67.84,69.76
218,2023,90072,六安,中共舒城县纪律检查委员会舒城县监察委员会机关,纪检监察,本科,经济学类、金融学类、政治学类、中国语言文学类,1.0,48.0,74.8,75.45
219,2023,90073,六安,中共舒城县纪律检查委员会舒城县监察委员会机关,纪检监察,本科,法学类（不含特设专业）,1.0,8.0,62.6,68.45
220,2023,90074,六安,中共舒城县委统一战线工作部,机关文秘,本科,马克思主义理论类、中国语言文学类,1.0,18.0,70.65,71.25
221,2023,90075,六安,舒城县归国华侨联合会,机关文秘,本科,法学类、汉语言文学专业、秘书学专业,1.0,19.0,70.65,73.1
222,2023,90076,六安,舒城县档案馆,档案管理,本科,计算机类,1.0,31.0,67.08,74.87
223,2023,90077,六安,舒城县科学技术局,综合管理,本科,法学类（不含特设专业）,1.0,5.0,64.32,75.59
224,2023,90078,六安,舒城县民政局,信息技术,本科,计算机类,1.0,34.0,69.96,71.2
225,2023,90079,六安,舒城县民政局,机关文秘,本科,中国语言文学类,1.0,21.0,70.1,71.75
226,2023,90080,六安,舒城县司法局,司法行政,本科,不限,1.0,10.0,67.2,68.3
227,2023,90081,六安,舒城县财政局,财务规划,本科,经济学类、金融学类,2.0,89.0,72.5,79.9
228,2023,90082,六安,舒城县财政局,财务管理,本科,会计学专业、会计专业、财务管理专业、审计学专业,3.0,84.0,68.52,74.13
229,2023,90083,六安,舒城县人力资源和社会保障局,机关文秘,本科,不限,2.0,19.0,69.85,71.75
230,2023,90084,六安,舒城县自然资源和规划局,政策法规,本科,法学类（不含特设专业）,1.0,5.0,61.96,64.86
231,2023,90085,六安,舒城县自然资源和规划局,土地资源管理,本科,地质学类、测绘类、土地资源管理专业、土地整治工程专业,1.0,38.0,69.7,72.2
232,2023,90086,六安,舒城县住房和城乡建设局,城建管理,本科,土木类、交通工程专业,1.0,63.0,70.7,74.65
233,2023,90087,六安,舒城县农业农村局,机关文秘,本科,中国语言文学类、新闻传播学类,1.0,25.0,72.0,76.55
234,2023,90088,六安,舒城县农业农村局,综合管理,本科,农学门类,1.0,61.0,69.7,73.1
235,2023,90089,六安,舒城县农业农村局,农业工程管理,本科,农业资源与环境专业、生物质科学与工程专业、农学专业,1.0,17.0,67.1,72.65
236,2023,90090,六安,舒城县水利局,工程管理,本科,土木类、水利水电工程专业、水务工程专业,1.0,32.0,67.95,78.35
237,2023,90091,六安,舒城县卫生健康委员会,信息管理,本科,计算机科学与技术专业、网络工程专业、软件工程专业,1.0,31.0,70.54,73.79
238,2023,90092,六安,舒城县卫生健康委员会,卫生健康管理,本科,医学门类,1.0,56.0,69.05,70.4
239,2023,90093,六安,舒城县审计局,审计,本科,审计学专业、会计学专业、会计专业、财务管理专业,1.0,48.0,73.0,74.85
240,2023,90094,六安,舒城县市场监督管理局,市场监管,本科,不限,4.0,27.0,63.15,70.65
241,2023,90095,六安,舒城县市场监督管理局,市场监管,本科,法学类、计算机类、管理科学与工程类、汉语言文学专业,4.0,134.0,67.7,72.8
242,2023,90096,六安,舒城县林业局,林业管理,本科,法学类（不含特设专业）,1.0,7.0,67.22,71.39
243,2023,90097,六安,舒城县医疗保障局,机关文秘,本科,中国语言文学类、新闻传播学类,1.0,23.0,70.25,72.05
244,2023,90098,六安,舒城万佛湖水源保护和旅游管理委员会,旅游管理,本科,旅游管理类,1.0,64.0,71.5,74.7
245,2023,90099,六安,舒城县供销合作社联合社,机关事务,本科,中国语言文学类、经济学类、经济与贸易类,1.0,37.0,73.15,75.95
246,2023,90100,六安,中共金寨县委办公室,机关综合,本科,不限,1.0,14.0,70.8,71.65
247,2023,90101,六安,金寨县人大常委会机关　,机关文秘,本科,汉语言文学专业、秘书学专业、法学专业、法律专业,1.0,31.0,70.7,72.6
248,2023,90102,六安,中共金寨县委党史和地方志研究室（县红色文化研究中心、金寨县档案馆）,史志编研,本科,不限,1.0,8.0,65.75,70.7
249,2023,90103,六安,金寨县人民政府办公室,机关文秘,本科,不限,2.0,120.0,72.4,76.9
250,2023,90104,六安,金寨县人力资源和社会保障局,就业创业管理,本科,不限,1.0,91.0,70.75,76.55
251,2023,90105,六安,金寨县卫生健康委员会,信息规划,本科,电子信息工程专业、信息工程专业、电子信息科学与技术专业,1.0,27.0,69.9,74.95
252,2023,90106,六安,金寨县市场监督管理局,市场监管,本科,法学类,2.0,11.0,58.53,64.75
253,2023,90107,六安,金寨县市场监督管理局,市场监管,本科,不限,2.0,10.0,63.25,67.9
254,2023,90108,六安,金寨县市场监督管理局,市场监管,本科,不限,2.0,84.0,68.45,71.45
255,2023,90109,六安,金寨县市场监督管理局,市场监管,本科,食品科学与工程类,1.0,17.0,66.7,68.3
256,2023,90110,六安,金寨县市场监督管理局,市场监管,本科,药学类,1.0,13.0,63.55,69.9
257,2023,90111,六安,金寨县文化旅游体育局,文旅监管,本科,建筑学专业、历史建筑保护工程专业、城乡规划专业、风景园林专业,1.0,31.0,70.15,72.15
258,2023,90112,六安,金寨县交通运输局,综合管理,本科,不限,1.0,13.0,66.3,73.65
259,2023,90113,六安,金寨县应急管理局,应急处置与执法,本科,不限,1.0,9.0,67.25,68.15
260,2023,90114,六安,金寨县司法局,司法行政,本科,法学类,1.0,9.0,62.75,64.11
261,2023,90115,六安,金寨县司法局,司法行政,本科,不限,1.0,10.0,69.4,71.5
262,2023,90116,六安,金寨县司法局,司法行政,本科,法学类,2.0,12.0,61.25,65.65
263,2023,90117,六安,金寨县司法局,司法行政,本科,法学类,1.0,5.0,62.31,65.54
264,2023,90118,六安,金寨县投资创业中心,综合管理,本科,不限,1.0,120.0,72.3,75.25
265,2023,90119,六安,金寨县供销合作社联合社,综合管理,本科,中国语言文学类,1.0,16.0,68.75,71.75
266,2023,90120,六安,中共霍山县纪律检查委员会霍山县监察委员会机关,纪检监察,本科,不限,2.0,26.0,71.15,73.55
267,2023,90121,六安,中共霍山县纪律检查委员会霍山县监察委员会机关,财务管理,本科,会计学专业、会计专业、财务会计教育专业、审计学专业,2.0,40.0,66.21,73.21
268,2023,90122,六安,中共霍山县纪律检查委员会霍山县监察委员会机关,纪检监察,本科,侦查学专业、经济犯罪侦查专业、公安情报学专业,2.0,7.0,57.25,65.6
269,2023,90123,六安,中共霍山县纪律检查委员会霍山县监察委员会派驻机构,纪检监察,本科,法学类,4.0,24.0,64.91,72.59
270,2023,90124,六安,霍山县发展和改革委员会,经济管理,本科,经济学门类,1.0,48.0,74.7,75.35
271,2023,90125,六安,霍山县财政局,财政管理,本科,财政学专业、会计学专业、会计专业、审计学专业、财务管理专业,1.0,60.0,70.25,72.15
272,2023,90126,六安,霍山县人力资源和社会保障局,法律综合,本科,法学专业、法律专业、知识产权专业、信用风险管理与法律防控专业,1.0,5.0,62.81,68.5
273,2023,90127,六安,霍山县司法局,司法行政,本科,法学类,2.0,12.0,61.49,66.99
274,2023,90128,六安,霍山县市场监督管理局,市场监管,专科,不限,2.0,21.0,64.45,68.5
275,2023,90129,六安,霍山县市场监督管理局,市场监管,本科,药学类、生物工程类,2.0,33.0,64.6,69.35
276,2023,90130,六安,霍山县市场监督管理局,市场监管,本科,法学类,4.0,46.0,60.89,65.99
277,2023,90131,六安,霍山县市场监督管理局,市场监管,本科,机械工程专业、机械设计制造及其自动化专业、能源与动力工程专业,1.0,46.0,67.85,68.55
278,2023,90132,六安,霍山县市场监督管理局,市场监管,本科,食品科学与工程类,1.0,25.0,67.05,68.5
279,2023,90133,六安,六安市公安局,人民警察,本科,不限,1.0,9.0,63.3,65.75
280,2023,90134,六安,六安市公安局,人民警察,本科,法学类,1.0,8.0,62.54,63.85
281,2023,90135,六安,六安市公安局,网络安全管理★,本科,软件工程专业、网络工程专业、网络安全与执法专业、信息安全专业、数据科学与大数据技术专业、计算机科学与技术专业,2.0,37.0,67.68,70.88
282,2023,90136,六安,六安市公安局,刑事技术★,本科,化学类、物理学类、生物科学类,1.0,46.0,73.2,74.5
283,2023,90137,六安,六安市公安局,人民警察,本科,化学类、弹药工程与爆炸技术专业,1.0,17.0,65.45,68.21
284,2023,90138,六安,六安市公安局,人民警察,本科,汉语言文学专业、汉语言专业、新闻学专业,2.0,28.0,65.3,68.16
285,2023,90139,六安,金寨县公安局,人民警察,本科,不限,3.0,54.0,66.93,70.12
286,2023,90140,六安,金寨县公安局,人民警察,专科,不限,6.0,232.0,63.44,70.38
287,2023,90141,六安,金寨县公安局,人民警察,专科,研究生：公安学（一级学科）、公安技术（一级学科）；本科：侦查学专业、治安学专业、交通管理工程专业、刑事科学技术专业、网络安全与执法专业、警务指挥与战术专业；专科：刑事侦查专业、治安管理专业、交通管理专业、刑事科学技术专业、信息网络安全监察专业、警察指挥与战术专业、特警专业,4.0,19.0,60.45,69.67
288,2023,90142,六安,金寨县公安局,人民警察,本科,不限,2.0,13.0,61.16,65.1
289,2023,90143,六安,舒城县公安局,刑事技术★,本科,计算机类、刑事科学技术专业、物理学专业,2.0,39.0,69.9,73.35
290,2023,90144,六安,舒城县公安局,人民警察,本科,不限,2.0,45.0,67.1,74.03
291,2023,90145,六安,舒城县公安局,人民警察,专科,不限,5.0,92.0,63.96,70.08
292,2023,90146,六安,舒城县公安局,人民警察,专科,研究生：公安学（一级学科）、公安技术（一级学科）；本科：侦查学专业、治安学专业、交通管理工程专业、刑事科学技术专业、网络安全与执法专业、警务指挥与战术专业；专科：刑事侦查专业、治安管理专业、交通管理专业、刑事科学技术专业、信息网络安全监察专业、警察指挥与战术专业、特警专业,1.0,5.0,54.39,69.97
293,2023,90147,六安,舒城县公安局,人民警察,专科,不限,2.0,32.0,61.51,64.86
294,2023,90148,六安,霍山县公安局,法医★,本科,法医学类、临床医学专业,1.0,8.0,70.6,72.15
295,2023,90149,六安,霍山县公安局,信息通信★,本科,计算机类,2.0,21.0,65.87,74.11
296,2023,90150,六安,霍山县公安局,人民警察,本科,会计学专业、会计专业、财务管理专业、审计学专业,2.0,22.0,66.17,70.5
297,2023,90151,六安,霍山县公安局,人民警察,本科,汉语言文学专业、汉语言专业、新闻学专业,1.0,4.0,61.27,65.18
298,2023,90152,六安,霍山县公安局,人民警察,本科,不限,1.0,9.0,61.89,65.85
299,2023,90153,六安,霍邱县公安局,人民警察,本科,法学类,2.0,23.0,61.03,66.9
300,2023,90154,六安,霍邱县公安局,人民警察,本科,法学类,2.0,28.0,64.67,72.23
301,2023,90155,六安,霍邱县公安局,网络安全管理★,本科,计算机类,2.0,23.0,67.16,73.14
302,2023,90156,六安,霍邱县公安局,人民警察,本科,新闻传播学类,1.0,9.0,61.94,66.09
303,2023,90157,六安,霍邱县公安局,人民警察,本科,土木工程专业、建筑学专业、工程管理专业,1.0,14.0,65.79,68.77
304,2023,90158,六安,霍邱县公安局,人民警察,本科,金融学专业、会计学专业、会计专业、审计学专业,1.0,10.0,68.61,69.77
305,2023,90159,六安,霍邱县公安局,人民警察,专科,不限,2.0,65.0,66.17,69.42
306,2023,90160,六安,霍邱县公安局,人民警察,专科,研究生：公安学（一级学科）、公安技术（一级学科）；本科：侦查学专业、治安学专业、交通管理工程专业、刑事科学技术专业、网络安全与执法专业、警务指挥与战术专业；专科：刑事侦查专业、治安管理专业、交通管理专业、刑事科学技术专业、信息网络安全监察专业、警察指挥与战术专业、特警专业,2.0,10.0,53.6,70.19
307,2023,90161,六安,霍邱县公安局,人民警察,专科,不限,2.0,27.0,62.54,74.23
308,2023,90162,六安,六安市中级人民法院,法官助理,本科,法学类,1.0,11.0,70.2,72.0
309,2023,90163,六安,六安市金安区人民法院,法官助理,本科,法学类,3.0,17.0,66.15,75.4
310,2023,90164,六安,六安市金安区人民法院,法官助理,本科,法学类,1.0,6.0,68.0,69.5
311,2023,90165,六安,六安市裕安区人民法院,法官助理,本科,法学类,3.0,14.0,69.35,74.9
312,2023,90166,六安,霍邱县人民法院,法官助理,本科,法学类（不含特设专业）,2.0,2.0,62.1,69.9
313,2023,90167,六安,霍邱县人民法院,综合文字,本科,法学类、政治学类、中国语言文学类、新闻传播学类,1.0,14.0,71.75,73.2
314,2023,90168,六安,霍邱县人民法院,综合文字,本科,不限,1.0,8.0,68.95,72.0
315,2023,90169,六安,霍邱县人民法院,司法警察,专科,不限,1.0,21.0,62.4,71.45
316,2023,90170,六安,金寨县人民法院,司法警察,专科,不限,1.0,50.0,69.05,71.15
317,2023,90171,六安,金寨县人民法院,司法警察,专科,不限,1.0,23.0,64.75,66.2
318,2023,90172,六安,金寨县人民法院,财务管理,本科,会计学专业、会计专业、财务管理专业、审计学专业,1.0,29.0,65.55,68.62
319,2023,90173,六安,金寨县人民法院,法官助理,本科,法学类（不含特设专业）,2.0,9.0,62.8,70.5
320,2023,90174,六安,霍山县人民法院,法官助理,本科,法学类（不含特设专业）,4.0,12.0,58.3,71.35
321,2023,90175,六安,霍山县人民法院,综合业务,本科,法学类,1.0,7.0,61.8,65.6
322,2023,90176,六安,霍山县人民法院,司法警察,专科,不限,1.0,12.0,61.15,63.6
323,2023,90177,六安,舒城县人民法院,法官助理,本科,法学类（不含特设专业）,4.0,12.0,62.3,75.15
324,2023,90178,六安,舒城县人民法院,综合文字,本科,中国语言文学类、新闻传播学类,1.0,24.0,71.85,81.2
325,2023,90179,六安,舒城县人民法院,综合文字,本科,不限,1.0,8.0,65.9,67.9
326,2023,90180,六安,霍邱县人民检察院,检察官助理,本科,法学类(不含特设专业),1.0,3.0,58.75,70.85
327,2023,90181,六安,霍邱县人民检察院,检察官助理,本科,法学类(不含特设专业),1.0,4.0,68.15,71.35
328,2023,90182,六安,舒城县人民检察院,检察官助理,本科,法学类(不含特设专业),2.0,6.0,67.0,73.7
329,2023,90183,六安,舒城县人民检察院,检察官助理,本科,法学类(不含特设专业),1.0,3.0,63.35,64.35
330,2023,90184,六安,舒城县人民检察院,司法行政人员,本科,不限,1.0,11.0,70.9,72.3
331,2023,90185,六安,金寨县人民检察院,检察官助理,本科,法学类(不含特设专业),1.0,20.0,63.15,64.05
332,2023,90186,六安,金寨县人民检察院,检察官助理,本科,法学类(不含特设专业),1.0,7.0,67.4,69.0
333,2023,90187,六安,金寨县人民检察院,检察官助理,本科,法学类(不含特设专业),1.0,4.0,68.45,72.35
334,2023,90188,六安,金寨县人民检察院,司法行政人员,本科,中国语言文学类、新闻传播学类、行政管理专业,1.0,42.0,69.85,74.6
335,2023,90189,六安,金寨县人民检察院,司法行政人员,本科,不限,1.0,12.0,69.95,72.35
336,2023,90190,六安,霍山县人民检察院,检察官助理,本科,法学类(不含特设专业),2.0,8.0,61.5,70.45
337,2023,90191,六安,六安市金安区人民检察院,检察官助理,本科,法学类(不含特设专业),1.0,9.0,68.55,71.3
338,2023,90192,六安,六安市金安区人民检察院,司法行政人员,本科,计算机类,1.0,69.0,73.67,76.37
339,2023,90193,六安,六安市金安区人民检察院,司法行政人员,本科,法学类、秘书学专业,1.0,73.0,70.65,72.75
340,2023,90194,六安,六安市裕安区人民检察院,检察官助理,本科,法学类(不含特设专业),1.0,7.0,69.0,72.65
341,2023,90195,六安,六安市裕安区人民检察院,检察官助理,本科,法学类(不含特设专业),1.0,8.0,67.95,75.1
342,2023,90196,六安,六安市叶集区人民检察院,检察官助理,本科,法学类(不含特设专业),2.0,5.0,64.35,72.55
343,2023,90197,六安,六安市叶集区人民检察院,司法行政人员,本科,会计学专业、会计专业、财务管理专业、审计学专业,1.0,29.0,64.76,68.03
344,2023,90198,六安,金安区乡镇机关,乡镇管理,专科,不限,5.0,93.0,68.4,75.15
345,2023,90199,六安,金安区乡镇机关,乡镇管理,专科,不限,4.0,109.0,67.8,71.2
346,2023,90200,六安,金安区乡镇机关,乡镇管理,专科,不限,4.0,273.0,70.15,73.0
347,2023,90201,六安,金安区乡镇机关,乡镇管理,专科,不限,3.0,95.0,68.95,78.6
348,2023,90202,六安,裕安区乡镇机关,乡镇管理,本科,不限,3.0,29.0,67.85,72.05
349,2023,90203,六安,裕安区乡镇机关,乡镇管理,本科,不限,5.0,330.0,71.45,77.3
350,2023,90204,六安,裕安区乡镇机关,乡镇管理,本科,不限,7.0,213.0,69.65,76.45
351,2023,90205,六安,裕安区乡镇机关,乡镇管理,本科,不限,3.0,125.0,70.45,76.6
352,2023,90206,六安,裕安区乡镇机关,乡镇管理,专科,不限,5.0,408.0,71.05,76.55
353,2023,90207,六安,叶集区乡镇机关,乡镇管理,专科,不限,2.0,117.0,70.65,74.05
354,2023,90208,六安,叶集区乡镇机关,人武专干,专科,人民武装专业（退役军人报考可不限专业）,1.0,41.0,61.44,63.29
355,2023,90209,六安,叶集区乡镇机关,乡镇管理,本科,不限,1.0,35.0,67.55,69.1
356,2023,90210,六安,叶集区乡镇机关,乡镇管理,本科,不限,2.0,15.0,67.8,72.35
357,2023,90211,六安,叶集区乡镇机关,乡镇管理,专科,不限,3.0,159.0,68.35,75.6
358,2023,90212,六安,霍邱县乡镇机关,乡镇管理,专科,不限,6.0,46.0,62.15,70.9
359,2023,90213,六安,霍邱县乡镇机关,乡镇管理,专科,不限,7.0,56.0,63.75,70.85
360,2023,90214,六安,霍邱县乡镇机关,乡镇管理,专科,不限,4.0,192.0,69.8,77.05
361,2023,90215,六安,霍邱县乡镇机关,乡镇管理,专科,不限,7.0,322.0,69.0,74.55
362,2023,90216,六安,霍邱县乡镇机关,乡镇管理,本科,不限,4.0,107.0,66.1,74.55
363,2023,90217,六安,霍邱县乡镇机关,乡镇管理,专科,不限,7.0,119.0,67.95,72.2
364,2023,90218,六安,霍邱县乡镇机关,乡镇管理,专科,不限,6.0,116.0,66.9,77.45
365,2023,90219,六安,霍邱县乡镇机关,人武专干,专科,不限,1.0,14.0,54.79,63.97
366,2023,90220,六安,舒城县乡镇机关,乡镇管理,本科,理学门类、金融学类、经济与贸易类、电子信息类,1.0,60.0,70.25,74.75
367,2023,90221,六安,舒城县乡镇机关,乡镇管理,专科,不限,5.0,56.0,63.6,71.9
368,2023,90222,六安,舒城县乡镇机关,乡镇管理,专科,不限,6.0,160.0,68.9,74.7
369,2023,90223,六安,舒城县乡镇机关,乡镇管理,专科,不限,7.0,369.0,71.5,77.65
370,2023,90224,六安,舒城县乡镇机关,乡镇管理,专科,不限,4.0,189.0,70.35,74.15
371,2023,90225,六安,舒城县乡镇机关,乡镇管理,专科,不限,4.0,178.0,71.2,75.7
372,2023,90226,六安,舒城县乡镇机关,乡镇管理,专科,不限,3.0,78.0,70.1,76.65
373,2023,90227,六安,舒城县乡镇机关,人武专干,专科,人民武装专业（退役军人报考可不限专业）,1.0,33.0,63.31,66.89
374,2023,90228,六安,金寨县乡镇机关,乡镇管理,专科,不限,4.0,194.0,70.45,73.4
375,2023,90229,六安,金寨县乡镇机关,乡镇管理,专科,不限,3.0,24.0,62.45,68.65
376,2023,90230,六安,金寨县乡镇机关,乡镇管理,专科,不限,6.0,123.0,67.15,83.6
377,2023,90231,六安,金寨县乡镇机关,乡镇管理,专科,不限,3.0,158.0,67.1,70.8
378,2023,90232,六安,金寨县乡镇机关,人武专干,专科,人民武装专业（退役军人报考可不限专业）,1.0,31.0,64.45,69.6
379,2023,90233,六安,霍山县乡镇机关,乡镇管理,专科,不限,2.0,15.0,67.0,73.55
380,2023,90234,六安,霍山县乡镇机关,乡镇管理,专科,不限,4.0,95.0,66.85,70.85
381,2023,90235,六安,霍山县乡镇机关,乡镇管理,专科,不限,3.0,71.0,69.3,72.05
382,2023,90236,六安,霍山县乡镇机关,乡镇管理,专科,不限,3.0,189.0,69.5,72.7
383,2023,90237,六安,金安区乡镇机关,乡镇管理,高中（中专）,不限,1.0,0.0,,
384,2023,90238,六安,裕安区乡镇机关,乡镇管理,高中（中专）,不限,2.0,0.0,,
385,2023,90239,六安,叶集区乡镇机关,乡镇管理,高中（中专）,不限,1.0,0.0,,
386,2023,90240,六安,霍邱县乡镇机关,乡镇管理,高中（中专）,不限,1.0,0.0,,
387,2023,10001,合肥,合肥市人大常委会办公室,机关综合,本科,中国语言文学类、法学类,2.0,133.0,75.1,77.5
388,2023,10002,合肥,合肥市纪委监委派驻纪检监察机构,纪检监察,本科,法学类,1.0,32.0,75.7,76.55
389,2023,10003,合肥,合肥市纪委监委派驻纪检监察机构,纪检监察,本科,法学类,1.0,19.0,69.5,70.7
390,2023,10004,合肥,合肥市纪委监委派驻纪检监察机构,纪检监察,研究生,计算机类,1.0,66.0,72.33,78.44
391,2023,10005,合肥,合肥市纪委监委派驻纪检监察机构,纪检监察,本科,侦查学专业、经济犯罪侦查专业、技术侦查学专业、犯罪学专业、公安情报学专业,2.0,18.0,70.8,76.15
392,2023,10006,合肥,中共合肥市委宣传部,文化产业规划管理,本科,经济学类、文化产业管理专业,1.0,44.0,70.85,72.35
393,2023,10007,合肥,中共合肥市委统一战线工作部,综合文字,本科,中国语言文学类、新闻传播学类,1.0,76.0,73.8,75.95
394,2023,10008,合肥,中共合肥市委市直机关工作委员会,综合文字,本科,哲学专业、汉语言文学专业、汉语言专业、思想政治教育专业、马克思主义理论专业、新闻学专业,1.0,116.0,72.35,74.6
395,2023,10009,合肥,中共合肥市委老干部局,机关综合,本科,中国语言文学类、新闻传播学类、工商管理类,1.0,364.0,76.8,79.25
396,2023,10010,合肥,合肥市文明办,文明创建管理,本科,公共管理类、中国语言文学类、新闻传播学类、教育学类、计算机类、哲学类、法学类、历史学类、城乡规划专业,1.0,368.0,75.8,79.5
397,2023,10011,合肥,民盟合肥市委,机关综合,本科,不限,1.0,425.0,76.3,78.15
398,2023,10012,合肥,民建合肥市委,机关综合,本科,不限,1.0,27.0,74.7,76.35
399,2023,10013,合肥,合肥市工商业联合会,经济管理,本科,经济学类、经济与金融专业、工商管理专业,1.0,271.0,74.0,75.95
400,2023,10014,合肥,合肥市人民政府办公室,机关综合,本科,经济学门类、中国语言文学类、新闻传播学类、建筑类、统计学类、法学类,2.0,111.0,73.7,77.3
401,2023,10015,合肥,合肥市发展和改革委员会,宏观经济发展研究,本科,金融学类、统计学类,2.0,140.0,73.85,77.45
402,2023,10016,合肥,合肥市发展和改革委员会,高新技术产业发展研究,本科,生物工程类、能源动力类、航空航天类,2.0,117.0,74.45,77.85
403,2023,10017,合肥,合肥市发展和改革委员会,城市更新研究,本科,土木类、建筑类、交通运输类,2.0,251.0,75.1,77.2
404,2023,10018,合肥,合肥市经济和信息化局,经济综合分析,本科,经济学门类、统计学类,1.0,86.0,76.15,77.6
405,2023,10019,合肥,合肥市经济和信息化局,产业发展分析,本科,机械类、材料类、电气类、电子信息类、自动化类、计算机类、化工与制药类、生物医学工程类、生物工程类、工业工程类,3.0,609.0,74.45,78.35
406,2023,10020,合肥,合肥市经济和信息化局,综合文字,本科,经济学门类、汉语言文学专业、新闻学专业、哲学专业,2.0,123.0,74.0,77.5
407,2023,10021,合肥,合肥市公安局,人民警察,本科,法学类,5.0,85.0,64.67,73.66
408,2023,10022,合肥,合肥市公安局,人民警察,本科,法学类,1.0,2.0,60.62,68.22
409,2023,10023,合肥,合肥市公安局,人民警察,本科,新闻传播学类,1.0,16.0,65.34,68.85
410,2023,10024,合肥,合肥市公安局,信息通信★,本科,计算机科学与技术专业、软件工程专业、数字媒体技术专业、数据科学与大数据技术专业、信息安全专业、网络空间安全专业、网络工程专业,4.0,173.0,68.27,75.8
411,2023,10025,合肥,合肥市公安局,信息通信★,本科,计算机科学与技术专业、软件工程专业、数字媒体技术专业、数据科学与大数据技术专业、信息安全专业、网络空间安全专业、网络工程专业,1.0,50.0,69.54,74.0
412,2023,10026,合肥,合肥市公安局,信息通信★,本科,电子信息工程专业、电子科学与技术专业、通信工程专业、微电子科学与工程专业、光电信息科学与工程专业、信息工程专业、电子信息科学与技术专业、电信工程及管理专业,3.0,149.0,67.68,71.8
413,2023,10027,合肥,合肥市公安局,金融财会★,本科,金融学类,3.0,88.0,68.18,71.27
414,2023,10028,合肥,合肥市公安局,金融财会★,本科,金融学类,1.0,3.0,60.48,60.48
415,2023,10029,合肥,合肥市公安局,金融财会★,本科,会计学专业、会计专业、财务会计教育专业,2.0,98.0,69.32,71.46
416,2023,10030,合肥,合肥市公安局,金融财会★,本科,财务管理专业、审计学专业、资产评估专业,1.0,38.0,69.49,71.98
417,2023,10031,合肥,合肥市公安局,法医★,本科,法医学类,2.0,25.0,64.16,70.38
418,2023,10032,合肥,合肥市财政局,财政财务管理,本科,经济学门类,2.0,282.0,74.75,76.45
419,2023,10033,合肥,合肥市财政局,财政统计分析,本科,数学类,2.0,335.0,73.65,75.25
420,2023,10034,合肥,合肥市财政局,经济政策研究,研究生,经济学门类,2.0,285.0,76.1,79.05
421,2023,10035,合肥,合肥市财政局,综合文字,本科,中国语言文学类、新闻传播学类,1.0,68.0,74.75,78.2
422,2023,10036,合肥,合肥市财政局,机关综合,本科,不限,1.0,15.0,71.1,71.8
423,2023,10037,合肥,合肥市自然资源和规划局,自然资源管理,本科,土地资源管理专业、土木工程专业、测绘工程专业,3.0,487.0,74.25,78.45
424,2023,10038,合肥,合肥市自然资源和规划局,自然资源管理,本科,建筑类,2.0,240.0,74.3,77.25
425,2023,10039,合肥,合肥市生态环境局,环境管理,本科,法学类（不含特设专业）,1.0,13.0,67.21,71.37
426,2023,10040,合肥,合肥市生态环境局,环境管理,本科,化学类、生物科学类、环境科学与工程类、生物工程类、大气科学专业、材料化学专业、给排水科学与工程专业、水文与水资源工程专业、化学工程与工艺专业、农业资源与环境专业、资源循环科学与工程专业、化学工程与工业生物工程专业、地下水科学与工程专业、食品安全与检测专业,1.0,270.0,74.45,75.45
427,2023,10041,合肥,合肥市城乡建设局,消防设计审查验收,本科,建筑学专业、土木工程专业、安全工程专业、消防工程专业,1.0,159.0,76.3,79.15
428,2023,10042,合肥,合肥市交通运输局,交通运输工程建设管理,本科,土木、水利与交通工程专业、土木工程专业、道路桥梁与渡河工程专业、港口航道与海岸工程专业、交通工程专业,1.0,156.0,76.0,78.15
429,2023,10043,合肥,合肥市交通运输局,交通运输管理,本科,交通运输专业、交通管理专业、物流管理专业、物流工程专业,1.0,286.0,75.5,75.95
430,2023,10044,合肥,合肥市交通运输局,机关综合,本科,法学类（不含特设专业）,1.0,59.0,73.25,74.6
431,2023,10045,合肥,合肥市交通运输局,档案管理,本科,图书情报与档案管理类,1.0,105.0,74.8,76.3
432,2023,10046,合肥,合肥市卫生健康委员会,卫生健康管理,本科,临床医学类、公共卫生与预防医学类,3.0,413.0,73.2,77.55
433,2023,10047,合肥,合肥市卫生健康委员会,机关综合,本科,社会学类、中国语言文学类、公共事业管理专业、行政管理专业,1.0,177.0,74.75,79.75
434,2023,10048,合肥,合肥市审计局,审计,本科,会计专业、会计学专业、审计学专业、金融学专业、财政学专业,1.0,56.0,72.96,78.74
435,2023,10049,合肥,合肥市审计局,审计,本科,软件工程专业、网络工程专业、空间信息与数字技术专业、电子与计算机工程专业,1.0,76.0,73.85,73.95
436,2023,10050,合肥,合肥市市场监督管理局,价格监管,本科,经济学类、财政学类、金融学类、会计学专业、财务管理专业、审计学专业,2.0,233.0,72.25,74.35
437,2023,10051,合肥,合肥市市场监督管理局,价格监管,本科,经济学类、财政学类、金融学类、会计学专业、财务管理专业、审计学专业,1.0,84.0,70.0,71.4
438,2023,10052,合肥,合肥市市场监督管理局,市场监管,本科,法学类,2.0,66.0,72.7,80.05
439,2023,10053,合肥,合肥市市场监督管理局,食品药品监管,本科,药学类、中药学类、化工与制药类、生物工程类、食品科学与工程类,1.0,117.0,71.4,75.95
440,2023,10054,合肥,合肥市市场监督管理局,食品药品监管,本科,药学类、中药学类、化工与制药类、生物工程类、食品科学与工程类,2.0,125.0,70.05,73.4
441,2023,10055,合肥,合肥市市场监督管理局,市场监管,本科,计算机类,1.0,82.0,73.92,79.1
442,2023,10056,合肥,合肥市市场监督管理局,特种设备监管,本科,机械类、仪器类、材料类、能源动力类、电气类、自动化类,1.0,128.0,71.6,71.75
443,2023,10057,合肥,合肥市市场监督管理局,市场监管,本科,不限,1.0,16.0,68.25,73.25
444,2023,10058,合肥,合肥市住房保障和房产管理局,财务管理,本科,会计学专业、财务管理专业、财务会计教育专业,1.0,130.0,71.6,76.62
445,2023,10059,合肥,合肥市住房保障和房产管理局,房地产市场监管,本科,建筑类、土木类,1.0,173.0,72.45,74.9
446,2023,10060,合肥,合肥市住房保障和房产管理局,信息宣传,本科,新闻学专业、传播学专业、网络与新媒体专业,1.0,91.0,73.0,74.8
447,2023,10061,合肥,合肥市体育局,行政管理,本科,中国语言文学类、哲学专业,1.0,54.0,74.0,75.2
448,2023,10062,合肥,合肥市林业和园林局,绿化管理,本科,林学类、建筑类,1.0,213.0,73.0,75.45
449,2023,10063,合肥,合肥高新技术产业开发区市场监督管理局,市场监管,本科,工学门类,1.0,160.0,67.8,69.15
450,2023,10064,合肥,合肥高新技术产业开发区市场监督管理局,市场监管,本科,工学门类、理学门类,1.0,202.0,71.85,72.95
451,2023,10065,合肥,合肥经济技术开发区市场监督管理局,机关综合,本科,政治学类、马克思主义理论类、中国语言文学类（不含手语翻译）,1.0,57.0,72.5,76.2
452,2023,10066,合肥,合肥经济技术开发区市场监督管理局,市场监管,本科,法学类,1.0,12.0,66.47,68.03
453,2023,10067,合肥,合肥经济技术开发区市场监督管理局,市场监管,本科,工学门类,1.0,203.0,71.5,73.45
454,2023,10068,合肥,合肥经济技术开发区市场监督管理局,食品安全监管,本科,食品科学与工程类,1.0,144.0,70.85,72.95
455,2023,10069,合肥,合肥经济技术开发区市场监督管理局,市场监管,本科,不限,1.0,10.0,66.4,67.0
456,2023,10070,合肥,合肥新站高新技术产业开发区市场监督管理局,市场监管,本科,药学类、生物医学工程类、化工与制药类、化妆品技术与工程专业,2.0,263.0,69.05,74.1
457,2023,10071,合肥,合肥新站高新技术产业开发区市场监督管理局,市场监管,本科,法学类（不含特设专业）,2.0,28.0,65.33,69.06
458,2023,10072,合肥,合肥新站高新技术产业开发区市场监督管理局,市场监管,本科,不限,1.0,6.0,66.25,71.85
459,2023,10073,合肥,安徽巢湖经济开发区市场监督管理局,市场监管,本科,工商管理类,1.0,137.0,70.95,71.45
460,2023,10074,合肥,中共合肥市委组织部党员电教中心,新媒体编辑,本科,新闻传播学类、影视摄影与制作专业,1.0,21.0,68.8,70.3
461,2023,10075,合肥,中共合肥市委党校（市行政学院）,财务管理,本科,会计学专业、会计专业、审计学专业、财务管理专业,1.0,135.0,76.11,77.28
462,2023,10076,合肥,中共合肥市委党校（市行政学院）,教学管理,本科,不限,1.0,28.0,72.3,75.75
463,2023,10077,合肥,合肥市社会科学界联合会（市委讲师团、市社科院）,经济管理研究,研究生,人口、资源与环境经济学（二级学科）、政治经济学（二级学科）、经济思想史（二级学科）、经济史（二级学科）、世界经济（二级学科）、国民经济学（二级学科）、区域经济学（二级学科）、产业经济学（二级学科）,1.0,59.0,73.4,75.85
464,2023,10078,合肥,合肥市社会科学界联合会（市委讲师团、市社科院）,理论研究,研究生,文艺学（二级学科）、语言学及应用语言学（二级学科）、中国古代文学（二级学科）、中国现当代文学（二级学科）、比较文学与世界文学（二级学科）、新闻学（二级学科）、传播学（二级学科）、马克思主义哲学（二级学科）、中国哲学（二级学科）、逻辑学（二级学科）、科学技术哲学（二级学科）,1.0,57.0,73.05,74.9
465,2023,10079,合肥,合肥市财政局财政国库支付中心,财政财务管理,本科,经济学门类,1.0,117.0,74.7,78.5
466,2023,10080,合肥,合肥市自然资源和规划局自然资源和规划监察支队,自然资源监察执法,本科,不限,1.0,15.0,66.7,72.3
467,2023,10081,合肥,合肥市自然资源和规划局自然资源和规划监察支队,自然资源监察执法,本科,测绘类,1.0,81.0,69.45,70.45
468,2023,10082,合肥,合肥市自然资源和规划局自然资源和规划监察支队,自然资源监察执法,本科,矿业类,1.0,63.0,69.6,74.6
469,2023,10083,合肥,合肥市自然资源和规划局自然资源和规划监察支队,自然资源监察执法,本科,建筑类、土地资源管理专业,1.0,45.0,71.45,73.75
470,2023,10084,合肥,合肥市自然资源和规划局自然资源和规划监察支队,自然资源监察执法,本科,地理科学类,1.0,92.0,71.25,72.45
471,2023,10085,合肥,合肥市自然资源和规划局自然资源和规划监察支队,自然资源监察执法,本科,中国语言文学类、新闻传播学类,1.0,62.0,70.15,72.55
472,2023,10086,合肥,合肥市生态环境局生态环境保护综合行政执法支队,环境执法,本科,核工程类、电磁场与无线技术专业,1.0,23.0,71.45,72.3
473,2023,10087,合肥,合肥市生态环境局生态环境保护综合行政执法支队,环境执法,本科,法学类（不含特设专业）,1.0,12.0,64.89,66.04
474,2023,10088,合肥,合肥市应急管理局应急管理综合行政执法支队,法制审核,本科,法学类（不含特设专业）,1.0,15.0,63.69,71.37
475,2023,10089,合肥,合肥市应急管理局应急管理综合行政执法支队,法制审核,本科,法学类（不含特设专业）,1.0,13.0,68.46,69.43
476,2023,10090,合肥,合肥市市场监督管理局市场监管综合行政执法支队,综合行政执法,本科,法学类（不含特设专业）,2.0,53.0,69.9,74.1
477,2023,10091,合肥,合肥市市场监督管理局市场监管综合行政执法支队,价格执法,本科,会计学专业、会计专业、审计学专业、财务管理专业,1.0,86.0,71.55,73.05
478,2023,10092,合肥,合肥市市场监督管理局市场监管综合行政执法支队,药品质量执法,本科,药学类,1.0,41.0,70.9,71.45
479,2023,10093,合肥,合肥市市场监督管理局市场监管综合行政执法支队,食品质量执法,本科,食品科学与工程类,1.0,55.0,70.4,74.3
480,2023,10094,合肥,合肥市市场监督管理局市场监管综合行政执法支队,产品质量执法,本科,机械类,1.0,85.0,70.7,74.0
481,2023,10095,合肥,合肥市市场监督管理局市场监管综合行政执法支队,综合行政执法,本科,不限,1.0,7.0,65.45,67.05
482,2023,10096,合肥,合肥市公共资源交易监督管理局市场执法监察支队,公共资源交易执法,本科,土木类、建筑类、水利类、交通运输类,2.0,230.0,72.0,73.9
483,2023,10097,合肥,合肥市中级人民法院,法官助理,本科,法学类（不含特设专业）,4.0,103.0,72.85,77.45
484,2023,10098,合肥,合肥市中级人民法院,司法警察,本科,法学类（不含特设专业）,2.0,32.0,66.65,67.85
485,2023,10099,合肥,合肥市中级人民法院,司法警察,本科,公安学类、汉语言文学专业、新闻学专业、人力资源管理专业,2.0,45.0,70.35,77.15
486,2023,10100,合肥,合肥市中级人民法院,司法警察,本科,法学类（不含特设专业）,1.0,13.0,68.9,69.5
487,2023,10101,合肥,合肥市人民检察院,检察官助理,研究生,宪法学与行政法学（二级学科）、刑法学（二级学科）、民商法学（二级学科）、诉讼法学（二级学科）、经济法学（二级学科）、环境与资源保护法学（二级学科）,5.0,48.0,69.8,74.7
488,2023,10102,合肥,合肥市人民检察院,检察官助理,研究生,宪法学与行政法学（二级学科）、刑法学（二级学科）、民商法学（二级学科）、诉讼法学（二级学科）、经济法学（二级学科）、环境与资源保护法学（二级学科）,2.0,5.0,62.45,70.05
489,2023,10103,合肥,合肥市人民检察院,司法行政人员,本科,中国语言文学类、新闻传播学类、哲学专业,2.0,133.0,71.75,75.7
490,2023,10104,合肥,合肥市人民检察院,司法行政人员,本科,不限,1.0,23.0,74.85,76.9
491,2023,10105,合肥,肥东县人民法院,法官助理1,本科,法学类（不含特设专业）,3.0,27.0,72.25,77.7
492,2023,10106,合肥,肥东县人民法院,法官助理2,本科,法学类（不含特设专业）,1.0,0.0,,
493,2023,10107,合肥,肥东县人民法院,司法警察,本科,法学类、公安学类,1.0,11.0,65.0,66.8
494,2023,10108,合肥,肥东县人民法院,司法行政人员,本科,中国语言文学类、新闻学专业,1.0,49.0,75.7,77.45
495,2023,10109,合肥,肥东县人民检察院,检察官助理,本科,法学类（不含特设专业）,1.0,9.0,71.1,73.65
496,2023,10110,合肥,肥东县人民检察院,司法行政人员,本科,计算机类,1.0,95.0,73.22,76.71
497,2023,10111,合肥,肥东县教育体育局,教育管理,本科,教育学专业、科学教育专业、人文教育专业,2.0,131.0,72.95,80.35
498,2023,10112,合肥,肥东县教育体育局,教育管理,本科,心理学类、心理健康教育专业,1.0,143.0,73.5,80.35
499,2023,10113,合肥,肥东县公安局,人民警察,本科,中国语言文学类、新闻传播学类,1.0,14.0,65.69,69.6
500,2023,10114,合肥,肥东县公安局,人民警察,本科,法学类,1.0,9.0,64.15,68.28
501,2023,10115,合肥,肥东县公安局,人民警察,本科,计算机科学与技术专业、软件工程专业、信息工程专业、网络工程专业、数据科学与大数据技术专业,1.0,22.0,64.53,68.99
502,2023,10116,合肥,肥东县公安局,人民警察,本科,土木工程专业、建筑学专业、工程管理专业,1.0,56.0,68.43,71.06
503,2023,10117,合肥,肥东县交通运输局,交通运输管理,本科,交通运输专业、交通工程专业、交通设备与控制工程专业,1.0,88.0,72.35,78.6
504,2023,10118,合肥,肥东县交通运输局,交通工程管理,本科,土木、水利与交通工程专业、土木工程专业、道路桥梁与渡河工程专业,1.0,90.0,74.75,76.3
505,2023,10119,合肥,肥东县农业农村局,农业管理,本科,植物保护专业、设施农业科学与工程专业、农药化肥专业、动植物检疫专业,2.0,108.0,72.65,79.85
506,2023,10120,合肥,肥东县商务局,商务运行管理,本科,经济统计学专业、国民经济管理专业、商务经济学专业,1.0,45.0,76.55,79.05
507,2023,10121,合肥,肥东县商务局,经贸管理,本科,经济与贸易类,1.0,95.0,72.1,76.1
508,2023,10122,合肥,肥东县卫生健康委员会,卫生健康管理,本科,临床医学专业、预防医学专业、中医学专业、妇幼保健医学专业,2.0,136.0,70.6,74.9
509,2023,10123,合肥,肥东县市场监督管理局,市场监管,本科,法学类,2.0,33.0,67.1,71.6
510,2023,10124,合肥,肥东县市场监督管理局,市场监管,本科,机械类,1.0,29.0,66.5,68.6
511,2023,10125,合肥,肥东县市场监督管理局,市场监管,专科,不限,1.0,10.0,64.7,67.1
512,2023,10126,合肥,肥西县人民法院,法官助理,本科,法学类（不含特设专业）,2.0,15.0,71.6,76.8
513,2023,10127,合肥,肥西县人民法院,法官助理,本科,法学类（不含特设专业）,1.0,3.0,,
514,2023,10128,合肥,肥西县人民法院,司法行政人员,本科,会计学专业、会计专业、审计学专业、财务管理专业,1.0,170.0,74.2,75.85
515,2023,10129,合肥,肥西县人民检察院,检察官助理,本科,法学类（不含特设专业）,3.0,64.0,72.8,78.2
516,2023,10130,合肥,肥西县人民检察院,检察官助理,本科,法学类（不含特设专业）,1.0,16.0,72.85,73.75
517,2023,10131,合肥,肥西县人民检察院,司法行政人员,本科,中国语言文学类、新闻传播学类,1.0,60.0,75.3,79.35
518,2023,10132,合肥,长丰县纪委监委,执纪监督监察,本科,法学类（不含特设专业）,1.0,13.0,64.77,66.28
519,2023,10133,合肥,长丰县纪委监委,机关综合,本科,不限,1.0,4.0,69.3,75.05
520,2023,10134,合肥,长丰县纪委监委,执纪监督监察,本科,会计学专业、会计专业、审计学专业、财务管理专业,1.0,94.0,76.35,79.05
521,2023,10135,合肥,长丰县纪委监委,机关综合,本科,中国语言文学类、新闻传播学类,1.0,36.0,73.9,76.9
522,2023,10136,合肥,长丰县纪委监委,执纪监督监察,本科,经济学类、金融学类,1.0,99.0,73.9,76.0
523,2023,10137,合肥,中共长丰县委办公室,机关综合,本科,经济学类、马克思主义理论类、中国语言文学类、哲学类,1.0,42.0,73.2,76.9
524,2023,10138,合肥,中共长丰县委宣传部,综合文字,本科,经济学类、公共管理类、哲学类、马克思主义理论类、中国语言文学类、新闻传播学类,1.0,51.0,74.05,76.05
525,2023,10139,合肥,中共长丰县委宣传部,舆情监管,本科,计算机类,1.0,49.0,71.52,73.58
526,2023,10140,合肥,长丰县妇女联合会,机关综合,本科,经济学类、法学类,1.0,38.0,73.75,81.95
527,2023,10141,合肥,长丰县人民法院,法官助理1,本科,法学类（不含特设专业）,3.0,15.0,68.95,72.8
528,2023,10142,合肥,长丰县人民法院,法官助理2,本科,法学类（不含特设专业）,1.0,1.0,,
529,2023,10143,合肥,长丰县人民法院,司法警察,本科,公安学类,1.0,4.0,60.35,68.9
530,2023,10144,合肥,长丰县人民检察院,检察官助理,本科,法学类（不含特设专业）,2.0,14.0,69.75,75.0
531,2023,10145,合肥,长丰县人民检察院,司法行政人员,本科,中国语言文学类、新闻传播学类,1.0,34.0,73.35,75.05
532,2023,10146,合肥,长丰县人民政府办公室,机关综合,本科,经济学类、公共管理类、中国语言文学类,1.0,56.0,74.15,75.9
533,2023,10147,合肥,长丰县教育体育局,机关综合,本科,会计学专业、会计专业、财务管理专业、工商管理专业,1.0,114.0,75.4,78.55
534,2023,10148,合肥,长丰县教育体育局,机关综合,本科,计算机类、电子信息类,1.0,45.0,75.08,76.2
535,2023,10149,合肥,长丰县公安局,人民警察,本科,中国语言文学类、新闻传播学类,1.0,6.0,65.73,69.03
536,2023,10150,合肥,长丰县公安局,人民警察,本科,金融学类、经济与贸易类,1.0,32.0,67.23,69.31
537,2023,10151,合肥,长丰县公安局,法医★,本科,法医学类,1.0,9.0,68.98,69.51
538,2023,10152,合肥,长丰县公安局,人民警察,本科,电子信息工程专业、通信工程专业、信息工程专业,1.0,21.0,67.19,72.06
539,2023,10153,合肥,长丰县公安局,人民警察,本科,网络安全与执法专业、网络工程专业、网络空间安全专业,1.0,10.0,67.94,69.12
540,2023,10154,合肥,长丰县财政局,财务管理,本科,会计学专业、会计专业、财务管理专业、财政学专业、审计学专业、金融学专业,1.0,59.0,70.43,71.86
541,2023,10155,合肥,长丰县财政局,机关综合,本科,不限,1.0,3.0,70.8,72.2
542,2023,10156,合肥,长丰县人力资源和社会保障局,信息管理,本科,电子信息类、计算机类,1.0,46.0,71.27,74.48
543,2023,10157,合肥,长丰县人力资源和社会保障局,机关综合,本科,不限,1.0,4.0,69.1,74.7
544,2023,10158,合肥,长丰县人力资源和社会保障局,综合文字,本科,社会学类、中国语言文学类、新闻传播学类,1.0,49.0,73.45,78.8
545,2023,10159,合肥,长丰县自然资源和规划局,规划管理,本科,建筑学专业、城乡规划专业、城市设计专业,1.0,58.0,74.7,77.4
546,2023,10160,合肥,长丰县自然资源和规划局,机关综合,本科,不限,1.0,4.0,62.35,66.95
547,2023,10161,合肥,长丰县自然资源和规划局,规划管理,本科,公共管理类、地理科学类,1.0,101.0,75.6,77.95
548,2023,10162,合肥,长丰县自然资源和规划局,规划管理,本科,法学类,1.0,17.0,70.8,72.25
549,2023,10163,合肥,长丰县农业农村局,农业工程建设管理,本科,农学门类、农业工程类、土木类、水利类,1.0,118.0,73.15,76.4
550,2023,10164,合肥,长丰县农业农村局,乡村建设,本科,电子信息类,1.0,55.0,73.5,75.95
551,2023,10165,合肥,长丰县农业农村局,机关综合,本科,不限,1.0,8.0,69.0,75.0
552,2023,10166,合肥,长丰县卫生健康委员会,医政医管,本科,临床医学专业、预防医学专业、公共事业管理专业,1.0,46.0,70.9,73.7
553,2023,10167,合肥,长丰县卫生健康委员会,公共卫生,本科,预防医学专业、妇幼保健医学专业、卫生监督专业,1.0,32.0,65.4,70.5
554,2023,10168,合肥,长丰县卫生健康委员会,综合文字,专科,不限,1.0,44.0,70.25,71.0
555,2023,10169,合肥,长丰县应急管理局,安全生产监管,本科,安全科学与工程类,1.0,36.0,67.95,70.9
556,2023,10170,合肥,长丰县应急管理局,安全生产监管,本科,化学类,1.0,52.0,71.05,72.55
557,2023,10171,合肥,长丰县应急管理局,安全生产监管,本科,不限,1.0,3.0,62.05,68.8
558,2023,10172,合肥,长丰县城市管理局,信息技术,本科,电子信息类、计算机类,1.0,48.0,68.12,71.99
559,2023,10173,合肥,长丰县市场监督管理局,市场监督,本科,法学类（不含特设专业）,1.0,26.0,66.35,69.65
560,2023,10174,合肥,长丰县市场监督管理局,市场监督,本科,会计学专业、会计专业、财务管理专业、财政学专业,1.0,76.0,69.45,74.15
561,2023,10175,合肥,长丰县市场监督管理局,市场监督,本科,机械类、电气类,1.0,43.0,72.0,72.65
562,2023,10176,合肥,长丰县市场监督管理局,市场监督,本科,不限,1.0,14.0,63.0,63.0
563,2023,10177,合肥,长丰县市场监督管理局,市场监督,本科,经济与贸易类、知识产权专业,1.0,39.0,71.7,74.3
564,2023,10178,合肥,长丰县市场监督管理局,网络交易监督,本科,电子信息类、计算机类（不含特设专业）,1.0,48.0,69.21,70.66
565,2023,10179,合肥,长丰县市场监督管理局,食品监督,本科,食品科学与工程类,1.0,23.0,70.45,71.25
566,2023,10180,合肥,长丰县住房建设和保障局,建设管理,本科,土木工程专业、给排水科学与工程专业、城市地下空间工程专业、道路桥梁与渡河工程专业,1.0,47.0,73.05,79.55
567,2023,10181,合肥,长丰县住房建设和保障局,建设管理,本科,不限,1.0,6.0,67.7,69.9
568,2023,10182,合肥,庐江县人民法院,法官助理1,本科,法学类（不含特设专业）,4.0,18.0,68.0,75.4
569,2023,10183,合肥,庐江县人民法院,法官助理2,本科,法学类（不含特设专业）,1.0,3.0,70.8,71.9
570,2023,10184,合肥,庐江县人民检察院,检察官助理,本科,法学类（不含特设专业）,2.0,12.0,70.4,74.55
571,2023,10185,合肥,庐江县人民检察院,检察官助理,本科,法学类（不含特设专业）,1.0,4.0,67.8,70.3
572,2023,10186,合肥,庐江县人民检察院,司法行政人员,本科,不限,1.0,4.0,66.65,68.05
573,2023,10187,合肥,庐江县纪委监委,纪检监察,本科,侦查学专业、经济犯罪侦查专业、犯罪学专业、技术侦查学专业,2.0,2.0,59.4,63.3
574,2023,10188,合肥,庐江县教育体育局,机关综合,本科,教育学类、中国语言文学类、经济学类、政治学类、马克思主义理论类、社会学类,2.0,164.0,71.15,73.25
575,2023,10189,合肥,庐江县教育体育局,机关综合,本科,不限,1.0,6.0,66.85,71.1
576,2023,10190,合肥,庐江县司法局,司法助理,本科,法学类,3.0,35.0,65.51,71.31
577,2023,10191,合肥,庐江县财政局,财政管理,本科,财政学专业、经济学专业、金融学专业、会计学专业、财务管理专业,1.0,55.0,66.89,71.76
578,2023,10192,合肥,庐江县人力资源和社会保障局,机关综合,本科,不限,1.0,3.0,69.15,69.6
579,2023,10193,合肥,庐江县统计局,机关综合,本科,经济学类、统计学类、计算机类,1.0,110.0,72.55,76.75
580,2023,10194,合肥,庐江县市场监督管理局,食品药品监管,本科,食品科学与工程类、药学专业、中药学专业,2.0,90.0,69.85,72.95
581,2023,10195,合肥,庐江县市场监督管理局,市场监管,本科,金融学专业、国际经济与贸易专业、财务管理专业、会计学专业,1.0,83.0,70.5,77.6
582,2023,10196,合肥,庐江县市场监督管理局,市场监管,本科,知识产权专业、汉语言文学专业、新闻学专业、法学专业,1.0,51.0,68.9,72.0
583,2023,10197,合肥,庐江县市场监督管理局,市场监管,本科,公共事业管理专业、劳动与社会保障专业、旅游管理专业,1.0,64.0,70.05,72.35
584,2023,10198,合肥,中共巢湖市委办公室,信息技术,本科,电子信息类、计算机类,1.0,54.0,69.16,71.06
585,2023,10199,合肥,中共巢湖市委办公室,机关综合,本科,经济学类、中国语言文学类、新闻传播学类、法学类（不含特设专业）,1.0,38.0,72.95,75.55
586,2023,10200,合肥,巢湖市纪委监委,纪检监察,本科,法学类（不含特设专业）,1.0,18.0,72.55,74.9
587,2023,10201,合肥,巢湖市纪委监委,纪检监察,本科,会计学专业、会计专业、审计学专业、财务管理专业,1.0,60.0,73.75,74.35
588,2023,10202,合肥,中共巢湖市委统一战线工作部,机关综合,本科,不限,1.0,286.0,74.8,78.6
589,2023,10203,合肥,巢湖市人民法院,法官助理1,本科,法学类（不含特设专业）,2.0,7.0,68.3,74.85
590,2023,10204,合肥,巢湖市人民法院,法官助理2,本科,法学类（不含特设专业）,1.0,0.0,,
591,2023,10205,合肥,巢湖市人民法院,司法行政人员,本科,计算机科学与技术专业、网络工程专业、电子与计算机工程专业,1.0,47.0,72.63,77.68
592,2023,10206,合肥,巢湖市人民政府办公室,综合文字,本科,中国语言文学类,1.0,27.0,71.75,73.6
593,2023,10207,合肥,巢湖市人民政府办公室,信息管理,本科,计算机类,1.0,42.0,71.87,72.89
594,2023,10208,合肥,巢湖市发展和改革委员会,经济规划,本科,经济学类、建筑类,1.0,63.0,74.5,76.2
595,2023,10209,合肥,巢湖市科学技术局,机关综合,本科,不限,1.0,6.0,69.1,72.85
596,2023,10210,合肥,巢湖市公安局,人民警察,专科,公安技术类、公安管理学专业、侦查学专业,2.0,21.0,63.32,66.33
597,2023,10211,合肥,巢湖市公安局,人民警察,专科,公安技术类、公安管理学专业、侦查学专业,1.0,13.0,61.1,64.53
598,2023,10212,合肥,巢湖市公安局,人民警察,本科,临床医学类,2.0,16.0,58.0,65.53
599,2023,10213,合肥,巢湖市公安局,人民警察,本科,法学类,4.0,18.0,55.95,68.61
600,2023,10214,合肥,巢湖市公安局,人民警察,本科,计算机类,5.0,80.0,67.51,71.67
601,2023,10215,合肥,巢湖市公安局,人民警察,本科,计算机类,2.0,32.0,66.6,71.52
602,2023,10216,合肥,巢湖市司法局,司法助理,本科,法学类,2.0,18.0,68.41,73.39
603,2023,10217,合肥,巢湖市财政局,财政管理,本科,经济学门类、会计学专业、财务管理专业,3.0,310.0,73.7,76.2
604,2023,10218,合肥,巢湖市人力资源和社会保障局,综合文字,本科,中国语言文学类、新闻传播学类,1.0,48.0,73.0,73.4
605,2023,10219,合肥,巢湖市人力资源和社会保障局,劳动保障,本科,法学类（不含特设专业）,1.0,8.0,66.41,79.63
606,2023,10220,合肥,巢湖市自然资源和规划局,土地资源管理,本科,土地资源管理专业、土地整治工程专业、自然地理与资源环境专业,1.0,44.0,74.45,76.05
607,2023,10221,合肥,巢湖市自然资源和规划局,矿产资源管理,本科,地质学专业、勘查技术与工程专业、资源勘查工程专业,1.0,50.0,73.85,74.75
608,2023,10222,合肥,巢湖市住房和城乡建设局,财务管理,本科,会计学专业、会计专业、审计学专业、财务管理专业,1.0,48.0,68.94,69.96
609,2023,10223,合肥,巢湖市审计局,审计监督,本科,会计学专业、会计专业、审计学专业、财政学专业,1.0,41.0,69.69,72.21
610,2023,10224,合肥,巢湖市城市管理局,机关综合,本科,不限,1.0,3.0,70.55,74.05
611,2023,10225,合肥,巢湖市统计局,统计分析,本科,统计学专业、会计学专业、财务管理专业、工商管理专业,1.0,92.0,75.3,77.7
612,2023,10226,合肥,巢湖市市场监督管理局,市场监管,本科,法学类、中国语言文学类、新闻传播学类,2.0,48.0,69.25,71.05
613,2023,10227,合肥,巢湖市市场监督管理局,市场监管,本科,化学类、化工与制药类、药学类、食品科学与工程类,1.0,64.0,73.0,73.95
614,2023,10228,合肥,巢湖市市场监督管理局,市场监管,本科,化学类、化工与制药类、药学类、食品科学与工程类,1.0,46.0,69.6,72.1
615,2023,10229,合肥,巢湖市市场监督管理局,市场监管,本科,机械类、计算机类、工商管理类,1.0,104.0,69.25,69.85
616,2023,10230,合肥,巢湖市市场监督管理局,市场监管,本科,机械类、计算机类、工商管理类,1.0,66.0,69.45,71.85
617,2023,10231,合肥,巢湖市市场监督管理局,市场监管,专科,不限,3.0,20.0,58.9,71.25
618,2023,10232,合肥,中共瑶海区纪律检查委员会机关,纪检监察,本科,法学门类,2.0,42.0,68.51,75.53
619,2023,10233,合肥,中共瑶海区委统一战线工作部,综合文字,本科,中国语言文学类、新闻传播学类,1.0,72.0,75.55,78.0
620,2023,10234,合肥,瑶海区人民法院,法官助理,本科,法学类（不含特设专业）,1.0,8.0,75.55,78.7
621,2023,10235,合肥,瑶海区人民检察院,司法行政人员,本科,中国语言文学类、新闻传播学类,1.0,68.0,73.4,79.8
622,2023,10236,合肥,瑶海区民政局,民生保障,本科,不限,1.0,10.0,71.85,76.5
623,2023,10237,合肥,瑶海区司法局,司法助理,本科,法学类（不含特设专业）　,4.0,109.0,65.72,70.7
624,2023,10238,合肥,瑶海区司法局,司法助理,本科,法学类（不含特设专业）,2.0,49.0,65.37,71.43
625,2023,10239,合肥,瑶海区司法局,机关综合,本科,法学类（不含特设专业）,1.0,27.0,71.39,72.14
626,2023,10240,合肥,瑶海区审计局,审计,本科,软件工程专业、网络工程专业、空间信息与数字技术专业、电子与计算机工程专业,1.0,72.0,70.86,75.36
627,2023,10241,合肥,瑶海区市场监督管理局,特种设备监管,本科,机械类,2.0,124.0,71.35,76.55
628,2023,10242,合肥,瑶海区市场监督管理局,特种设备监管,本科,机械类,2.0,101.0,68.25,71.9
629,2023,10243,合肥,瑶海区市场监督管理局,特种设备监管,本科,电气类,3.0,227.0,70.5,76.6
630,2023,10244,合肥,瑶海区市场监督管理局,市场监管,本科,不限,4.0,37.0,66.15,75.25
631,2023,10245,合肥,瑶海区市场监督管理局,药品监管,本科,药学类,1.0,33.0,66.9,71.65
632,2023,10246,合肥,瑶海区市场监督管理局,市场监管,本科,法学类,1.0,19.0,67.63,67.9
633,2023,10247,合肥,瑶海区市场监督管理局,市场监管,本科,经济学类、财务管理专业、会计学专业,1.0,183.0,71.45,73.8
634,2023,10248,合肥,庐阳区纪委监委派驻纪检监察机构,纪检监察,本科,法学类、计算机类、财务管理专业、会计学专业、审计学专业,1.0,115.0,77.2,79.15
635,2023,10249,合肥,庐阳区纪委监委派驻纪检监察机构,纪检监察,本科,侦查学专业、经济犯罪侦查专业、技术侦查学专业、犯罪学专业、公安情报学专业,1.0,2.0,60.15,63.85
636,2023,10250,合肥,庐阳区人民法院,法官助理1,本科,法学类（不含特设专业）,2.0,24.0,73.35,77.85
637,2023,10251,合肥,庐阳区人民法院,法官助理2,本科,法学类（不含特设专业）,2.0,26.0,74.15,78.85
638,2023,10252,合肥,庐阳区人民法院,司法行政人员,本科,中国语言文学类,1.0,54.0,74.25,75.85
639,2023,10253,合肥,庐阳区人民检察院,司法行政人员,本科,会计学专业、审计学专业、财务管理专业,1.0,115.0,74.37,74.6
640,2023,10254,合肥,庐阳区司法局,综合文字,本科,中国语言文学类（不含特设专业）、新闻传播学类（不含特设专业）,1.0,65.0,76.85,77.75
641,2023,10255,合肥,庐阳区司法局,司法助理,本科,法学类（不含特设专业）,1.0,16.0,69.65,72.45
642,2023,10256,合肥,庐阳区司法局,司法助理,本科,法学类（不含特设专业）,1.0,14.0,66.2,71.5
643,2023,10257,合肥,庐阳区司法局,司法助理,本科,法学类（不含特设专业）,1.0,15.0,71.9,73.7
644,2023,10258,合肥,庐阳区司法局,机关综合,本科,不限,1.0,9.0,72.65,75.6
645,2023,10259,合肥,庐阳区商务局,外贸商务,本科,经济与贸易类,1.0,128.0,76.4,78.2
646,2023,10260,合肥,庐阳区政务服务管理局,政务服务,本科,不限,1.0,3.0,74.1,76.25
647,2023,10261,合肥,庐阳区市场监督管理局,新闻宣传,本科,新闻传播学类（不含特设专业）,1.0,81.0,70.15,75.0
648,2023,10262,合肥,庐阳区市场监督管理局,综合文字,本科,中国语言文学类,1.0,42.0,69.8,74.7
649,2023,10263,合肥,庐阳区市场监督管理局,市场监管,本科,机械工程专业、机械设计制造及其自动化专业、电缆工程专业,5.0,279.0,71.0,74.15
650,2023,10264,合肥,庐阳区市场监督管理局,市场监管,本科,法学类（不含特设专业）,1.0,14.0,67.64,68.92
651,2023,10265,合肥,庐阳区市场监督管理局,市场监管,本科,知识产权专业、标准化工程专业、社会工作专业,1.0,74.0,70.3,71.3
652,2023,10266,合肥,庐阳区市场监督管理局,市场监管,本科,不限,2.0,17.0,65.45,73.85
653,2023,10267,合肥,蜀山区人民法院,法官助理1,本科,法学类（不含特设专业）,2.0,25.0,73.05,79.0
654,2023,10268,合肥,蜀山区人民法院,法官助理2,本科,法学类（不含特设专业）,1.0,4.0,67.05,71.05
655,2023,10269,合肥,蜀山区人民法院,法官助理3,本科,法学类（不含特设专业）,3.0,47.0,74.9,78.15
656,2023,10270,合肥,蜀山区人民法院,司法行政人员,本科,中国语言文学类,1.0,59.0,75.3,76.7
657,2023,10271,合肥,蜀山区人民检察院,检察官助理,本科,法学类（不含特设专业）,1.0,16.0,75.95,78.25
658,2023,10272,合肥,蜀山区人民检察院,检察官助理,本科,法学类（不含特设专业）,2.0,71.0,75.55,78.7
659,2023,10273,合肥,蜀山区司法局,司法助理,本科,法学类,1.0,22.0,68.5,73.75
660,2023,10274,合肥,包河区人民法院,法官助理1,本科,法学类（不含特设专业）,2.0,33.0,75.5,77.55
661,2023,10275,合肥,包河区人民法院,法官助理2,本科,法学类（不含特设专业）,2.0,26.0,72.9,78.35
662,2023,10276,合肥,包河区人民检察院,检察官助理,本科,法学类（不含特设专业）,3.0,69.0,74.2,78.85
663,2023,10277,合肥,肥东县乡镇机关,机关综合,专科,不限,6.0,760.0,72.3,79.5
664,2023,10278,合肥,肥东县乡镇机关,机关综合,本科,工商管理类,1.0,92.0,71.55,73.75
665,2023,10279,合肥,肥东县乡镇机关,机关综合,本科,公共管理类,1.0,43.0,71.35,72.3
666,2023,10280,合肥,肥东县乡镇机关,农村经济管理,本科,经济学类,3.0,73.0,72.55,78.7
667,2023,10281,合肥,肥东县乡镇机关,建筑规划,本科,建筑类,3.0,52.0,70.05,76.3
668,2023,10282,合肥,肥东县乡镇机关,建筑规划,本科,土木类,5.0,107.0,69.4,79.2
669,2023,10283,合肥,肥东县乡镇机关,综合文字,本科,中国语言文学类,1.0,26.0,71.0,74.05
670,2023,10284,合肥,肥东县乡镇机关,机关综合,专科,不限,7.0,54.0,65.3,74.0
671,2023,10285,合肥,肥东县乡镇机关,人武专干,专科,人民武装专业（退役军人报考可不限专业）,1.0,45.0,68.04,70.99
672,2023,10286,合肥,肥西县乡镇机关,经济管理,本科,经济学门类,3.0,125.0,73.55,77.0
673,2023,10287,合肥,肥西县乡镇机关,经济管理,本科,金融学类,2.0,100.0,72.9,76.4
674,2023,10288,合肥,肥西县乡镇机关,信息管理,本科,计算机类、电子信息类,3.0,223.0,73.3,79.35
675,2023,10289,合肥,肥西县乡镇机关,信息管理,本科,计算机类、电子信息类,1.0,187.0,74.35,77.0
676,2023,10290,合肥,肥西县乡镇机关,建筑规划,本科,建筑类、土木类,4.0,231.0,72.8,76.9
677,2023,10291,合肥,肥西县乡镇机关,农业管理,本科,水利类、机械类、能源动力类,2.0,89.0,73.2,74.95
678,2023,10292,合肥,肥西县乡镇机关,建设管理,本科,工学门类,4.0,199.0,71.55,75.0
679,2023,10293,合肥,肥西县乡镇机关,财务管理,本科,会计学专业、会计专业、审计学专业、财务管理专业,2.0,66.0,67.28,73.52
680,2023,10294,合肥,肥西县乡镇机关,卫生健康管理,本科,公共卫生与预防医学类、药学类,2.0,71.0,70.15,74.65
681,2023,10295,合肥,肥西县乡镇机关,安全管理,本科,环境科学与工程类、安全科学与工程类,1.0,68.0,75.3,76.8
682,2023,10296,合肥,肥西县乡镇机关,农业管理,本科,农学门类,4.0,174.0,73.45,77.0
683,2023,10297,合肥,肥西县乡镇机关,机关综合,专科,不限,3.0,446.0,73.2,77.35
684,2023,10298,合肥,肥西县乡镇机关,机关综合,专科,不限,3.0,349.0,71.75,78.4
685,2023,10299,合肥,肥西县乡镇机关,机关综合,专科,不限,4.0,398.0,74.0,79.0
686,2023,10300,合肥,肥西县乡镇机关,机关综合,本科,不限,5.0,23.0,70.2,75.35
687,2023,10301,合肥,肥西县乡镇机关,机关综合,本科,不限,4.0,31.0,66.15,72.2
688,2023,10302,合肥,肥西县乡镇机关,人武专干,专科,不限,1.0,31.0,63.21,65.89
689,2023,10303,合肥,庐江县乡镇机关,建设管理,本科,建筑类、土木类,2.0,38.0,68.6,78.1
690,2023,10304,合肥,庐江县乡镇机关,建设管理,本科,建筑类、土木类、化学类,2.0,62.0,71.05,74.0
691,2023,10305,合肥,庐江县乡镇机关,建设管理,本科,不限,2.0,4.0,56.05,73.3
692,2023,10306,合肥,庐江县乡镇机关,经济管理,本科,经济学类、财政学类,2.0,40.0,71.9,75.85
693,2023,10307,合肥,庐江县乡镇机关,农业管理,本科,植物生产类,3.0,17.0,63.85,68.6
694,2023,10308,合肥,庐江县乡镇机关,矿产资源管理,本科,矿业类、地质类,3.0,39.0,67.15,73.55
695,2023,10309,合肥,庐江县乡镇机关,经济管理,本科,金融学类,2.0,58.0,71.7,77.6
696,2023,10310,合肥,庐江县乡镇机关,农业管理,本科,水利类,2.0,20.0,68.3,76.75
697,2023,10311,合肥,庐江县乡镇机关,信息技术,本科,电子信息类,2.0,52.0,72.2,79.4
698,2023,10312,合肥,庐江县乡镇机关,生态环保管理,本科,环境科学与工程类,5.0,77.0,69.4,77.45
699,2023,10313,合肥,庐江县乡镇机关,机关综合,本科,不限,5.0,20.0,62.45,78.15
700,2023,10314,合肥,庐江县乡镇机关,机关综合,专科,不限,5.0,321.0,71.6,76.1
701,2023,10315,合肥,庐江县乡镇机关,机关综合,专科,不限,4.0,265.0,71.15,73.6
702,2023,10316,合肥,庐江县乡镇机关,机关综合,本科,安全科学与工程类,2.0,29.0,68.5,75.1
703,2023,10317,合肥,庐江县乡镇机关,经济管理,本科,经济学类、经济与贸易类,2.0,63.0,71.25,75.75
704,2023,10318,合肥,庐江县乡镇机关,农业管理,本科,农业经济管理类,2.0,19.0,65.7,70.25
705,2023,10319,合肥,庐江县乡镇机关,经济管理,本科,电子商务类,2.0,69.0,70.75,77.3
706,2023,10320,合肥,庐江县乡镇机关,旅游管理,本科,旅游管理类,2.0,60.0,69.35,75.3
707,2023,10321,合肥,庐江县乡镇机关,人武专干,专科,人民武装专业（退役军人报考可不限专业）,1.0,29.0,63.14,71.39
708,2023,10322,合肥,巢湖市乡镇（街道）机关,规划建设,本科,土木类、测绘类、建筑类、水利类、地理科学类、环境科学与工程类、自然保护与环境生态类,5.0,199.0,71.2,79.6
709,2023,10323,合肥,巢湖市乡镇（街道）机关,综合文字,本科,中国语言文学类、新闻传播学类,3.0,76.0,72.35,78.35
710,2023,10324,合肥,巢湖市乡镇（街道）机关,综合管理,本科,公共管理类、旅游管理类、农业经济管理类、社会学类,4.0,188.0,73.8,78.55
711,2023,10325,合肥,巢湖市乡镇（街道）机关,人武专干,专科,人民武装专业（退役军人报考可不限专业）,1.0,47.0,65.84,72.57
712,2023,10326,合肥,巢湖市乡镇（街道）机关,机关综合,专科,不限,7.0,527.0,73.8,77.05
713,2023,10327,合肥,巢湖市乡镇（街道）机关,机关综合,本科,不限,5.0,9.0,65.15,72.5
714,2023,10328,合肥,巢湖市乡镇（街道）机关,机关综合,专科,不限,4.0,298.0,71.65,78.2
715,2023,10329,合肥,巢湖市乡镇（街道）机关,经济管理,本科,不限,3.0,3.0,63.5,70.7
716,2023,10330,合肥,巢湖市乡镇（街道）机关,党务工作,本科,不限,3.0,184.0,72.2,80.1
717,2023,10331,合肥,庐阳区乡镇（街道）机关,建设管理,本科,土木类,1.0,41.0,70.0,71.65
718,2023,10332,合肥,庐阳区乡镇（街道）机关,财务管理,本科,会计学专业、会计专业、审计学专业、财务管理专业,1.0,71.0,71.9,74.19
719,2023,10333,合肥,庐阳区乡镇（街道）机关,机关综合,专科,不限,1.0,232.0,73.3,75.75
720,2023,10334,合肥,蜀山区乡镇（街道）机关,机关综合,专科,不限,1.0,169.0,73.45,74.3
721,2023,10335,合肥,蜀山区乡镇（街道）机关,机关综合,本科,不限,1.0,7.0,68.9,77.55
722,2023,10336,合肥,蜀山区乡镇（街道）机关,机关综合,专科,不限,1.0,244.0,74.65,75.6
723,2023,10337,合肥,蜀山区乡镇（街道）机关,机关综合,本科,中国语言文学类,1.0,37.0,72.4,78.6
724,2023,10338,合肥,蜀山区乡镇（街道）机关,建设管理,本科,建筑类、土木工程专业、土地资源管理专业、城市管理专业,1.0,56.0,74.45,76.4
725,2023,10339,合肥,蜀山区乡镇（街道）机关,机关综合,专科,不限,1.0,31.0,69.3,69.6
726,2023,10340,合肥,蜀山区乡镇（街道）机关,机关综合,本科,文学门类,1.0,64.0,71.8,76.35
727,2023,10341,合肥,蜀山区乡镇（街道）机关,机关综合,本科,文学门类,1.0,62.0,77.05,80.05
728,2023,10342,合肥,蜀山区乡镇（街道）机关,机关综合,本科,不限,1.0,6.0,70.5,73.2
729,2023,10343,合肥,蜀山区乡镇（街道）机关,机关综合,本科,不限,1.0,7.0,66.85,75.1
730,2023,10344,合肥,蜀山区乡镇（街道）机关,机关综合,专科,不限,1.0,330.0,72.7,74.65
731,2023,10345,合肥,蜀山区乡镇（街道）机关,机关综合,专科,不限,1.0,196.0,73.75,77.25
732,2023,10346,合肥,包河区乡镇（街道）机关,综合文字,本科,中国语言文学类、新闻传播学类,2.0,88.0,73.2,75.4
733,2023,10347,合肥,包河区乡镇（街道）机关,社区管理,本科,社会学类,2.0,148.0,74.1,76.2
734,2023,10348,合肥,包河区乡镇（街道）机关,机械管理,本科,机械类,2.0,87.0,72.05,76.85
735,2023,10349,合肥,包河区乡镇（街道）机关,建设管理,本科,土木类、建筑类,2.0,75.0,71.25,78.7
736,2023,10350,合肥,包河区乡镇（街道）机关,经济管理,本科,经济学门类、管理学门类,4.0,561.0,75.35,80.05
737,2023,10351,合肥,包河区乡镇（街道）机关,法务管理,本科,法学类,2.0,33.0,68.94,76.54
738,2023,10352,合肥,包河区乡镇（街道）机关,信息管理,本科,计算机类、电子信息类,3.0,292.0,74.13,78.57
739,2023,10353,合肥,包河区乡镇（街道）机关,机关综合,专科,不限,6.0,1466.0,74.85,78.2
740,2023,10354,合肥,包河区乡镇（街道）机关,机关综合,本科,不限,5.0,53.0,72.0,77.55
741,2023,10355,合肥,肥东县乡镇机关,综合管理,高中（中专）,不限,2.0,0.0,,
742,2023,10356,合肥,肥西县乡镇机关,综合管理,高中（中专）,不限,1.0,0.0,,
743,2023,10357,合肥,庐江县乡镇机关,综合管理,高中（中专）,不限,2.0,0.0,,
744,2023,10358,合肥,巢湖市乡镇（街道）机关,综合管理,高中（中专）,不限,1.0,0.0,,
745,2023,10359,合肥,庐阳区乡镇（街道）机关,综合管理,高中（中专）,不限,1.0,0.0,,
746,2023,10360,合肥,蜀山区乡镇（街道）机关,社会管理,高中（中专）,不限,1.0,0.0,,
747,2023,10361,合肥,包河区乡镇（街道）机关,综合管理,高中（中专）,不限,2.0,0.0,,
748,2023,10362,合肥,合肥市公安局,突击,高中,不限,2.0,107.0,60.39,64.98
749,2023,10363,合肥,合肥市公安局,突击,高中,不限,2.0,108.0,56.59,62.36
750,2023,10364,合肥,合肥市公安局,狙击,高中,不限,2.0,80.0,52.21,59.14
751,2023,160001,安庆,中共安庆市委党校,综合文字,本科,中国语言文学类,1.0,45.0,71.45,73.25
752,2023,160002,安庆,中共安庆市委党校,教务信息管理,本科,计算机类,1.0,87.0,75.0,79.05
753,2023,160003,安庆,安庆市档案馆,档案管理,本科,不限,2.0,443.0,73.55,76.05
754,2023,160004,安庆,中共安庆市委党史和地方志研究室,史志编研,本科,历史学类,1.0,35.0,68.9,74.7
755,2023,160005,安庆,中共安庆市委党史和地方志研究室,史志编研,本科,政治学类、历史学专业、汉语言文学专业,1.0,32.0,72.4,76.35
756,2023,160006,安庆,中共安庆市委讲师团,理论教学研究,本科,马克思主义理论类、中国语言文学类、新闻传播学类,1.0,42.0,71.0,74.95
757,2023,160007,安庆,中共安庆市委老干部局市老年教育委员会（老年大学）工作处,教学行政管理,本科,中国语言文学类、新闻传播学类、教育学类、经济学类,1.0,62.0,70.75,71.2
758,2023,160008,安庆,中共安庆市委老干部局宜园老干部活动室,综合文字,本科,中国语言文学类、公共管理类,2.0,90.0,72.6,75.2
759,2023,160009,安庆,安庆市红十字会,综合文字,本科,不限,1.0,161.0,73.35,73.65
760,2023,160010,安庆,安庆市教育体育局市人民政府教育督导团工作处,财务管理,本科,财政学类、会计学专业、经济学专业、审计学专业、财务管理专业,1.0,32.0,66.96,68.44
761,2023,160011,安庆,安庆市教育体育局市人民政府教育督导团工作处,教育督导,本科,本科：教育学类、马克思主义理论类、中国语言文学类、历史学类、法学类、计算机类；硕士研究生：不限专业,1.0,121.0,71.95,73.1
762,2023,160012,安庆,安庆市财政局市财政国库支付中心,财务管理,本科,财政学类、会计学专业、财务管理专业、审计学专业,1.0,33.0,70.38,74.28
763,2023,160013,安庆,安庆市财政局市非税收入征收管理服务中心,财务管理,本科,财政学类、会计学专业、财务管理专业、审计学专业,1.0,28.0,68.69,74.75
764,2023,160014,安庆,安庆市医疗保障局市医疗保障基金管理中心,财务管理,本科,会计学专业、财务管理专业、审计学专业,1.0,21.0,66.77,68.36
765,2023,160015,安庆,中共桐城市纪律检查委员会桐城市监察委员会,监督检查,本科,法学类、会计学专业、审计学专业,2.0,46.0,69.0,74.6
766,2023,160016,安庆,中共桐城市纪律检查委员会桐城市监察委员会,文字综合,本科,中国语言文学类、新闻学专业,1.0,9.0,70.1,72.3
767,2023,160017,安庆,中共桐城市委组织部,党群服务,本科,经济学类、法学类、中国语言文学类、新闻传播学类,2.0,33.0,67.5,73.05
768,2023,160018,安庆,桐城市教育局,机关综合,本科,不限,2.0,13.0,64.4,73.5
769,2023,160019,安庆,桐城市科技经济信息化局,经济运行,本科,经济学门类,1.0,34.0,74.75,76.35
770,2023,160020,安庆,桐城市司法局,司法行政1,本科,法学类,4.0,25.0,62.94,68.8
771,2023,160021,安庆,桐城市司法局,司法行政2,本科,法学类、中国语言文学类,1.0,7.0,67.5,68.6
772,2023,160022,安庆,桐城市住房和城乡建设局,城乡建设,本科,法学类、土木类、工程造价专业,3.0,92.0,71.4,76.2
773,2023,160023,安庆,桐城市交通运输局,交通运输管理,本科,中国语言文学类、交通运输类,1.0,20.0,71.45,73.3
774,2023,160024,安庆,桐城市农业农村局,机关综合,本科,不限,1.0,2.0,68.85,72.9
775,2023,160025,安庆,桐城市农业农村局,农业管理,本科,植物生产类、环境科学与工程类、农业资源与环境专业,1.0,51.0,72.05,77.6
776,2023,160026,安庆,桐城市水利局,水利监管,本科,法学类、财务管理专业、公共事业管理专业、应急管理专业,1.0,27.0,71.15,75.6
777,2023,160027,安庆,桐城市商务局,经济管理,本科,经济学类、中国语言文学类,3.0,57.0,70.65,73.8
778,2023,160028,安庆,桐城市文化旅游体育局,文字综合,本科,中国语言文学类,1.0,14.0,68.8,70.1
779,2023,160029,安庆,桐城市卫生健康委员会,财务管理,本科,财政学类、会计学专业、财务管理专业、审计学专业,1.0,13.0,64.41,65.34
780,2023,160030,安庆,桐城市卫生健康委员会,健康管理,本科,临床医学类、基础医学专业、卫生监督专业,1.0,11.0,71.0,72.4
781,2023,160031,安庆,桐城市应急管理局,应急管理,本科,矿业类、新闻学专业、行政管理专业、材料化学专业、化学专业、化学工程与工艺专业、化工安全工程专业,1.0,29.0,68.95,69.75
782,2023,160032,安庆,桐城市审计局,经济审计,本科,经济学类、财政学类、金融学类、土木类、管理科学与工程类、工商管理类,5.0,245.0,72.8,78.95
783,2023,160033,安庆,桐城市市场监督管理局,市场监管1,本科,不限,3.0,89.0,68.0,71.15
784,2023,160034,安庆,桐城市市场监督管理局,市场监管2,本科,中国语言文学类、新闻传播学类、电子信息类,3.0,85.0,69.6,73.5
785,2023,160035,安庆,桐城市市场监督管理局,市场监管3,本科,法学类、金融学类、机械类、食品科学与工程类、工商管理类,4.0,139.0,69.3,72.7
786,2023,160036,安庆,桐城市市场监督管理局,市场监管4,本科,法学门类、计算机类、中药学类、药学类,5.0,133.0,68.05,71.6
787,2023,160037,安庆,桐城市乡镇机关,经济统计,本科,经济学类、财政学类、金融学类、统计学类,6.0,113.0,69.65,79.1
788,2023,160038,安庆,桐城市乡镇机关,村镇建设管理1,专科,不限,5.0,213.0,70.05,74.75
789,2023,160039,安庆,桐城市乡镇机关,村镇建设管理2,专科,不限,5.0,202.0,69.45,74.8
790,2023,160040,安庆,桐城市乡镇机关,应急管理,专科,不限,8.0,296.0,68.55,79.25
791,2023,160041,安庆,桐城市乡镇机关,基层服务1,专科,不限,7.0,19.0,55.55,75.55
792,2023,160042,安庆,桐城市乡镇机关,基层服务2,专科,不限,7.0,15.0,61.35,72.7
793,2023,160043,安庆,桐城市乡镇机关,农村经济1,专科,不限,7.0,101.0,67.1,75.05
794,2023,160044,安庆,桐城市乡镇机关,农村经济2,专科,不限,8.0,93.0,68.95,75.0
795,2023,160045,安庆,桐城市乡镇机关,农村经济3,专科,不限,8.0,149.0,67.65,78.05
796,2023,160046,安庆,桐城市范岗镇,村镇规划,本科,土木类、建筑类,1.0,21.0,69.75,71.4
797,2023,160047,安庆,桐城市新渡镇,人武专干,专科,人民武装专业（退役军人报考可不限专业）,1.0,27.0,61.49,65.15
798,2023,160048,安庆,桐城市乡镇机关,乡村振兴,高中（中专）,不限,2.0,0.0,,
799,2023,160049,安庆,中共怀宁县委办公室,综合文字,本科,中国语言文学类、新闻传播学类,1.0,14.0,69.75,73.45
800,2023,160050,安庆,中共怀宁县委办公室,机关综合,本科,不限,1.0,4.0,52.55,68.1
801,2023,160051,安庆,中共怀宁县纪律检查委员会怀宁县监察委员会,执纪监督,本科,新闻传播学类、汉语言文学专业、法学专业、会计学专业、财务管理专业、审计学专业,4.0,63.0,70.05,74.2
802,2023,160052,安庆,中共怀宁县纪委监委派驻机构,监督检查,本科,财政学类、金融学类、法学专业、会计学专业、财务管理专业、审计学专业,3.0,76.0,72.6,74.95
803,2023,160053,安庆,中共怀宁县委组织部,机关综合,本科,中国语言文学类、新闻传播学类、经济学类、法学专业,1.0,13.0,69.3,74.8
804,2023,160054,安庆,中共怀宁县委宣传部,思想宣传,本科,不限,1.0,55.0,72.85,73.4
805,2023,160055,安庆,中共怀宁县委统战部,综合文字,本科,不限,1.0,54.0,70.1,73.2
806,2023,160056,安庆,中共怀宁县委巡察工作领导小组办公室,机关综合,本科,会计学专业、财务管理专业、财政学专业,1.0,15.0,67.57,73.1
807,2023,160057,安庆,共青团怀宁县委员会,青年工作,本科,不限,1.0,52.0,70.95,72.15
808,2023,160058,安庆,怀宁经济开发区管理委员会,企业服务,本科,经济学类、法学类,1.0,14.0,68.6,72.55
809,2023,160059,安庆,怀宁县教育局,财务管理,本科,财政学类、财务管理专业、会计学专业、审计学专业,2.0,29.0,68.21,69.63
810,2023,160060,安庆,怀宁县教育局,综合文字,本科,汉语言文学专业、汉语言专业、秘书学专业,1.0,13.0,71.4,71.5
811,2023,160061,安庆,怀宁县教育局,机关综合,本科,不限,1.0,81.0,74.75,76.2
812,2023,160062,安庆,怀宁县科技经济信息化局,经济管理,本科,经济学类、财政学类、金融学类、会计学专业、财务管理专业,1.0,20.0,58.17,60.26
813,2023,160063,安庆,怀宁县科技经济信息化局,信息化管理,本科,计算机类、电子信息类,1.0,45.0,70.5,71.58
814,2023,160064,安庆,怀宁县司法局,司法助理,本科,法学类,1.0,6.0,61.46,64.36
815,2023,160065,安庆,怀宁县司法局,行政复议,本科,法学类,1.0,4.0,62.9,72.05
816,2023,160066,安庆,怀宁县人力资源和社会保障局,综合文字,本科,中国语言文学类,1.0,15.0,67.7,74.1
817,2023,160067,安庆,怀宁县人力资源和社会保障局,劳动仲裁,本科,法学类,1.0,8.0,66.17,70.51
818,2023,160068,安庆,怀宁县人力资源和社会保障局,财务管理,本科,会计学专业、财务管理专业、审计学专业,1.0,9.0,63.11,68.95
819,2023,160069,安庆,怀宁县自然资源和规划局,城乡规划,本科,地理科学类、计算机科学与技术专业、环境科学专业、法学专业,2.0,66.0,70.8,73.7
820,2023,160070,安庆,怀宁县交通运输局,综合文字,本科,汉语言文学专业、汉语言专业、新闻学专业,1.0,8.0,71.5,79.5
821,2023,160071,安庆,怀宁县农业农村局,综合文字,本科,中国语言文学类、新闻传播学类,1.0,13.0,70.4,71.4
822,2023,160072,安庆,怀宁县农业农村局,农业经济管理,本科,经济学类,1.0,14.0,67.7,69.7
823,2023,160073,安庆,怀宁县水利局,水利技术,本科,水利类,2.0,30.0,64.25,67.5
824,2023,160074,安庆,怀宁县水利局,综合文字,本科,中国语言文学类,1.0,5.0,72.45,79.3
825,2023,160075,安庆,怀宁县文化旅游体育局,综合文字,本科,中国语言文学类,1.0,7.0,67.1,69.45
826,2023,160076,安庆,怀宁县卫生健康委员会,卫生健康管理,本科,临床医学专业、基础医学专业、预防医学专业,1.0,14.0,66.6,70.4
827,2023,160077,安庆,怀宁县卫生健康委员会,机关综合,本科,中国语言文学类、法学专业,1.0,10.0,65.85,67.45
828,2023,160078,安庆,怀宁县应急管理局,应急管理,本科,安全工程专业、应急技术与管理专业、采矿工程专业、化工安全工程专业、化学工程与工艺专业、法学专业,1.0,24.0,66.0,67.85
829,2023,160079,安庆,怀宁县审计局,综合审计监督1,本科,土木类、建筑类、环境科学与工程类、工程管理专业、工程审计专业、工程造价专业,1.0,44.0,70.7,72.2
830,2023,160080,安庆,怀宁县审计局,综合审计监督2,本科,金融学类、财政学类、会计学专业、审计学专业、经济学专业、财务管理专业,1.0,16.0,64.61,68.24
831,2023,160081,安庆,怀宁县市场监督管理局,市场监管1,本科,法学专业、知识产权专业、信用风险管理与法律防控专业,6.0,40.0,65.7,71.75
832,2023,160082,安庆,怀宁县市场监督管理局,市场监管2,本科,中国语言文学类,2.0,11.0,65.8,69.15
833,2023,160083,安庆,怀宁县市场监督管理局,市场监管3,本科,不限,2.0,4.0,58.6,69.8
834,2023,160084,安庆,怀宁县市场监督管理局,市场监管4,本科,不限,3.0,69.0,67.4,71.95
835,2023,160085,安庆,怀宁县县直机关,机关综合,本科,不限,3.0,27.0,66.55,71.15
836,2023,160086,安庆,怀宁县乡镇机关,项目建设管理,专科,不限,5.0,243.0,69.25,77.45
837,2023,160087,安庆,怀宁县乡镇机关,乡村振兴,本科,不限,6.0,12.0,57.0,66.55
838,2023,160088,安庆,怀宁县乡镇机关,民政事务管理,本科,不限,7.0,119.0,68.15,74.75
839,2023,160089,安庆,怀宁县平山镇,人武专干,专科,不限,1.0,8.0,60.28,61.4
840,2023,160090,安庆,怀宁县乡镇机关（乡镇财政所）,乡镇财政管理1,专科,不限,4.0,191.0,69.1,76.05
841,2023,160091,安庆,怀宁县乡镇机关（乡镇财政所）,乡镇财政管理2,本科,不限,3.0,9.0,54.2,69.85
842,2023,160092,安庆,怀宁县乡镇机关（乡镇财政所）,财务管理,本科,财政学类、经济学类、金融学类、工商管理类,8.0,142.0,69.45,79.4
843,2023,160093,安庆,怀宁县乡镇机关（乡镇财政所）,综合文字,本科,中国语言文学类、新闻传播学类、哲学类,2.0,20.0,67.5,69.5
844,2023,160094,安庆,怀宁县乡镇机关（乡镇财政所）,财政工程管理,本科,管理科学与工程类、工业工程类、土木类,2.0,51.0,69.5,72.85
845,2023,160095,安庆,怀宁县乡镇机关,村镇综合管理,高中（中专）,不限,2.0,0.0,,
846,2023,160096,安庆,潜山市油坝乡,人武专干,专科,人民武装专业（退役军人报考可不限专业）,1.0,25.0,60.95,64.75
847,2023,160097,安庆,潜山市乡镇机关,乡村旅游管理,专科,不限,7.0,75.0,62.75,71.05
848,2023,160098,安庆,潜山市乡镇机关,乡村振兴管理1,专科,不限,8.0,389.0,70.0,74.9
849,2023,160099,安庆,潜山市乡镇机关,乡村振兴管理2,专科,不限,8.0,312.0,68.55,73.1
850,2023,160100,安庆,潜山市乡镇机关,社会事务管理,本科,不限,6.0,129.0,65.65,70.55
851,2023,160101,安庆,潜山市乡镇机关,组织人事管理,专科,不限,8.0,125.0,66.0,71.9
852,2023,160102,安庆,潜山市乡镇机关,乡村振兴管理,高中（中专）,不限,2.0,0.0,,
853,2023,160103,安庆,岳西县司法局,行政复议,本科,法学类,1.0,10.0,65.5,71.45
854,2023,160104,安庆,岳西县司法局,社区矫正1,本科,不限,1.0,10.0,57.24,60.01
855,2023,160105,安庆,岳西县司法局,社区矫正2,本科,法学类,2.0,35.0,64.23,68.02
856,2023,160106,安庆,岳西县司法局,司法行政,本科,法学类,2.0,9.0,53.6,65.74
857,2023,160107,安庆,岳西县毛尖山乡,人武专干,专科,人民武装专业（退役军人报考可不限专业）,1.0,31.0,60.08,62.74
858,2023,160108,安庆,岳西县乡镇机关,项目建设,专科,不限,5.0,64.0,65.4,73.45
859,2023,160109,安庆,岳西县乡镇机关,民政事务,专科,不限,4.0,84.0,67.55,72.15
860,2023,160110,安庆,岳西县乡镇机关,农机农技,本科,工学门类、管理学门类、农学门类,4.0,87.0,67.4,71.85
861,2023,160111,安庆,岳西县乡镇机关,财务管理,本科,经济学门类、统计学类、会计学专业,3.0,81.0,68.8,72.65
862,2023,160112,安庆,岳西县乡镇机关,村镇建设,专科,不限,6.0,343.0,69.85,74.6
863,2023,160113,安庆,太湖县司法局,司法行政,本科,法学类,3.0,14.0,58.49,64.4
864,2023,160114,安庆,太湖县司法局,财务管理,本科,会计学专业、财务管理专业、审计学专业、金融学专业,1.0,15.0,70.37,71.67
865,2023,160115,安庆,太湖县供销合作社联合社,供销合作经济指导,本科,经济学类、金融学类、工商管理类,1.0,22.0,68.25,72.2
866,2023,160116,安庆,太湖县刘畈乡,电商营销,本科,工商管理类、电子商务类、电子信息类,1.0,21.0,66.3,68.7
867,2023,160117,安庆,太湖县汤泉乡,人武专干,专科,人民武装专业（退役军人报考可不限专业）,1.0,21.0,56.27,70.24
868,2023,160118,安庆,太湖县乡镇机关,村镇建设管理,专科,不限,6.0,57.0,61.0,70.6
869,2023,160119,安庆,太湖县乡镇机关,民政事务管理,专科,不限,7.0,396.0,67.85,72.1
870,2023,160120,安庆,太湖县乡镇机关,项目建设管理,本科,不限,3.0,56.0,67.5,74.2
871,2023,160121,安庆,太湖县乡镇机关,组织人事管理,本科,不限,2.0,35.0,67.95,72.1
872,2023,160122,安庆,太湖县乡镇机关,乡村振兴,高中（中专）,不限,2.0,0.0,,
873,2023,160123,安庆,中共望江县纪律检查委员会望江县监察委员会,监督检查,本科,法学类、财务管理专业、会计学专业、审计学专业,2.0,45.0,67.35,77.85
874,2023,160124,安庆,中共望江县纪委监委派驻机构,执法监督,本科,法学类、会计学专业、财政学专业、金融学专业,4.0,57.0,69.05,74.55
875,2023,160125,安庆,中共望江县委办公室,综合文字,本科,中国语言文学类、新闻传播学类,3.0,46.0,68.95,74.45
876,2023,160126,安庆,中共望江县委组织部,机关综合,本科,不限,1.0,40.0,67.85,71.15
877,2023,160127,安庆,中共望江县委宣传部,机关综合,本科,不限,2.0,79.0,71.2,79.0
878,2023,160128,安庆,中共望江县委机构编制委员会办公室,机构编制管理,本科,中国语言文学类（不含特设专业）,1.0,11.0,66.7,70.5
879,2023,160129,安庆,中共望江县委机构编制委员会办公室,权责清单,本科,法学类（不含特设专业）,1.0,24.0,53.7,62.85
880,2023,160130,安庆,共青团望江县委员会,综合管理1,本科,不限,2.0,55.0,70.05,71.4
881,2023,160131,安庆,共青团望江县委员会,综合管理2,本科,不限,1.0,38.0,71.25,73.8
882,2023,160132,安庆,望江县工商业联合会,机关综合,本科,中国语言文学类,1.0,11.0,66.05,69.9
883,2023,160133,安庆,望江县人民政府办公室,综合文字,本科,经济学类、法学类、中国语言文学类,3.0,31.0,67.05,79.1
884,2023,160134,安庆,望江县人民政府办公室,财务管理,本科,会计学专业、财务管理专业、审计学专业,1.0,10.0,64.87,65.09
885,2023,160135,安庆,望江县教育局,机关综合,本科,不限,3.0,131.0,70.55,77.05
886,2023,160136,安庆,望江县科技经济信息化局,信息化建设,本科,通信工程专业、电气工程及其自动化专业、信息工程专业,1.0,37.0,69.75,72.7
887,2023,160137,安庆,望江县科技经济信息化局,经济运行监测,本科,统计学类、经济与贸易类,1.0,21.0,68.3,69.5
888,2023,160138,安庆,望江县科技经济信息化局,机关综合,本科,中国语言文学类,1.0,3.0,69.4,69.9
889,2023,160139,安庆,望江县司法局,社区矫正1,本科,法学类,1.0,19.0,60.85,62.3
890,2023,160140,安庆,望江县司法局,社区矫正2,本科,法学类,2.0,29.0,60.43,66.05
891,2023,160141,安庆,望江县民政局,财务管理,本科,工商管理专业、会计学专业、财务管理专业,1.0,27.0,62.13,63.56
892,2023,160142,安庆,望江县自然资源和规划局,自然资源管理1,本科,城乡规划专业、土地资源管理专业、人文地理与城乡规划专业,2.0,29.0,70.35,74.35
893,2023,160143,安庆,望江县自然资源和规划局,自然资源管理2,本科,不限,1.0,6.0,64.65,67.55
894,2023,160144,安庆,望江县交通运输局,项目管理,本科,交通运输专业、交通工程专业、交通设备与控制工程专业,1.0,21.0,70.8,73.45
895,2023,160145,安庆,望江县水利局,水利建设,本科,水利类,3.0,23.0,63.15,70.4
896,2023,160146,安庆,望江县卫生健康委员会,卫生健康管理,本科,医学门类、计算机类,3.0,84.0,68.45,76.65
897,2023,160147,安庆,望江县退役军人事务局,退役军人事务管理,本科,不限,1.0,9.0,68.15,68.15
898,2023,160148,安庆,望江县应急管理局,安全监管,本科,化学类、化工与制药类,1.0,26.0,66.65,70.6
899,2023,160149,安庆,望江县应急管理局,应急管理,本科,法学类、安全工程专业、应急管理专业、应急技术与管理专业,1.0,11.0,64.65,70.2
900,2023,160150,安庆,望江县统计局,工业统计,本科,统计学类、法学类,1.0,17.0,68.5,68.75
901,2023,160151,安庆,望江县林业局,林业管理,本科,林学类、法学类,1.0,13.0,68.8,74.4
902,2023,160152,安庆,望江县医疗保障局,机关综合,本科,不限,1.0,23.0,70.15,71.9
903,2023,160153,安庆,望江县城市管理局,财务管理,本科,会计学专业、财务管理专业、审计学专业,1.0,14.0,58.36,68.3
904,2023,160154,安庆,望江县乡村振兴局,乡村建设管理,本科,不限,1.0,34.0,72.25,73.4
905,2023,160155,安庆,望江县乡村振兴局,机关综合,本科,不限,1.0,3.0,61.95,64.9
906,2023,160156,安庆,望江县农业农村局,机关综合,本科,不限,1.0,3.0,66.2,71.25
907,2023,160157,安庆,望江县农业农村局,农业项目管理,本科,经济学类、统计学类,2.0,26.0,70.75,76.8
908,2023,160158,安庆,望江县农业农村局,三农服务,本科,农学门类、电子信息类,1.0,23.0,70.5,72.25
909,2023,160159,安庆,望江县审计局,财务审计,本科,审计学专业、会计学专业、财务管理专业、财政学专业、金融学专业,2.0,19.0,63.26,71.9
910,2023,160160,安庆,望江县审计局,电子数据审计,本科,电子信息工程专业、数据科学与大数据技术专业、工程管理专业、工程造价专业,1.0,28.0,70.05,73.05
911,2023,160161,安庆,望江县市场监督管理局,市场监管1,本科,化学类、机械类、材料类,2.0,52.0,68.6,73.45
912,2023,160162,安庆,望江县市场监督管理局,市场监管2,本科,经济学类、法学类,2.0,21.0,68.25,74.25
913,2023,160163,安庆,望江县市场监督管理局,市场监管3,本科,不限,5.0,85.0,67.15,70.7
914,2023,160164,安庆,望江县市场监督管理局,市场监管4,本科,工学门类,2.0,66.0,67.2,72.65
915,2023,160165,安庆,望江县市场监督管理局,市场监管5,本科,不限,3.0,13.0,63.25,67.95
916,2023,160166,安庆,望江县乡镇（财政分局）机关,财政管理,本科,财政学专业、金融学专业、会计学专业、财务管理专业,2.0,19.0,59.73,68.33
917,2023,160167,安庆,望江县长岭镇,人武专干,专科,不限,1.0,8.0,54.04,58.47
918,2023,160168,安庆,望江县乡镇（街道）机关,机关综合,专科,不限,5.0,248.0,68.45,73.85
919,2023,160169,安庆,望江县乡镇（街道）机关,村镇建设管理,本科,不限,4.0,17.0,65.4,74.9
920,2023,160170,安庆,望江县乡镇（街道）机关,电商营销,本科,不限,5.0,53.0,65.8,76.1
921,2023,160171,安庆,望江县乡镇（街道）机关,项目建设管理,本科,不限,4.0,61.0,68.6,75.95
922,2023,160172,安庆,望江县吉水街道机关,城镇建设管理,高中（中专）,不限,1.0,0.0,,
923,2023,160173,安庆,迎江区司法局,司法复议管理,本科,不限,2.0,23.0,71.45,74.2
924,2023,160174,安庆,宜秀区司法局,司法行政1,本科,法学门类,1.0,8.0,60.4,62.65
925,2023,160175,安庆,宜秀区司法局,司法行政2,本科,法学门类,1.0,7.0,63.15,65.5
926,2023,160176,安庆,宜秀区乡镇机关,行政管理,本科,不限,2.0,16.0,68.8,70.7
927,2023,160177,安庆,宜秀区乡镇机关,财务管理,本科,金融学类、财政学类、会计学专业、财务管理专业,3.0,109.0,71.45,78.95
928,2023,160178,安庆,宜秀区大龙山镇,项目建设管理,本科,土木类、建筑类,1.0,52.0,73.85,76.4
929,2023,160179,安庆,宜秀区乡镇（街道）机关,机关综合,本科,中国语言文学类、法学专业、新闻学专业,2.0,35.0,68.1,70.9
930,2023,160180,安庆,宜秀区白泽湖乡,财务管理,本科,会计学专业、财务管理专业、审计学专业、财政学专业,1.0,19.0,69.02,73.92
931,2023,160181,安庆,宜秀区五横乡,农林建设,本科,农业工程类、林学类、农学专业、农艺教育专业、农业资源与环境专业,1.0,18.0,67.4,67.9
932,2023,160182,安庆,宜秀区罗岭镇,综合文字,本科,政治学类、马克思主义理论类、汉语言文学专业、新闻学专业,1.0,16.0,67.65,71.05
933,2023,160183,安庆,安庆市中级人民法院,法官助理,本科,法学类,5.0,53.0,69.0,74.15
934,2023,160184,安庆,安庆市中级人民法院,司法行政人员,本科,计算机类,2.0,75.0,71.04,71.87
935,2023,160185,安庆,桐城市人民法院,司法行政人员,本科,不限,1.0,4.0,62.25,65.85
936,2023,160186,安庆,桐城市人民法院,法官助理,本科,法学类,5.0,17.0,66.7,72.45
937,2023,160187,安庆,怀宁县人民法院,法官助理,本科,法学类,1.0,2.0,55.55,61.3
938,2023,160188,安庆,怀宁县人民法院,司法行政人员,本科,图书情报与档案管理类,1.0,9.0,66.05,68.5
939,2023,160189,安庆,潜山市人民法院,法官助理1,本科,法学类,1.0,2.0,68.5,69.35
940,2023,160190,安庆,潜山市人民法院,法官助理2,本科,法学类,3.0,4.0,60.35,75.3
941,2023,160191,安庆,潜山市人民法院,司法警察,本科,不限,1.0,25.0,68.3,72.05
942,2023,160192,安庆,岳西县人民法院,司法行政人员,本科,不限,1.0,6.0,67.4,71.0
943,2023,160193,安庆,岳西县人民法院,法官助理,本科,法学类,3.0,6.0,63.85,74.15
944,2023,160194,安庆,岳西县人民法院,司法警察,本科,公安学类、法学类、体育学类,1.0,11.0,64.1,67.8
945,2023,160195,安庆,太湖县人民法院,法官助理1,本科,法学类,1.0,6.0,63.65,70.55
946,2023,160196,安庆,太湖县人民法院,法官助理2,本科,法学类,1.0,0.0,66.1,75.55
947,2023,160197,安庆,望江县人民法院,司法行政人员,本科,不限,1.0,4.0,70.2,71.95
948,2023,160198,安庆,望江县人民法院,法官助理1,本科,法学类,1.0,0.0,58.7,58.7
949,2023,160199,安庆,望江县人民法院,法官助理2,本科,法学类,4.0,7.0,56.35,77.05
950,2023,160200,安庆,望江县人民法院,司法警察,本科,不限,1.0,13.0,66.8,68.2
951,2023,160201,安庆,迎江区人民法院,司法行政人员,本科,不限,1.0,19.0,71.5,73.95
952,2023,160202,安庆,迎江区人民法院,法官助理1,本科,法学类,1.0,5.0,59.9,65.7
953,2023,160203,安庆,迎江区人民法院,法官助理2,本科,法学类,3.0,21.0,67.1,76.45
954,2023,160204,安庆,大观区人民法院,法官助理1,本科,法学类,1.0,1.0,63.55,68.6
955,2023,160205,安庆,大观区人民法院,法官助理2,本科,法学类,1.0,1.0,62.15,70.15
956,2023,160206,安庆,宿松县人民法院,法官助理,本科,法学类,3.0,7.0,55.95,69.5
957,2023,160207,安庆,宿松县人民法院,司法行政人员1,本科,计算机类,1.0,19.0,66.25,69.28
958,2023,160208,安庆,宿松县人民法院,司法行政人员2,本科,中国语言文学类、新闻传播学类,1.0,15.0,70.0,74.4
959,2023,160209,安庆,桐城市人民检察院,检察官助理1,本科,法学类（不含特设专业）,2.0,5.0,68.0,73.6
960,2023,160210,安庆,桐城市人民检察院,检察官助理2,本科,法学类（不含特设专业）,1.0,3.0,62.15,70.45
961,2023,160211,安庆,怀宁县人民检察院,司法行政人员1,本科,会计学专业、审计学专业、财务管理专业,1.0,13.0,67.34,72.08
962,2023,160212,安庆,怀宁县人民检察院,司法行政人员2,本科,计算机科学与技术专业、网络工程专业、信息安全专业,1.0,19.0,66.98,69.08
963,2023,160213,安庆,岳西县人民检察院,检察官助理1,本科,法学类（不含特设专业）,1.0,2.0,58.65,63.1
964,2023,160214,安庆,岳西县人民检察院,检察官助理2,本科,法学类（不含特设专业）,1.0,2.0,59.8,69.8
965,2023,160215,安庆,岳西县人民检察院,司法行政人员,本科,不限,1.0,12.0,68.3,72.25
966,2023,160216,安庆,太湖县人民检察院,检察官助理1,本科,法学类（不含特设专业）,1.0,10.0,58.2,71.05
967,2023,160217,安庆,太湖县人民检察院,检察官助理2,本科,法学类（不含特设专业）,1.0,5.0,62.8,62.8
968,2023,160218,安庆,望江县人民检察院,检察官助理1,本科,法学类（不含特设专业）,1.0,1.0,65.35,69.7
969,2023,160219,安庆,望江县人民检察院,检察官助理2,本科,法学类（不含特设专业）,1.0,1.0,,
970,2023,160220,安庆,迎江区人民检察院,检察官助理,本科,法学类（不含特设专业）,1.0,6.0,66.25,72.65
971,2023,160221,安庆,宜秀区人民检察院,检察官助理,本科,法学类（不含特设专业）,1.0,5.0,67.85,69.6
972,2023,160222,安庆,安庆市公安局,特警1,本科,体育教育专业、运动训练专业、武术与民族传统体育专业,2.0,34.0,55.95,66.95
973,2023,160223,安庆,安庆市公安局,特警2,本科,体育教育专业、运动训练专业、武术与民族传统体育专业,4.0,44.0,55.54,65.85
974,2023,160224,安庆,安庆市公安局,特警3,本科,体育教育专业、运动训练专业、武术与民族传统体育专业,4.0,35.0,55.03,67.33
975,2023,160225,安庆,安庆市公安局,人民警察1,本科,不限,3.0,73.0,67.44,75.17
976,2023,160226,安庆,安庆市公安局,人民警察2,本科,不限,1.0,3.0,61.46,67.59
977,2023,160227,安庆,安庆市公安局,人民警察3,本科,计算机科学与技术专业、数字媒体技术专业、智能科学与技术专业,1.0,12.0,64.77,71.28
978,2023,160228,安庆,安庆市所辖部分县公安局,人民警察,专科,研究生：公安学（一级学科）、公安技术（一级学科）；本科：侦查学专业、治安学专业、公安管理学专业、交通管理工程专业、刑事科学技术专业、网络安全与执法专业、警务指挥与战术专业；专科：刑事侦查专业、治安管理专业、交通管理专业、刑事科学技术专业、信息网络安全监察专业、警察指挥与战术专业、特警专业,6.0,29.0,59.57,69.45
979,2023,160229,安庆,怀宁县公安局,人民警察1,本科,体育教育专业、运动训练专业、社会体育指导与管理专业,2.0,45.0,64.57,70.07
980,2023,160230,安庆,怀宁县公安局,人民警察2,本科,不限,1.0,13.0,60.92,72.71
981,2023,160231,安庆,怀宁县公安局,人民警察3,本科,不限,2.0,2.0,64.58,64.58
982,2023,160232,安庆,怀宁县公安局,人民警察4,本科,法学专业、法医学专业、生物技术专业,2.0,15.0,60.33,69.6
983,2023,160233,安庆,怀宁县公安局,人民警察5,本科,网络工程专业、网络空间安全专业、计算机科学与技术专业,3.0,17.0,63.92,69.66
984,2023,160234,安庆,潜山市公安局,人民警察1,本科,通信工程专业、数据科学与大数据技术专业、网络安全与执法专业,1.0,8.0,60.72,67.1
985,2023,160235,安庆,潜山市公安局,人民警察2,专科,不限,1.0,26.0,61.19,65.72
986,2023,160236,安庆,潜山市公安局,人民警察3,本科,会计学专业、财务管理专业、审计学专业,1.0,17.0,60.7,67.64
987,2023,160237,安庆,望江县公安局,网络安全管理★,本科,计算机类,1.0,9.0,61.28,62.26
988,2023,160238,安庆,望江县公安局,法医★,本科,法医学类、临床医学类,1.0,10.0,63.89,66.02
989,2023,160239,安庆,望江县公安局,人民警察1,本科,公安学类、公安技术类,1.0,20.0,55.01,55.01
990,2023,160240,安庆,望江县公安局,人民警察2,本科,不限,4.0,62.0,62.72,69.0
991,2023,160241,安庆,望江县公安局,人民警察3,本科,不限,6.0,45.0,61.15,70.22
992,2023,160242,安庆,望江县公安局,特警,本科,体育教育专业、运动训练专业、武术与民族传统体育专业,1.0,4.0,50.65,50.65
993,2023,160243,安庆,太湖县公安局,人民警察1,本科,计算机科学与技术专业、软件工程专业、网络工程专业、信息安全专业、信息工程专业、通信工程专业、网络空间安全专业,3.0,24.0,62.1,68.82
994,2023,160244,安庆,太湖县公安局,人民警察2,本科,不限,3.0,44.0,66.02,71.13
995,2023,160245,安庆,岳西县公安局,特警,本科,体育教育专业、运动训练专业、武术与民族传统体育专业、体能训练专业,2.0,14.0,49.44,62.5
996,2023,160246,安庆,岳西县公安局,网络安全管理★,本科,计算机科学与技术专业、网络安全与执法专业、信息安全专业、数据科学与大数据技术专业,3.0,22.0,62.33,70.9
997,2023,160247,安庆,岳西县公安局,人民警察,本科,新闻学专业、网络与新媒体专业、思想政治教育专业、哲学专业,1.0,13.0,63.53,64.42
998,2023,130001,宣城,宣城市委党史和地方志研究室,档案管理,本科,历史学类、中国语言文学类、档案学专业,1.0,20.0,69.65,73.2
999,2023,130002,宣城,宣城市人民政府办公室,机关综合,本科,管理学门类、文学门类、经济学专业、法学专业,2.0,98.0,72.65,74.25
1000,2023,130003,宣城,宣城市发展和改革委员会,项目管理,本科,不限,2.0,25.0,69.65,74.75
1001,2023,130004,宣城,宣城市发展和改革委员会,能源综合利用,研究生,材料科学与工程（一级学科）,1.0,28.0,71.55,74.25
1002,2023,130005,宣城,宣城市经济和信息化局,信息技术,本科,软件工程专业、物联网工程专业、计算机科学与技术专业,1.0,43.0,72.92,74.35
1003,2023,130006,宣城,宣城市经济和信息化局,矿山管理,本科,工学门类,1.0,156.0,73.15,74.7
1004,2023,130007,宣城,宣城市民政局,民政事务,本科,法学类、社会学类、中国语言文学类、公共管理类,1.0,62.0,73.05,75.6
1005,2023,130008,宣城,宣城市财政局,财政管理,本科,财政学专业、税收学专业、金融学专业、会计学专业、财务管理专业、财务会计教育专业、审计学专业,1.0,33.0,65.94,70.71
1006,2023,130009,宣城,宣城市财政局市财政国库支付中心,财政管理,本科,财政学专业、税收学专业、金融学专业、会计学专业、财务管理专业、财务会计教育专业、审计学专业,1.0,20.0,68.14,75.01
1007,2023,130010,宣城,宣城市自然资源和规划局,财政管理,本科,会计学专业、财务管理专业、财务会计教育专业,1.0,27.0,69.9,74.52
1008,2023,130011,宣城,宣城市自然资源和规划局市自然资源规划执法支队,执法监管,本科,法学专业、测绘工程专业、土地资源管理专业,1.0,33.0,67.05,69.4
1009,2023,130012,宣城,宣城市生态环境局及县市区分局,环境保护,本科,环境科学与工程类、化学类、中国语言文学类,3.0,153.0,71.6,75.55
1010,2023,130013,宣城,宣城市住房和城乡建设局,项目管理,本科,中国语言文学类、土木类、会计学专业,1.0,99.0,74.1,76.2
1011,2023,130014,宣城,宣城市交通运输局,机关综合,本科,不限,1.0,14.0,71.15,73.6
1012,2023,130015,宣城,宣城市农业农村局,农业农村,本科,农学门类、农业工程类、农业经济管理类,1.0,85.0,73.3,74.5
1013,2023,130016,宣城,宣城市农业农村局市动物疫病预防与控制中心,畜牧兽医,本科,动物生产类（不含特设专业）、动物医学类,1.0,56.0,69.8,70.15
1014,2023,130017,宣城,宣城市自贸改革推进办公室,经济管理,本科,国际经贸规则专业、国际商务专业、国际经济与贸易专业、物流管理专业,1.0,87.0,71.5,74.6
1015,2023,130018,宣城,宣城市文化和旅游局,文化旅游管理,本科,中国语言文学类、历史学类、新闻传播学类、旅游管理类,1.0,90.0,73.9,77.55
1016,2023,130019,宣城,宣城市文化和旅游局,文化旅游管理,本科,社会学类、法学类,1.0,44.0,71.7,74.05
1017,2023,130020,宣城,宣城市文化和旅游局市文化市场综合执法支队,执法监管,本科,法学类,1.0,12.0,70.1,74.75
1018,2023,130021,宣城,宣城市信访局,信访维稳,本科,法学类,1.0,18.0,70.4,72.9
1019,2023,130022,宣城,宣城市供销合作社联合社,经济管理,本科,经济学类、经济与贸易类,1.0,72.0,74.1,78.1
1020,2023,130023,宣城,宣城市人社局市社会保险基金管理中心,新闻宣传,本科,中国语言文学类、新闻传播学类,1.0,37.0,71.1,73.05
1021,2023,130024,宣城,宣城市市场监督管理局市市场监管综合行政执法支队,市场监管,本科,法学类,1.0,15.0,71.7,74.65
1022,2023,130025,宣城,宣州区委党史和地方志研究室,档案管理,本科,中国语言文学类、历史学类、图书情报与档案管理类、计算机科学与技术专业、软件工程专业、网络工程专业、信息安全专业,1.0,20.0,71.9,78.2
1023,2023,130026,宣城,宣州区财政局,财政管理,本科,经济学类、财政学类、金融学类、会计学专业、财务管理专业、审计学专业,2.0,59.0,67.68,73.29
1024,2023,130027,宣城,宣州区卫健委,卫健管理,本科,基础医学类、临床医学类、中西医结合类、中医学类、公共卫生与预防医学类、药学类,1.0,60.0,72.95,73.6
1025,2023,130028,宣城,宣州区市场监督管理局,市场监管,本科,食品科学与工程类、药学类、机械设计制造及其自动化专业、计算机科学与技术专业、数据科学与大数据技术专业,1.0,47.0,72.65,73.85
1026,2023,130029,宣城,宣州区供销社,财政管理,本科,计算机类、会计学专业、财务管理专业、审计学专业、资产评估专业、经济学专业、财政学专业、金融学专业,1.0,73.0,72.6,74.45
1027,2023,130030,宣城,宣州区向阳街道,社区治理,专科,不限,1.0,8.0,64.45,71.9
1028,2023,130031,宣城,宣州区水阳镇,乡镇行政工作,本科,不限,1.0,1.0,,
1029,2023,130032,宣城,宣州区水阳镇,人武专干,专科,人民武装专业（退役军人报考可不限专业）,1.0,29.0,62.1,65.27
1030,2023,130033,宣城,宣州区狸桥镇,乡镇行政工作,本科,中国语言文学类、新闻传播学类、计算机类,1.0,25.0,68.7,72.0
1031,2023,130034,宣城,宣州区狸桥镇,规划建设,专科,专科：城乡规划与管理类、土建施工类、建设工程管理类；本科：建筑类、土木类、水利类,1.0,59.0,70.65,71.15
1032,2023,130035,宣城,宣州区狸桥镇,财政管理,专科,专科：财政税务类、财务会计类、经济贸易类；本科：经济学类、经济与贸易类、财政学专业、会计学专业、财务管理专业,2.0,38.0,70.15,77.4
1033,2023,130036,宣城,宣州区溪口镇,乡镇行政工作,专科,不限,1.0,1.0,60.6,63.1
1034,2023,130037,宣城,郎溪县委办公室,综合文字,本科,不限,1.0,52.0,72.35,72.9
1035,2023,130038,宣城,郎溪县委办公室,信息技术,本科,电子信息类、计算机类,1.0,21.0,71.25,74.05
1036,2023,130039,宣城,郎溪县人民政府办公室,综合文字,本科,中国语言文学类、新闻传播学类,1.0,12.0,68.75,69.45
1037,2023,130040,宣城,郎溪县人民政府办公室,机关综合,本科,不限,1.0,109.0,72.3,73.05
1038,2023,130041,宣城,郎溪县教育体育局,综合文字,本科,中国语言文学类,1.0,11.0,68.3,69.45
1039,2023,130042,宣城,郎溪县财政局,工商管理,本科,工商管理类,1.0,41.0,72.0,73.4
1040,2023,130043,宣城,郎溪县人社局,信息技术,本科,计算机类,1.0,28.0,65.17,68.64
1041,2023,130044,宣城,郎溪县农业农村局,法律咨询,本科,法学类,1.0,5.0,60.74,60.77
1042,2023,130045,宣城,郎溪县文化和旅游局,文化旅游管理,本科,中国语言文学类、法学类、经济学类,1.0,22.0,68.75,71.0
1043,2023,130046,宣城,郎溪县应急管理局,应急管理,本科,安全科学与工程类,1.0,20.0,67.15,68.1
1044,2023,130047,宣城,郎溪县审计局,审计,本科,计算机类、工商管理类,2.0,83.0,71.1,76.1
1045,2023,130048,宣城,郎溪县市场监督管理局,市场监管,专科,不限,2.0,6.0,57.75,64.95
1046,2023,130049,宣城,郎溪县市场监督管理局,市场监管,本科,计算机类、自动化类,1.0,36.0,72.0,72.6
1047,2023,130050,宣城,郎溪县市场监督管理局,市场监管,本科,工商管理类,1.0,43.0,70.45,71.0
1048,2023,130051,宣城,郎溪县市场监督管理局,市场监管,本科,中国语言文学类、新闻传播学类,1.0,17.0,67.8,70.45
1049,2023,130052,宣城,郎溪县市场监督管理局,市场监管,本科,法学类,1.0,8.0,69.0,73.35
1050,2023,130053,宣城,郎溪县市场监督管理局,市场监管,本科,不限,1.0,124.0,73.05,74.6
1051,2023,130054,宣城,郎溪县数据资源管理局,综合文字,本科,法学门类、中国语言文学类,1.0,20.0,70.2,71.5
1052,2023,130055,宣城,郎溪县城管执法局,城市管理,本科,法学类、公共管理类,1.0,24.0,68.9,74.5
1053,2023,130056,宣城,郎溪县政协办公室,机关综合,专科,不限,1.0,5.0,58.5,70.3
1054,2023,130057,宣城,郎溪经济开发区管委会,机关综合,本科,中国语言文学类、土木类,1.0,25.0,68.25,69.65
1055,2023,130058,宣城,郎溪经济开发区管委会,机关综合,专科,不限,2.0,4.0,62.1,67.85
1056,2023,130059,宣城,郎溪县司法局,司法行政,本科,法学类,4.0,34.0,61.15,68.61
1057,2023,130060,宣城,郎溪县委党史和地方志研究室,机关综合,本科,中国语言文学类、美术学类、设计学类,1.0,41.0,67.9,69.65
1058,2023,130061,宣城,郎溪县招商合作服务中心,综合文字,专科,不限,1.0,1.0,,
1059,2023,130062,宣城,郎溪县招商合作服务中心,综合文字,本科,中国语言文学类、新闻传播学类,1.0,10.0,72.95,73.65
1060,2023,130063,宣城,郎溪县审计局县经济责任审计中心,审计,本科,计算机类、工商管理类,1.0,33.0,70.8,74.1
1061,2023,130064,宣城,宁国市纪委监委派驻机构,纪检监察,本科,中国语言文学类、法学类、财务管理专业、会计学专业、审计学专业,1.0,12.0,69.0,72.15
1062,2023,130065,宣城,宁国市委办公室,综合文字,本科,中国语言文学类、法学类,1.0,6.0,67.0,69.55
1063,2023,130066,宣城,宁国市委宣传部,新闻宣传,本科,新闻传播学类、中国语言文学类、马克思主义理论类、公共管理类、政治学类,1.0,20.0,71.5,77.1
1064,2023,130067,宣城,宁国市委统战部,机关综合,本科,艺术学门类、工商管理类、电子信息类、汉语言文学专业,1.0,52.0,72.45,73.6
1065,2023,130068,宣城,宁国市财政局,财政管理,本科,金融学类、经济学类、财政学类、会计学专业、财务管理专业、审计学专业,1.0,21.0,66.92,72.82
1066,2023,130069,宣城,宁国市司法局,司法行政,本科,法学类,2.0,18.0,63.45,68.34
1067,2023,130070,宣城,宁国市审计局,审计,本科,计算机类、法学类、金融学专业、汉语言文学专业、会计学专业、审计学专业、财务管理专业,1.0,42.0,68.65,71.75
1068,2023,130071,宣城,宁国市卫健委,综合文字,本科,中国语言文学类,1.0,19.0,70.0,70.8
1069,2023,130072,宣城,宁国市城市管理综合执法局,执法监管,本科,法学类、城市管理专业,1.0,11.0,63.9,67.35
1070,2023,130073,宣城,宁国市统计局,经济统计,本科,统计学类、经济学类、财政学类、工商管理类、中国语言文学类、法学类、计算机类,1.0,66.0,72.9,75.4
1071,2023,130074,宣城,宁国市农业农村局,综合文字,本科,中国语言文学类、新闻传播学类,1.0,12.0,72.4,73.95
1072,2023,130075,宣城,宁国市市场监督管理局港口市场监管所,执法监管,本科,法学类、工商管理类,1.0,45.0,67.7,71.3
1073,2023,130076,宣城,宁国市市场监督管理局港口市场监管所,执法监管,本科,药学类、机械类、自动化类,2.0,60.0,69.55,72.5
1074,2023,130077,宣城,宁国市委党校,机关综合,本科,中国语言文学类、秘书学专业、行政管理专业,1.0,15.0,70.1,72.15
1075,2023,130078,宣城,宁国市委党史和地方志研究室,机关综合,本科,中国语言文学类、历史学类、计算机类,1.0,13.0,70.85,75.75
1076,2023,130079,宣城,宁国市招商合作服务中心,招商引资,本科,不限,1.0,2.0,62.5,65.25
1077,2023,130080,宣城,宁国市机关事务服务中心,机关综合,本科,不限,1.0,5.0,65.1,66.7
1078,2023,130081,宣城,宁国市人社局市公共就业人才服务中心,就业服务,本科,人力资源管理专业、法学专业、汉语言文学专业,1.0,33.0,72.4,72.95
1079,2023,130082,宣城,宁国市自然资源和规划局基层自然资源规划所,规划建设,本科,城乡规划专业、人文地理与城乡规划专业、土地资源管理专业,2.0,22.0,69.25,74.15
1080,2023,130083,宣城,宁国市方塘乡,人武专干,专科,不限,1.0,11.0,57.06,68.56
1081,2023,130084,宣城,宁国市乡镇（街道）,规划建设,本科,城乡规划专业、人文地理与城乡规划专业、自然地理与资源环境专业、土木工程专业,3.0,48.0,68.9,72.95
1082,2023,130085,宣城,宁国市乡镇（街道）,财政管理,专科,专科：财务会计类；本科：会计学专业、财务管理专业、审计学专业、财务会计教育专业,6.0,186.0,68.15,73.7
1083,2023,130086,宣城,宁国市乡镇（街道）,综合文字,本科,中国语言文学类、新闻传播学类,3.0,28.0,69.4,77.25
1084,2023,130087,宣城,宁国市乡镇,乡镇行政工作,本科,不限,3.0,119.0,71.45,73.35
1085,2023,130088,宣城,宁国市乡镇（街道）,乡镇行政工作,专科,不限,8.0,17.0,54.9,68.85
1086,2023,130089,宣城,宁国市乡镇,乡镇行政工作,专科,不限,4.0,248.0,70.1,78.5
1087,2023,130090,宣城,共青团泾县委员会,机关综合,本科,不限,1.0,89.0,71.85,72.9
1088,2023,130091,宣城,泾县妇女联合会,机关综合,本科,不限,1.0,2.0,64.1,68.1
1089,2023,130092,宣城,泾县司法局,司法行政,本科,法学类,1.0,5.0,58.45,63.98
1090,2023,130093,宣城,泾县司法局,司法行政,本科,中国语言文学类、财务管理专业、会计学专业、审计学专业,1.0,35.0,69.6,71.7
1091,2023,130094,宣城,泾县市场监督管理局,执法监管,本科,食品科学与工程类,1.0,28.0,66.15,68.1
1092,2023,130095,宣城,泾县市场监督管理局,执法监管,本科,药学类、中药学类,1.0,18.0,68.3,69.55
1093,2023,130096,宣城,泾县市场监督管理局,执法监管,本科,不限,1.0,0.0,,
1094,2023,130097,宣城,泾县市场监督管理局,执法监管,本科,机械设计制造及其自动化专业、机械电子工程专业、机械工程专业、材料成型及控制工程专业、工业设计专业,1.0,28.0,68.85,74.0
1095,2023,130098,宣城,泾县市场监督管理局,财政管理,本科,财务管理专业、会计学专业、审计学专业,1.0,19.0,61.67,64.19
1096,2023,130099,宣城,泾县乡镇,乡镇行政工作,专科,不限,3.0,6.0,52.7,65.85
1097,2023,130100,宣城,泾县乡镇,乡镇行政工作,专科,不限,5.0,315.0,70.3,75.15
1098,2023,130101,宣城,泾县乡镇,综合文字,专科,不限,2.0,56.0,70.05,72.7
1099,2023,130102,宣城,泾县乡镇,法律咨询,专科,专科：法律实务类；本科：法学类,2.0,62.0,69.65,71.8
1100,2023,130103,宣城,泾县乡镇,农业农村,本科,农业工程类、机械类,2.0,31.0,68.5,72.85
1101,2023,130104,宣城,泾县乡镇,建设管理,本科,土木类、水利类、建筑类,4.0,90.0,67.65,78.55
1102,2023,130105,宣城,泾县乡镇,林业管理,本科,林学类、自然保护与环境生态类,3.0,30.0,64.15,70.6
1103,2023,130106,宣城,泾县黄村镇,人武专干,专科,人民武装专业（退役军人报考可不限专业）,1.0,22.0,63.44,68.82
1104,2023,130107,宣城,绩溪县委党校,机关综合,本科,计算机类、中国语言文学类、秘书学专业,1.0,10.0,70.15,70.55
1105,2023,130108,宣城,绩溪县委党史和地方志研究室,机关综合,本科,新闻传播学类、历史学类、中国语言文学类、会计学专业,1.0,11.0,69.35,73.85
1106,2023,130109,宣城,绩溪县司法局,司法行政,本科,法学类,1.0,1.0,60.4,71.4
1107,2023,130110,宣城,绩溪县自然资源和规划局县国土资源执法监察大队,执法监管,本科,法学类,1.0,8.0,65.7,71.6
1108,2023,130111,宣城,绩溪县供销合作社,经济管理,本科,工商管理类,1.0,41.0,71.9,73.1
1109,2023,130112,宣城,绩溪县人社局县社保中心,社保基金管理,本科,计算机类、会计学专业、财务管理专业,1.0,25.0,70.9,71.85
1110,2023,130113,宣城,绩溪县华阳镇,乡镇行政工作,本科,中国语言文学类、新闻传播学类、社会学类,1.0,22.0,66.6,67.9
1111,2023,130114,宣城,绩溪县华阳镇,经济管理,本科,经济学类、会计学专业、财务管理专业,2.0,32.0,68.65,71.2
1112,2023,130115,宣城,绩溪县华阳镇,建设管理,本科,土木类、建筑类、工程管理专业、城乡规划专业、城市设计专业,1.0,13.0,68.6,71.4
1113,2023,130116,宣城,绩溪县长安镇,电子商务推广,本科,计算机类、电子商务类,1.0,28.0,70.35,74.0
1114,2023,130117,宣城,绩溪县家朋乡,建设管理,本科,机械类、土木类、水利类,1.0,18.0,62.75,64.95
1115,2023,130118,宣城,绩溪县乡镇,乡镇行政工作,专科,不限,3.0,6.0,49.15,60.65
1116,2023,130119,宣城,绩溪县乡镇,乡镇行政工作,专科,不限,3.0,77.0,68.75,73.8
1117,2023,130120,宣城,绩溪县乡镇,乡镇行政工作,专科,不限,3.0,136.0,69.75,74.7
1118,2023,130121,宣城,旌德县委统战部,机关综合,本科,不限,1.0,35.0,69.35,72.85
1119,2023,130122,宣城,旌德县委改革办,机关综合,本科,不限,1.0,47.0,70.7,73.15
1120,2023,130123,宣城,旌德县委编办,机关综合,本科,不限,1.0,30.0,70.7,71.35
1121,2023,130124,宣城,旌德县发改委,机关综合,专科,不限,1.0,3.0,66.15,66.15
1122,2023,130125,宣城,旌德县教体局,机关综合,专科,不限,1.0,3.0,54.8,66.15
1123,2023,130126,宣城,旌德县科技商务经信局,经济管理,本科,经济学门类,1.0,16.0,71.0,76.3
1124,2023,130127,宣城,旌德县科技商务经信局,综合文字,本科,中国语言文学类、新闻传播学类,1.0,11.0,71.35,72.8
1125,2023,130128,宣城,旌德县司法局,司法行政,本科,法学专业、司法警察学专业、社区矫正专业,1.0,8.0,67.8,71.05
1126,2023,130129,宣城,旌德县财政局,财政管理,本科,经济学门类、计算机类、财务管理专业,2.0,45.0,70.9,75.4
1127,2023,130130,宣城,旌德县人社局,财政管理,本科,会计学专业、财务管理专业、审计学专业,1.0,8.0,64.25,70.29
1128,2023,130131,宣城,旌德县人社局,机关综合,专科,不限,1.0,2.0,59.6,74.75
1129,2023,130132,宣城,旌德县住建局,财政管理,专科,专科：财务会计类；本科：会计学专业、财务管理专业、财务会计教育专业,1.0,39.0,69.95,73.3
1130,2023,130133,宣城,旌德县卫健委,财政管理,本科,会计学专业、财务管理专业、审计学专业,1.0,6.0,64.07,67.9
1131,2023,130134,宣城,旌德县应急局,机关综合,本科,不限,1.0,33.0,67.2,80.6
1132,2023,130135,宣城,旌德县市场监管局白地市场监管所,财政管理,本科,会计学专业、审计学专业、财务管理专业,1.0,6.0,57.3,61.88
1133,2023,130136,宣城,旌德县市场监管局城郊市场监管所,执法监管,专科,不限,3.0,8.0,54.45,65.9
1134,2023,130137,宣城,旌德县市场监管局三溪市场监管所,执法监管,本科,法学类、食品科学与工程类、药学类、生物医学工程类,1.0,17.0,66.8,70.65
1135,2023,130138,宣城,旌德县林业局,林业管理,本科,林学类、生态学专业,1.0,22.0,68.9,71.05
1136,2023,130139,宣城,旌德县信访局,机关综合,本科,不限,1.0,43.0,71.0,71.9
1137,2023,130140,宣城,旌德县乡村振兴局,乡村振兴,本科,中国语言文学类、工业工程类、土木类、建筑类、法学类、计算机类,1.0,23.0,69.5,69.95
1138,2023,130141,宣城,旌德县城管执法局,城市管理,本科,法学类,1.0,5.0,68.85,74.2
1139,2023,130142,宣城,旌德县城管执法局,城市管理,本科,公共管理类、建筑学专业,1.0,22.0,70.0,71.55
1140,2023,130143,宣城,旌德经开区管委会,经济管理,本科,经济学类、金融学类,1.0,17.0,69.95,78.8
1141,2023,130144,宣城,旌德县委党校,机关综合,本科,哲学类、政治学类、马克思主义理论类、教育学类、历史学类、公共管理类、汉语言文学专业,1.0,21.0,72.4,75.95
1142,2023,130145,宣城,旌德县委党史和地方志研究室,机关综合,本科,设计学类、历史学类、中国语言文学类,1.0,56.0,68.85,69.55
1143,2023,130146,宣城,旌德县委党史和地方志研究室,档案管理,本科,图书情报与档案管理类,1.0,4.0,59.8,61.35
1144,2023,130147,宣城,旌德县招商合作中心,招商引资,本科,经济学门类,1.0,13.0,71.6,75.85
1145,2023,130148,宣城,旌德县财政局县会计核算中心,财政行政,本科,经济学门类、中国语言文学类、计算机类、财务管理专业,2.0,38.0,69.75,75.0
1146,2023,130149,宣城,旌德县文旅局县文化市场综合行政执法大队,执法监管,专科,专科：法律实务类、法律执行类；本科：法学类,1.0,17.0,59.95,62.4
1147,2023,130150,宣城,旌德县庙首镇,法律咨询,专科,专科：法律实务类；本科：法学类,1.0,26.0,65.15,74.35
1148,2023,130151,宣城,旌德县庙首镇,综合文字,本科,中国语言文学类,1.0,18.0,67.55,69.2
1149,2023,130152,宣城,旌德县乡镇,乡镇行政工作,专科,不限,8.0,330.0,69.45,80.8
1150,2023,130153,宣城,旌德县乡镇,乡镇行政工作,专科,不限,5.0,108.0,67.3,73.8
1151,2023,130154,宣城,旌德县乡镇,人武专干,专科,人民武装专业（退役军人报考可不限专业）,2.0,34.0,62.28,68.18
1152,2023,130155,宣城,旌德县乡镇,乡镇行政工作,专科,不限,2.0,5.0,52.85,64.25
1153,2023,130156,宣城,宣城市人民检察院,检察官助理,本科,法学类(不含特设专业),1.0,7.0,64.7,68.8
1154,2023,130157,宣城,宣城市人民检察院,检察官助理,本科,法学类(不含特设专业),1.0,15.0,72.2,73.3
1155,2023,130158,宣城,宣城市人民检察院,财政管理,本科,财务管理专业、会计学专业、审计学专业,1.0,32.0,68.66,72.65
1156,2023,130159,宣城,郎溪县人民检察院,检察官助理,本科,法学类(不含特设专业),2.0,11.0,68.75,76.65
1157,2023,130160,宣城,郎溪县人民检察院,司法行政,本科,中国语言文学类、新闻传播学类、法学专业,1.0,12.0,70.1,74.9
1158,2023,130161,宣城,宁国市人民检察院,检察官助理,本科,法学类(不含特设专业),1.0,2.0,66.75,71.4
1159,2023,130162,宣城,宁国市人民检察院,司法行政,本科,新闻传播学类,1.0,19.0,72.5,73.95
1160,2023,130163,宣城,泾县人民检察院,检察官助理,本科,法学类(不含特设专业),1.0,4.0,63.7,70.9
1161,2023,130164,宣城,绩溪县人民检察院,检察官助理,本科,法学类(不含特设专业),2.0,6.0,62.55,72.15
1162,2023,130165,宣城,旌德县人民检察院,检察官助理,本科,法学类(不含特设专业),1.0,0.0,61.1,63.65
1163,2023,130166,宣城,旌德县人民检察院,司法行政,本科,财务管理专业、会计学专业、审计学专业,1.0,9.0,66.18,68.3
1164,2023,130167,宣城,宣州区人民法院,司法行政,本科,图书情报与档案管理类,1.0,13.0,69.7,73.75
1165,2023,130168,宣城,宣州区人民法院,司法警察,专科,刑事执行专业、刑事侦查技术专业、罪犯心理测量与矫正技术专业、行政执行专业、戒毒矫治技术专业、司法信息安全专业、司法警务专业,1.0,30.0,62.7,71.15
1166,2023,130169,宣城,郎溪县人民法院,法官助理,本科,法学类（不含特设专业）,3.0,11.0,63.15,73.0
1167,2023,130170,宣城,郎溪县人民法院,法官助理,本科,法学类（不含特设专业）,2.0,5.0,62.65,70.8
1168,2023,130171,宣城,郎溪县人民法院,司法行政,本科,中国语言文学类、新闻传播学类,1.0,16.0,67.8,74.3
1169,2023,130172,宣城,郎溪县人民法院,司法行政,本科,公共管理类、工商管理类,1.0,47.0,72.15,74.8
1170,2023,130173,宣城,郎溪县人民法院,司法行政,本科,不限,1.0,6.0,64.15,68.75
1171,2023,130174,宣城,宁国市人民法院,司法行政,本科,中国语言文学类、新闻传播学类,1.0,14.0,69.0,72.4
1172,2023,130175,宣城,宁国市人民法院,法官助理,本科,法学类,1.0,6.0,66.65,68.25
1173,2023,130176,宣城,宁国市人民法院,司法警察,专科,不限,1.0,6.0,54.85,62.85
1174,2023,130177,宣城,宁国市人民法院,司法警察,专科,不限,1.0,72.0,66.85,70.75
1175,2023,130178,宣城,泾县人民法院,法官助理,本科,法学类,1.0,1.0,63.85,70.8
1176,2023,130179,宣城,泾县人民法院,司法行政,本科,中国语言文学类、新闻传播学类、会计学专业,1.0,26.0,69.8,74.4
1177,2023,130180,宣城,泾县人民法院,司法警察,本科,不限,1.0,32.0,69.7,71.1
1178,2023,130181,宣城,绩溪县人民法院,法官助理,本科,法学类,1.0,2.0,,
1179,2023,130182,宣城,绩溪县人民法院,司法警察,本科,法学类,1.0,3.0,65.1,67.5
1180,2023,130183,宣城,旌德县人民法院,法官助理,本科,法学类,2.0,5.0,60.25,64.3
1181,2023,130184,宣城,旌德县人民法院,司法行政,本科,法学类,1.0,11.0,67.9,69.45
1182,2023,130185,宣城,宣城市公安局,金融财会★,本科,会计学专业、财务管理专业、审计学专业,2.0,33.0,65.44,73.55
1183,2023,130186,宣城,宣城市公安局,人民警察,本科,档案学专业、秘书学专业、汉语言文学专业、汉语言专业、新闻学专业、网络与新媒体专业,3.0,28.0,64.91,70.02
1184,2023,130187,宣城,宣城市公安局,人民警察,本科,档案学专业、秘书学专业、汉语言文学专业、汉语言专业、新闻学专业、网络与新媒体专业,2.0,8.0,60.26,66.92
1185,2023,130188,宣城,宣城市公安局,人民警察,本科,影视摄影与制作专业、影视技术专业、数字媒体艺术专业、电影制作专业,2.0,27.0,64.49,69.69
1186,2023,130189,宣城,宣城市公安局,网络安全与执法★,本科,公安视听技术专业、广播电视工程专业、数字媒体技术专业、空间信息与数字技术专业,2.0,9.0,65.34,71.32
1187,2023,130190,宣城,宣城市公安局,网络安全管理★,本科,数据科学与大数据技术专业、计算机科学与技术专业、信息与计算科学专业、信息安全专业,2.0,35.0,66.06,72.09
1188,2023,130191,宣城,宣城市公安局,信息通信★,本科,软件工程专业、通信工程专业、信息工程专业、网络工程专业、物联网工程专业,2.0,28.0,69.9,75.01
1189,2023,130192,宣城,宣城市公安局,物证检验及鉴定★,本科,化学类、生物工程专业、生物制药专业、生物技术专业、刑事科学技术专业、应用物理学专业,2.0,43.0,69.94,74.25
1190,2023,130193,宣城,宣城市公安局,警犬技术★,本科,动物医学类、警犬技术专业,1.0,10.0,62.07,63.66
1191,2023,130194,宣城,郎溪县公安局,人民警察,本科,中国语言文学类、新闻传播学类,1.0,7.0,65.9,67.57
1192,2023,130195,宣城,郎溪县公安局,人民警察,本科,公安学类、公安技术类,1.0,7.0,54.47,54.47
1193,2023,130196,宣城,郎溪县公安局,人民警察,本科,刑事科学技术专业、网络安全与执法专业、数据警务技术专业,1.0,0.0,,
1194,2023,130197,宣城,宁国市公安局,人民警察,本科,中国语言文学类、新闻传播学类,1.0,26.0,63.95,64.22
1195,2023,130198,宣城,宁国市公安局,人民警察,本科,中国语言文学类、新闻传播学类,1.0,10.0,63.75,66.51
1196,2023,130199,宣城,宁国市公安局,网络安全与执法★,本科,软件工程专业、网络工程专业、信息安全专业,1.0,10.0,65.07,68.4
1197,2023,130200,宣城,宁国市公安局,网络安全与执法★,本科,软件工程专业、网络工程专业、信息安全专业,1.0,8.0,61.94,67.67
1198,2023,130201,宣城,宁国市公安局,法医★,本科,法医学类,1.0,5.0,60.98,66.63
1199,2023,130202,宣城,宁国市公安局,人民警察,本科,不限,8.0,141.0,65.24,70.86
1200,2023,130203,宣城,宁国市公安局,人民警察,本科,不限,2.0,46.0,66.26,72.78
1201,2023,130204,宣城,绩溪县公安局,人民警察,本科,计算机类,2.0,12.0,62.25,68.82
1202,2023,130205,宣城,绩溪县公安局,人民警察,本科,法学类,1.0,7.0,62.75,67.4
1203,2023,130206,宣城,旌德县公安局,人民警察,本科,不限,5.0,60.0,65.11,69.3
1204,2023,130207,宣城,旌德县公安局,人民警察,本科,不限,2.0,27.0,65.86,68.27
1205,2023,130208,宣城,旌德县公安局,人民警察,本科,会计学专业、财务管理专业、审计学专业,1.0,11.0,63.6,66.88
1206,2023,130209,宣城,旌德县公安局,人民警察,专科,研究生：公安学、公安技术一级学科下的各研究方向；本科：侦查学专业、治安学专业、交通管理工程专业、刑事科学技术专业、网络安全与执法专业、警务指挥与战术专业；专科：刑事侦查专业、治安管理专业、交通管理专业、刑事科学技术专业、信息网络安全监察专业、警察指挥与战术专业、特警专业,2.0,17.0,50.6,64.31
1207,2023,130210,宣城,宣州区乡镇（街道）,乡镇行政工作,高中（中专）,不限,1.0,0.0,,
1208,2023,130211,宣城,宁国市乡镇（街道）,乡镇行政工作,高中（中专）,不限,2.0,0.0,,
1209,2023,130212,宣城,泾县乡镇,乡镇行政工作,高中（中专）,不限,1.0,0.0,,
1210,2023,130213,宣城,绩溪县乡镇,乡镇行政工作,高中（中专）,不限,1.0,0.0,,
1211,2023,130214,宣城,旌德县乡镇,乡镇行政工作,高中（中专）,不限,1.0,0.0,,
1212,2023,40001,宿州,中共宿州市纪律检查委员会监察委员会,执纪监督调查,本科,法学类（不含监狱学专业）,3.0,44.0,64.2,70.35
1213,2023,40002,宿州,中共宿州市纪律检查委员会监察委员会,执纪监督调查,本科,经济学类、财政学类、金融学类、中国语言文学类、财务管理专业、会计学专业、审计学专业,2.0,82.0,71.0,73.1
1214,2023,40003,宿州,中共宿州市纪律检查委员会监察委员会,执纪监督调查,本科,不限,1.0,10.0,64.75,66.2
1215,2023,40004,宿州,中共宿州市委办公室,文字综合,本科,不限,1.0,68.0,70.15,71.75
1216,2023,40005,宿州,中共宿州市委宣传部,文字综合,本科,不限,1.0,74.0,74.45,75.2
1217,2023,40006,宿州,宿州市人大常委会办公室,财务管理,本科,工商管理类、经济学类、财政学类、金融学类,1.0,29.0,71.15,72.27
1218,2023,40007,宿州,宿州市人大常委会办公室,法务,本科,法学类,1.0,13.0,65.08,70.83
1219,2023,40008,宿州,中共宿州市委政策研究室,文字综合,本科,中国语言文学类、经济学类、法学类、政治学类、新闻传播学类、金融学类,1.0,32.0,71.25,75.55
1220,2023,40009,宿州,宿州市精神文明建设指导委员会办公室,文明创建,本科,不限,1.0,4.0,67.5,71.0
1221,2023,40010,宿州,中共宿州市直属机关工作委员会,机关综合,本科,文学门类、经济与贸易类、财务管理专业,1.0,24.0,73.0,76.7
1222,2023,40011,宿州,宿州市总工会,机关综合,本科,中国语言文学类,1.0,43.0,71.9,73.95
1223,2023,40012,宿州,宿州市人民政府办公室（市政府外事办公室）,文字综合,本科,经济学门类、农学门类、法学类、中国语言文学类、新闻传播学类、工商管理类,2.0,71.0,72.0,73.9
1224,2023,40013,宿州,宿州市民政局,民政事务,本科,中国语言文学类、新闻传播学类、公共管理类、金融学类、哲学专业、法学专业、历史学专业,1.0,28.0,69.85,73.2
1225,2023,40014,宿州,宿州市农业农村局,农业事务,本科,植物生产类（不含特设专业）、经济学类、汉语言文学专业、汉语言专业、应用语言学专业、秘书学专业、法学专业、财务管理专业,1.0,44.0,71.4,72.5
1226,2023,40015,宿州,宿州市农业农村局,农业事务,本科,计算机类（不含特设专业）、农业工程类（不含特设专业）、食品科学与工程专业、食品质量与安全专业,1.0,72.0,70.6,71.35
1227,2023,40016,宿州,宿州市自然资源和规划局,自然资源和规划管理,本科,地理科学类、地质学类、地质类、电子信息类、土木类、测绘类、建筑类、中国语言文学类,1.0,150.0,73.4,73.75
1228,2023,40017,宿州,宿州市审计局,财务审计,本科,审计学专业、会计学专业、金融学专业、财务管理专业,1.0,50.0,67.42,70.52
1229,2023,40018,宿州,宿州市发展和改革委员会,机关综合,本科,经济学门类、管理科学与工程类、工商管理类、公共管理类,2.0,122.0,73.6,77.15
1230,2023,40019,宿州,宿州市卫生健康委员会,卫生健康管理,本科,临床医学类、公共卫生与预防医学类、中医学类、基础医学类、中西医结合类,2.0,97.0,69.1,73.3
1231,2023,40020,宿州,宿州市财政局（市人民政府国有资产监督管理委员会）,财政管理,本科,不限,1.0,66.0,74.3,74.85
1232,2023,40021,宿州,宿州市应急管理局,应急管理与安全监管,本科,法学专业、汉语言文学专业、应用语言学专业、安全工程专业、土木工程专业、采矿工程专业、地质工程专业、水利水电工程专业、水务工程专业、化学工程与工艺专业、化学工程与工业生物工程专业,1.0,47.0,69.75,75.3
1233,2023,40022,宿州,宿州市统计局,统计管理,本科,计算机类、统计学类、经济学类,1.0,89.0,71.4,73.5
1234,2023,40023,宿州,宿州市司法局,司法行政,本科,法学类,1.0,5.0,65.8,73.75
1235,2023,40024,宿州,宿州市林业局,机关综合,本科,中国语言文学类、新闻传播学类、财务管理专业、会计学专业,1.0,80.0,72.45,75.1
1236,2023,40025,宿州,宿州市文化和旅游局,文化和旅游管理,本科,汉语言文学专业、汉语言专业、应用语言学专业、秘书学专业、中国语言与文化专业、考古学专业、法学专业、旅游管理专业、金融学专业,1.0,71.0,74.1,75.7
1237,2023,40026,宿州,宿州市埇桥区生态环境分局,生态环保,本科,环境科学与工程类,1.0,64.0,71.0,72.35
1238,2023,40027,宿州,宿州市灵璧县生态环境分局,生态环保,本科,环境科学与工程类、生物科学类、化学类,1.0,61.0,70.6,73.85
1239,2023,40028,宿州,宿州市公安局,网络安全管理★,本科,网络工程专业、信息安全专业、软件工程专业、通信工程专业、数据科学与大数据技术专业、大数据管理与应用专业,3.0,44.0,67.34,71.46
1240,2023,40029,宿州,宿州市公安局,信息通信★,本科,计算机类、电子信息类,2.0,71.0,69.59,73.8
1241,2023,40030,宿州,宿州市公安局,人民警察,本科,政治学类,1.0,7.0,65.54,66.99
1242,2023,40031,宿州,宿州市公安局,人民警察,本科,不限,3.0,122.0,69.08,74.31
1243,2023,40032,宿州,宿州市公安局,人民警察,本科,不限,2.0,7.0,58.38,69.21
1244,2023,40033,宿州,中共宿州市委党史和地方志研究室（市档案馆）,档案管理,本科,不限,1.0,11.0,70.05,71.35
1245,2023,40034,宿州,中共宿州市委宣传部市委讲师团,宣传研究,本科,不限,1.0,68.0,70.15,72.5
1246,2023,40035,宿州,中共宿州市委党校,教务和行政管理,本科,不限,2.0,366.0,74.0,76.4
1247,2023,40036,宿州,宿州市机关事务管理中心,机关综合,本科,不限,1.0,12.0,66.75,71.95
1248,2023,40037,宿州,宿州市房产管理服务中心,住房保障管理,本科,不限,1.0,7.0,66.6,71.05
1249,2023,40038,宿州,宿州市供销合作社联合社,监察审计,本科,经济学类、工商管理类,1.0,64.0,73.25,73.75
1250,2023,40039,宿州,宿州市人力资源和社会保障局市就业管理中心,财务管理,本科,金融学类、财政学类、会计学专业、财务管理专业、审计学专业、经济学专业,1.0,27.0,70.68,71.49
1251,2023,40040,宿州,宿州市人力资源和社会保障局市劳动保障监察综合执法支队,劳动保障监察,本科,法学门类、文学门类,1.0,29.0,72.1,73.2
1252,2023,40041,宿州,宿州市市场监督管理局市纤维检验所,纤维检验管理,本科,纺织类、仪器类,2.0,55.0,71.4,75.2
1253,2023,40042,宿州,宿州市市场监督管理局市纤维检验所,财务管理,本科,金融学类、财政学类、会计学专业、财务管理专业、审计学专业,1.0,35.0,65.78,69.5
1254,2023,40043,宿州,宿州市农业农村局市农科教办公室,农技教育,本科,植物生产类（不含特设专业）、经济学类、汉语言文学专业、汉语言专业、应用语言学专业、秘书学专业,1.0,29.0,71.3,74.25
1255,2023,40044,宿州,宿州市发展和改革委员会市重点项目推进中心,文字综合,本科,经济学门类、管理科学与工程类、工商管理类、公共管理类,2.0,103.0,72.15,73.85
1256,2023,40045,宿州,宿州市发展和改革委员会市重点项目推进中心,文字综合,本科,不限,1.0,6.0,68.55,73.75
1257,2023,40046,宿州,宿州市财政局市非税收入管理服务中心,非税管理,本科,不限,1.0,53.0,74.2,77.7
1258,2023,40047,宿州,宿州市林业局市绿化委员会办公室,造林绿化,本科,林学类、森林工程专业,1.0,40.0,71.45,74.3
1259,2023,40048,宿州,宿州市文化和旅游局市文化市场综合执法支队,网络文化市场管理,本科,电子信息类、计算机类,2.0,73.0,68.06,73.85
1260,2023,40049,宿州,埇桥区司法局,社区矫正,本科,经济学门类,1.0,47.0,72.25,76.6
1261,2023,40050,宿州,埇桥区司法局,社区矫正,本科,法学类,1.0,5.0,62.45,65.9
1262,2023,40051,宿州,埇桥区司法局,社区矫正,本科,法学类,1.0,11.0,57.82,61.69
1263,2023,40052,宿州,埇桥区司法局,社区矫正,本科,不限,1.0,6.0,66.75,71.4
1264,2023,40053,宿州,砀山县公安局,人民警察,本科,计算机类,2.0,28.0,65.95,68.32
1265,2023,40054,宿州,砀山县公安局,人民警察,本科,中国语言文学类、新闻学专业、思想政治教育专业、公安政治工作专业,1.0,3.0,57.96,60.66
1266,2023,40055,宿州,砀山县公安局,人民警察,本科,法学类,1.0,7.0,57.42,64.79
1267,2023,40056,宿州,砀山县乡镇机关,村镇事务管理,本科,不限,7.0,155.0,66.2,73.75
1268,2023,40057,宿州,砀山县乡镇机关,村镇事务管理,本科,不限,7.0,146.0,69.2,75.75
1269,2023,40058,宿州,砀山县乡镇机关,村镇事务管理,本科,不限,8.0,82.0,64.75,74.7
1270,2023,40059,宿州,砀山县乡镇机关,村镇事务管理,专科,不限,4.0,213.0,68.4,72.25
1271,2023,40060,宿州,砀山县乡镇机关,村镇事务管理,专科,不限,4.0,226.0,69.8,73.8
1272,2023,40061,宿州,砀山县乡镇机关,村镇事务管理,专科,不限,7.0,382.0,67.85,75.0
1273,2023,40062,宿州,砀山县乡镇机关,村镇事务管理,专科,不限,6.0,334.0,68.8,77.1
1274,2023,40063,宿州,砀山县乡镇机关,人武专干,专科,人民武装专业（退役军人报考可不限专业）,1.0,39.0,63.7,73.02
1275,2023,40064,宿州,中共萧县县委组织部,机关综合,本科,中国语言文学类、行政管理专业、公共关系学专业、管理科学专业,2.0,16.0,67.9,72.8
1276,2023,40065,宿州,中共萧县纪律检查委员会监察委员会派驻纪检监察组,监督执纪,本科,法学类,4.0,17.0,51.82,72.26
1277,2023,40066,宿州,中共萧县纪律检查委员会监察委员会派驻纪检监察组,监督执纪,本科,心理学类、侦查学专业、经济犯罪侦查专业、犯罪学专业,4.0,19.0,64.05,73.3
1278,2023,40067,宿州,萧县总工会,文字综合,本科,中国语言文学类、广播电视学专业、网络与新媒体专业、新闻学专业,1.0,24.0,68.35,71.9
1279,2023,40068,宿州,萧县市场监督管理局,市场监管,本科,食品科学与工程类,2.0,42.0,68.75,71.1
1280,2023,40069,宿州,萧县市场监督管理局,市场监管,本科,设计学类、广告学专业、机械设计制造及其自动化专业、电气工程及其自动化专业、机械电子工程专业,2.0,98.0,69.15,72.25
1281,2023,40070,宿州,萧县市场监督管理局,市场监管,本科,法学类,2.0,28.0,66.8,70.9
1282,2023,40071,宿州,萧县市场监督管理局,市场监管,本科,药学类、中药学类,2.0,37.0,65.15,70.35
1283,2023,40072,宿州,萧县市场监督管理局,市场监管,本科,计算机类,2.0,32.0,67.83,73.37
1284,2023,40073,宿州,萧县市场监督管理局,市场监管,本科,会计学专业、财务管理专业、审计学专业、财政学专业、金融学专业,2.0,29.0,62.22,68.99
1285,2023,40074,宿州,萧县司法局,司法行政,本科,不限,1.0,10.0,66.55,70.65
1286,2023,40075,宿州,萧县农业农村局,机关综合,本科,不限,1.0,49.0,68.95,70.15
1287,2023,40076,宿州,萧县人力资源和社会保障局,文字综合,本科,不限,3.0,163.0,71.6,77.9
1288,2023,40077,宿州,萧县财政局,财务管理,本科,经济学专业、财政学专业、金融学专业、投资学专业、会计学专业、税收学专业、财务管理专业、资产评估专业,2.0,45.0,63.97,73.26
1289,2023,40078,宿州,萧县水利局,水利建设,本科,水利类、土木、水利与交通工程专业、农业水利工程专业,1.0,37.0,70.7,74.75
1290,2023,40079,宿州,萧县经济和信息化局,项目建设,本科,电子信息类、机械设计制造及其自动化专业、国际经济与贸易专业,1.0,62.0,72.05,77.0
1291,2023,40080,宿州,萧县经济和信息化局,机关综合,本科,不限,1.0,3.0,64.95,70.7
1292,2023,40081,宿州,萧县教育体育局,机关综合,本科,中国语言文学类、教育学专业、教育技术学专业、行政管理专业,1.0,31.0,70.15,71.3
1293,2023,40082,宿州,萧县文化和旅游局,文化旅游,本科,新闻传播学类,1.0,16.0,69.85,71.3
1294,2023,40083,宿州,萧县审计局,财务审计,本科,会计学专业、财务管理专业、审计学专业、财政学专业、金融学专业,1.0,10.0,63.83,65.73
1295,2023,40084,宿州,萧县乡村振兴局,扶贫管理,本科,工商管理类、工程管理专业、信息管理与信息系统专业、工程审计专业,1.0,58.0,71.65,76.0
1296,2023,40085,宿州,萧县城市管理局,法规指导,本科,法学类,1.0,4.0,64.52,74.32
1297,2023,40086,宿州,萧县公安局,人民警察,本科,公共管理类、汉语言文学专业、汉语言专业、秘书学专业,1.0,15.0,62.38,65.67
1298,2023,40087,宿州,萧县公安局,人民警察,本科,新闻学专业、网络与新媒体专业、传播学专业、编辑出版学专业,5.0,15.0,56.78,67.26
1299,2023,40088,宿州,萧县公安局,人民警察,本科,法学门类,5.0,11.0,54.69,64.28
1300,2023,40089,宿州,萧县公安局,人民警察,本科,不限,4.0,24.0,61.04,69.6
1301,2023,40090,宿州,萧县公安局,人民警察,本科,食品质量与安全专业、食品安全与检测专业、食品科学与工程专业、化妆品科学与技术专业、药物制剂专业、环境科学与工程专业、环境生态工程专业、植物保护专业、野生动物与自然保护区管理专业、动物科学专业、动植物检疫专业,1.0,21.0,63.2,63.93
1302,2023,40091,宿州,萧县公安局,信息通信★,本科,计算机类、电子信息类,1.0,15.0,63.44,70.09
1303,2023,40092,宿州,萧县公安局,网络安全管理★,本科,计算机类,2.0,30.0,65.15,71.6
1304,2023,40093,宿州,萧县公安局,网络安全管理★,本科,计算机科学与技术专业、数据科学与大数据技术专业、软件工程专业、智能科学与技术专业,1.0,16.0,69.79,75.39
1305,2023,40094,宿州,中共萧县县委党史和地方志研究室,党史研究,本科,中国语言文学类、档案学专业、历史学专业,1.0,15.0,69.4,72.2
1306,2023,40095,宿州,中共萧县县委党史和地方志研究室,党史研究,本科,不限,1.0,2.0,65.6,68.75
1307,2023,40096,宿州,萧县残疾人联合会,机关综合,本科,不限,1.0,4.0,63.9,70.1
1308,2023,40097,宿州,萧县经济开发区管理委员会,法律服务,本科,法学类,1.0,2.0,64.24,69.1
1309,2023,40098,宿州,萧县经济开发区管理委员会,对外宣传,本科,新闻传播学类,1.0,12.0,69.85,70.55
1310,2023,40099,宿州,萧县审计局县经济责任审计中心,财务审计,本科,会计学专业、财务管理专业、审计学专业、财政学专业、金融学专业,1.0,11.0,64.14,68.75
1311,2023,40100,宿州,萧县财政局县非税收入管理服务中心,财务管理,本科,经济学专业、财政学专业、金融学专业、投资学专业、会计学专业、税收学专业、财务管理专业、资产评估专业,2.0,42.0,63.65,70.1
1312,2023,40101,宿州,萧县乡镇机关,村镇事务管理,本科,不限,7.0,26.0,63.6,75.25
1313,2023,40102,宿州,萧县乡镇机关,村镇事务管理,本科,不限,5.0,126.0,69.55,78.45
1314,2023,40103,宿州,萧县乡镇机关,村镇事务管理,专科,不限,4.0,474.0,69.95,74.15
1315,2023,40104,宿州,萧县乡镇机关,村镇事务管理,本科,不限,4.0,130.0,68.8,72.3
1316,2023,40105,宿州,萧县乡镇机关,人武专干,专科,不限,1.0,19.0,63.21,71.45
1317,2023,40106,宿州,中共灵璧县纪律检查委员会监察委员会,监督执纪,本科,法学类、公安学类,1.0,6.0,66.74,68.46
1318,2023,40107,宿州,中共灵璧县纪律检查委员会监察委员会派驻纪检监察组,监督执纪,本科,经济学类、金融学类、财务管理专业、会计学专业、审计学专业,2.0,36.0,63.18,73.23
1319,2023,40108,宿州,中共灵璧县纪律检查委员会监察委员会派驻纪检监察组,监督执纪,本科,不限,1.0,8.0,63.4,64.9
1320,2023,40109,宿州,灵璧县发展和改革委员会（粮食和物资储备局）,固定资产投资管理,本科,经济学专业、经济统计学专业、投资学专业、财政学专业、审计学专业,1.0,22.0,67.0,74.75
1321,2023,40110,宿州,灵璧县发展和改革委员会（粮食和物资储备局）,国民经济规划,本科,金融学专业、国际经济与贸易专业、经济与金融专业、数字经济专业、国民经济管理专业、互联网金融专业,1.0,23.0,69.0,73.5
1322,2023,40111,宿州,灵璧县交通运输局,工程建设管理,本科,道路桥梁与渡河工程专业、土木工程专业、工程管理专业、工程审计专业,1.0,35.0,67.3,69.7
1323,2023,40112,宿州,灵璧县交通运输局,工程建设管理,本科,不限,1.0,4.0,68.9,69.85
1324,2023,40113,宿州,灵璧县水利局,水利管理,本科,水利水电工程专业、水文与水资源工程专业、水务工程专业、水利科学与工程专业,2.0,22.0,60.85,68.15
1325,2023,40114,宿州,灵璧县统计局,经济统计,本科,不限,1.0,6.0,63.9,71.55
1326,2023,40115,宿州,灵璧县住房和城乡建设局,城乡建设,本科,建筑类、土木类、安全科学与工程类、管理科学与工程类、消防工程专业,1.0,45.0,71.8,76.05
1327,2023,40116,宿州,灵璧县经济和信息化局,经济运行管理,本科,经济学类、经济与贸易类,1.0,21.0,71.95,73.55
1328,2023,40117,宿州,灵璧县经济和信息化局,经济运行管理,本科,工业工程类、电子商务类、工程管理专业、工程造价专业、工程审计专业,1.0,36.0,71.55,75.35
1329,2023,40118,宿州,灵璧县数据资源局,数据管理,本科,计算机类、电子信息类,1.0,27.0,67.16,73.39
1330,2023,40119,宿州,灵璧县城市管理局,城市管理,本科,公共管理类、城乡规划专业、人居环境科学与技术专业,1.0,24.0,68.3,70.2
1331,2023,40120,宿州,灵璧县卫生健康委员会,卫生健康管理,本科,计算机类、电子信息类,1.0,26.0,66.82,69.9
1332,2023,40121,宿州,灵璧县卫生健康委员会,卫生健康管理,本科,公共卫生与预防医学类、卫生检验与检疫专业、基础医学专业、中西医临床医学专业、药学专业,1.0,25.0,66.15,70.55
1333,2023,40122,宿州,灵璧县市场监督管理局,市场监管,本科,经济学类、金融学类、法学类、药学类,2.0,37.0,66.75,73.25
1334,2023,40123,宿州,灵璧县市场监督管理局,市场监管,本科,不限,1.0,8.0,52.7,58.75
1335,2023,40124,宿州,灵璧县公安局,人民警察,本科,法学门类,4.0,17.0,63.45,68.75
1336,2023,40125,宿州,灵璧县公安局,人民警察,本科,不限,1.0,5.0,60.69,67.64
1337,2023,40126,宿州,灵璧县公安局,人民警察,本科,法学门类,1.0,47.0,65.07,70.05
1338,2023,40127,宿州,灵璧县乡镇机关,村镇事务管理,本科,不限,3.0,106.0,69.3,73.15
1339,2023,40128,宿州,灵璧县乡镇机关,村镇事务管理,本科,不限,3.0,31.0,63.3,72.5
1340,2023,40129,宿州,灵璧县乡镇机关,村镇事务管理,本科,不限,2.0,204.0,71.65,75.9
1341,2023,40130,宿州,灵璧县乡镇机关,村镇事务管理,专科,不限,2.0,330.0,70.45,73.3
1342,2023,40131,宿州,灵璧县乡镇机关,人武专干,专科,人民武装专业（退役军人报考可不限专业）,1.0,37.0,59.49,62.54
1343,2023,40132,宿州,中共泗县纪律检查委员会监察委员会,监督执纪,本科,电子信息类、审计学专业,1.0,34.0,67.95,74.6
1344,2023,40133,宿州,中共泗县纪律检查委员会监察委员会,监督执纪,本科,不限,2.0,82.0,71.25,75.3
1345,2023,40134,宿州,中共泗县县委组织部,机关综合,本科,不限,3.0,139.0,69.8,74.25
1346,2023,40135,宿州,泗县总工会,机关综合,本科,公共管理类、工商管理类,1.0,45.0,71.95,75.25
1347,2023,40136,宿州,泗县经济和信息化局,工业经济管理,本科,经济学类、经济与贸易类、统计学专业、金融学专业、汉语言文学专业,1.0,26.0,68.25,70.35
1348,2023,40137,宿州,泗县司法局,机关综合,本科,中国语言文学类,1.0,18.0,70.35,71.3
1349,2023,40138,宿州,泗县司法局,司法行政,本科,法学类,3.0,92.0,60.52,66.97
1350,2023,40139,宿州,泗县司法局,司法行政,本科,不限,1.0,49.0,68.65,69.05
1351,2023,40140,宿州,泗县司法局,司法行政,本科,不限,1.0,10.0,66.45,69.25
1352,2023,40141,宿州,泗县城市管理局,城市建设,本科,公共管理类、工商管理类,1.0,42.0,71.6,74.25
1353,2023,40142,宿州,泗县商务局,财务管理,本科,经济学类、金融学类、会计学专业、财务管理专业、审计学专业,1.0,18.0,64.15,66.97
1354,2023,40143,宿州,泗县科学技术局,科学技术管理,本科,经济学类、法学类、会计学专业、财务管理专业,1.0,36.0,71.5,72.6
1355,2023,40144,宿州,泗县科学技术局,科学技术管理,本科,机械类、材料类、电子信息类、自动化类,1.0,79.0,72.1,73.45
1356,2023,40145,宿州,泗县卫生健康委员会,卫生健康管理,本科,医学门类,2.0,69.0,66.85,74.75
1357,2023,40146,宿州,泗县卫生健康委员会,卫生健康管理,本科,不限,1.0,9.0,68.55,70.6
1358,2023,40147,宿州,泗县统计局,经济统计,本科,经济学类、统计学类、会计学专业,1.0,28.0,71.3,71.55
1359,2023,40148,宿州,泗县乡村振兴局,机关综合,本科,中国语言文学类、计算机类、统计学类,1.0,44.0,70.0,73.75
1360,2023,40149,宿州,泗县乡村振兴局,乡村建设管理,本科,土木类、农业经济管理类、城乡规划专业,1.0,34.0,67.85,69.15
1361,2023,40150,宿州,泗县审计局,财务审计,本科,会计学专业、审计学专业、财务管理专业、财政学专业、金融学专业,1.0,16.0,62.78,67.77
1362,2023,40151,宿州,泗县教育体育局,教体管理,本科,体育学类、教育学类,1.0,42.0,67.25,69.25
1363,2023,40152,宿州,泗县教育体育局,财务管理,本科,经济学类、金融学类、会计学专业、财务管理专业、审计学专业,1.0,17.0,63.59,70.18
1364,2023,40153,宿州,泗县民政局,公共服务,本科,社会学专业、社会工作专业、养老服务管理专业、公共事业管理专业、劳动与社会保障专业,1.0,30.0,71.7,73.6
1365,2023,40154,宿州,泗县经济开发区管理委员会,机关综合,本科,经济学类、金融学类、经济与贸易类,1.0,30.0,71.25,73.8
1366,2023,40155,宿州,泗县经济开发区管理委员会,机关综合,本科,统计学类、经济学类、金融学类、经济与贸易类,1.0,20.0,71.95,75.45
1367,2023,40156,宿州,泗县公安局,人民警察,专科,专科：刑事侦查专业、治安管理专业、交通管理专业、刑事科学技术专业、信息网络安全监察专业、警察指挥与战术专业本科：侦查学专业、治安学专业、交通管理工程专业、刑事科学技术专业、网络安全与执法专业、警务指挥与战术专业研究生：公安学（一级学科）、公安技术（一级学科）,2.0,11.0,58.92,67.64
1368,2023,40157,宿州,泗县公安局,人民警察,本科,计算机类,2.0,21.0,64.06,74.06
1369,2023,40158,宿州,泗县公安局,人民警察,本科,法学门类,3.0,15.0,59.65,67.72
1370,2023,40159,宿州,泗县公安局,人民警察,本科,不限,2.0,66.0,67.16,71.59
1371,2023,40160,宿州,泗县公安局,人民警察,本科,不限,2.0,13.0,65.79,68.72
1372,2023,40161,宿州,泗县公安局,人民警察,本科,不限,2.0,42.0,67.39,73.67
1373,2023,40162,宿州,中共泗县县委机构编制委员会办公室县事业单位登记管理服务中心,机关综合,本科,不限,1.0,78.0,70.7,73.6
1374,2023,40163,宿州,泗县人力资源和社会保障局县社会保险事业管理服务中心,机关综合,本科,中国语言文学类、金融学类、公共管理类,1.0,21.0,71.8,73.65
1375,2023,40164,宿州,泗县残疾人联合会,文字综合,本科,不限,1.0,6.0,67.4,69.25
1376,2023,40165,宿州,泗县乡镇机关,村镇事务管理,本科,不限,2.0,115.0,69.9,74.85
1377,2023,40166,宿州,泗县乡镇机关,村镇事务管理,专科,不限,1.0,212.0,68.45,68.85
1378,2023,40167,宿州,泗县乡镇机关,村镇事务管理,专科,不限,1.0,31.0,66.95,70.2
1379,2023,40168,宿州,泗县乡镇机关,人武专干,专科,人民武装专业（退役军人报考可不限专业）,1.0,38.0,61.82,65.25
1380,2023,40169,宿州,宿州市中级人民法院,法官助理,本科,法学类,3.0,18.0,69.7,74.85
1381,2023,40170,宿州,宿州市中级人民法院,司法行政人员,本科,法学类,1.0,27.0,69.13,72.39
1382,2023,40171,宿州,宿州市中级人民法院,司法行政人员,本科,中国语言文学类、法学类,1.0,31.0,70.55,73.2
1383,2023,40172,宿州,宿州市中级人民法院,司法警察,本科,公安学类,1.0,2.0,55.75,63.15
1384,2023,40173,宿州,埇桥区人民法院,法官助理,本科,法学类,4.0,14.0,66.1,75.75
1385,2023,40174,宿州,埇桥区人民法院,法官助理,本科,法学类,8.0,28.0,66.55,74.8
1386,2023,40175,宿州,埇桥区人民法院,司法行政人员,本科,法学类,3.0,31.0,65.1,74.69
1387,2023,40176,宿州,埇桥区人民法院,司法行政人员,本科,法学类、新闻传播学类、马克思主义理论类、中国语言文学类,2.0,60.0,71.7,72.5
1388,2023,40177,宿州,埇桥区人民法院,司法行政人员,本科,中国语言文学类、工商管理类,1.0,64.0,72.6,73.4
1389,2023,40178,宿州,埇桥区人民法院,司法警察,专科,刑事执行专业、刑事侦查技术专业、行政执行专业、司法警务专业、公共安全管理专业、警察管理专业,2.0,59.0,65.84,68.27
1390,2023,40179,宿州,埇桥区人民法院,司法行政人员,本科,不限,4.0,48.0,70.85,77.35
1391,2023,40180,宿州,砀山县人民法院,法官助理,本科,法学类,2.0,4.0,62.2,67.05
1392,2023,40181,宿州,砀山县人民法院,法官助理,本科,法学类,2.0,3.0,55.55,68.85
1393,2023,40182,宿州,萧县人民法院,法官助理,本科,法学类,4.0,9.0,59.8,73.9
1394,2023,40183,宿州,萧县人民法院,法官助理,本科,法学类,2.0,3.0,52.75,69.1
1395,2023,40184,宿州,萧县人民法院,司法行政人员,本科,图书情报与档案管理类,1.0,7.0,58.0,64.2
1396,2023,40185,宿州,萧县人民法院,司法行政人员,本科,不限,1.0,5.0,67.1,70.55
1397,2023,40186,宿州,灵璧县人民法院,法官助理,本科,法学类,4.0,5.0,59.45,72.6
1398,2023,40187,宿州,灵璧县人民法院,法官助理,本科,法学类,3.0,2.0,58.55,65.8
1399,2023,40188,宿州,灵璧县人民法院,司法行政人员,本科,中国语言文学类、政治学类、新闻传播学类,1.0,23.0,67.75,71.05
1400,2023,40189,宿州,灵璧县人民法院,司法行政人员,本科,不限,2.0,20.0,67.95,72.45
1401,2023,40190,宿州,泗县人民法院,法官助理,本科,法学类,2.0,2.0,64.7,71.25
1402,2023,40191,宿州,泗县人民法院,法官助理,本科,法学类,1.0,0.0,,
1403,2023,40192,宿州,泗县人民法院,司法行政人员,本科,金融学类、会计学专业、财务管理专业、审计学专业,1.0,16.0,63.74,67.06
1404,2023,40193,宿州,宿州市人民检察院,检察官助理,本科,法学类（不含特设专业）,2.0,14.0,67.5,74.15
1405,2023,40194,宿州,埇桥区人民检察院,检察官助理,本科,法学类（不含特设专业）,1.0,6.0,,
1406,2023,40195,宿州,埇桥区人民检察院,检察官助理,本科,法学类（不含特设专业）,1.0,8.0,64.6,64.95
1407,2023,40196,宿州,埇桥区人民检察院,司法行政人员,本科,不限,1.0,12.0,67.55,75.05
1408,2023,40197,宿州,埇桥区人民检察院,司法行政人员,本科,新闻学专业、传播学专业、广播电视学专业、编辑出版学专业、数字出版专业,1.0,30.0,72.9,74.45
1409,2023,40198,宿州,埇桥区人民检察院,司法行政人员,本科,法学类,1.0,19.0,67.4,70.3
1410,2023,40199,宿州,砀山县人民检察院,检察官助理,本科,法学类（不含特设专业）,1.0,2.0,53.05,69.8
1411,2023,40200,宿州,砀山县人民检察院,检察官助理,本科,法学类（不含特设专业）,1.0,1.0,57.1,65.4
1412,2023,40201,宿州,砀山县人民检察院,司法行政人员,本科,新闻学专业、网络与新媒体专业、汉语言文学专业、秘书学专业,1.0,14.0,66.85,72.5
1413,2023,40202,宿州,萧县人民检察院,检察官助理,本科,法学类（不含特设专业）,2.0,6.0,66.5,71.0
1414,2023,40203,宿州,萧县人民检察院,检察官助理,本科,不限,1.0,5.0,68.95,71.35
1415,2023,40204,宿州,萧县人民检察院,检察官助理,本科,法学类（不含特设专业）,1.0,5.0,64.6,68.75
1416,2023,40205,宿州,灵璧县人民检察院,检察官助理,本科,法学类（不含特设专业）,1.0,7.0,54.4,68.15
1417,2023,40206,宿州,泗县人民检察院,检察官助理,本科,法学类（不含特设专业）,2.0,4.0,50.8,71.7
1418,2023,40207,宿州,泗县人民检察院,检察官助理,本科,法学类（不含特设专业）,3.0,4.0,64.0,70.2
1419,2023,40208,宿州,泗县人民检察院,司法行政人员,本科,不限,1.0,11.0,65.35,73.0
1420,2023,40209,宿州,砀山县乡镇机关,村镇事务管理,高中(中专),不限,1.0,0.0,,
1421,2023,40210,宿州,萧县乡镇机关,村镇事务管理,高中(中专),不限,1.0,0.0,,
1422,2023,40211,宿州,灵璧县乡镇机关,村镇事务管理,高中(中专),不限,1.0,0.0,,
1423,2023,40212,宿州,泗县乡镇机关,村镇事务管理,高中(中专),不限,1.0,0.0,,
1424,2023,220001,宿松,中共宿松县委办公室,文字综合,本科,本科：中国语言文学类、新闻传播学类、哲学类；硕士研究生：不限专业,2.0,22.0,66.9,69.7
1425,2023,220002,宿松,中共宿松县委讲师组,综合管理,本科,中国语言文学类、新闻传播学类、历史学类、计算机类,1.0,22.0,71.7,75.35
1426,2023,220003,宿松,宿松县人民政府办公室,文字综合1,本科,本科：中国语言文学类；硕士研究生：不限专业,1.0,14.0,69.65,71.4
1427,2023,220004,宿松,宿松县人民政府办公室,文字综合2,本科,经济学类、法学类、政治学类,1.0,10.0,68.25,77.05
1428,2023,220005,宿松,宿松县人力资源和社会保障局,劳动监察,本科,法学类、人力资源管理专业、劳动与社会保障专业,1.0,25.0,67.55,70.2
1429,2023,220006,宿松,宿松县教育局,教育行政,本科,本科：教育学专业、汉语言文学专业、思想政治教育专业；硕士研究生：不限专业,1.0,26.0,70.15,73.45
1430,2023,220007,宿松,宿松县住房和城乡建设局,城乡规划建设管理,本科,城乡规划专业、建筑学专业、智慧建筑与建造专业,1.0,16.0,64.0,72.15
1431,2023,220008,宿松,宿松县统计局,统计调查分析,本科,统计学类、经济与贸易类,1.0,20.0,71.4,74.1
1432,2023,220009,宿松,宿松县财政局,财政管理,本科,财政学类、金融学类、会计学专业、审计学专业、财务管理专业,1.0,27.0,70.12,70.51
1433,2023,220010,宿松,宿松县市场监督管理局,市场监管1,专科,不限,3.0,25.0,60.8,70.3
1434,2023,220011,宿松,宿松县市场监督管理局,市场监管2,本科,法学类、食品科学与工程类、药学类,5.0,66.0,67.6,71.8
1435,2023,220012,宿松,宿松县市场监督管理局,市场监管3,本科,不限,4.0,89.0,66.6,71.8
1436,2023,220013,宿松,宿松县商务局,电子商务,本科,电子信息类、经济与贸易类,1.0,32.0,70.2,77.8
1437,2023,220014,宿松,宿松县司法局,行政复议与应诉,本科,法学类(不含特设专业),2.0,5.0,53.1,64.25
1438,2023,220015,宿松,宿松县司法局,司法行政,本科,中国语言文学类,1.0,8.0,67.75,71.25
1439,2023,220016,宿松,宿松县公安局,人民警察1,本科,会计学专业、审计学专业、财务管理专业,1.0,9.0,63.39,65.17
1440,2023,220017,宿松,宿松县公安局,人民警察2,本科,交通管理工程专业、交通设备与控制工程专业、交通工程专业,1.0,4.0,60.65,64.71
1441,2023,220018,宿松,宿松县公安局,人民警察3,本科,不限,1.0,15.0,62.05,69.45
1442,2023,220019,宿松,宿松县公安局,物证检验及鉴定★,本科,刑事科学技术专业、公安视听技术、网络安全与执法专业、侦查学专业,1.0,0.0,,
1443,2023,220020,宿松,宿松县公安局,网络安全管理★,本科,计算机科学与技术专业、网络工程专业、信息安全专业,1.0,10.0,67.46,71.79
1444,2023,220021,宿松,宿松县公安局,特警,本科,体育教育专业、运动训练专业、武术与民族传统体育专业,5.0,22.0,56.8,65.52
1445,2023,220022,宿松,宿松县供销合作社联合社,综合管理,本科,不限,1.0,21.0,70.55,72.1
1446,2023,220023,宿松,宿松县供销合作社联合社,农村经济管理,本科,经济与贸易类、工商管理类、农业经济管理类,1.0,29.0,70.0,72.9
1447,2023,220024,宿松,宿松县医疗保障基金管理中心,医保基金管理,本科,医学信息工程专业、临床医学专业、医疗保险专业,1.0,10.0,67.65,70.2
1448,2023,220025,宿松,宿松县招商中心,招商管理,本科,不限,1.0,12.0,71.25,72.15
1449,2023,220026,宿松,宿松县乡镇机关,综合管理1,本科,不限,4.0,25.0,62.0,70.75
1450,2023,220027,宿松,宿松县乡镇机关,综合管理2,专科,不限,4.0,26.0,60.6,69.0
1451,2023,220028,宿松,宿松县乡镇机关,综合管理3,本科,不限,7.0,117.0,66.4,73.0
1452,2023,220029,宿松,宿松县乡镇机关,综合管理4,专科,不限,7.0,293.0,66.8,74.4
1453,2023,220030,宿松,宿松县乡镇机关,综合管理5,本科,不限,6.0,196.0,69.95,76.2
1454,2023,220031,宿松,宿松县乡镇机关,综合管理6,本科,金融学类、经济与贸易类、电子信息类,4.0,28.0,66.55,74.0
1455,2023,220032,宿松,宿松县乡镇机关,人武专干,专科,人民武装专业（退役军人报考可不限专业）,1.0,14.0,54.79,61.32
1456,2023,220033,宿松,宿松县乡镇机关,综合管理,高中（中专）,不限,1.0,0.0,,
1457,2023,210001,广德,广德市人民法院,司法行政人员,本科,中国语言文学类、新闻传播学类,1.0,32.0,71.25,72.3
1458,2023,210002,广德,广德市人民法院,司法警察,本科,法学类、公安学类,1.0,6.0,64.8,71.6
1459,2023,210003,广德,广德市人民法院,司法警察,本科,法学类、公安学类,1.0,11.0,65.95,70.0
1460,2023,210004,广德,广德市人民法院,法官助理,本科,法学类,1.0,14.0,74.45,76.0
1461,2023,210005,广德,广德市人民法院,司法行政人员,本科,不限,1.0,3.0,66.3,73.5
1462,2023,210006,广德,广德市人民检察院,司法行政人员,本科,不限,1.0,5.0,68.45,75.2
1463,2023,210007,广德,共青团广德市委员会,行政管理,本科,会计学专业、行政管理专业、社会工作专业、新闻学专业、网络与新媒体专业,1.0,38.0,72.85,75.3
1464,2023,210008,广德,广德市委党校,行政管理,本科,不限,1.0,6.0,64.65,70.5
1465,2023,210009,广德,广德市委党史和地方志研究室,财务管理,本科,会计学专业、财务管理专业、财务会计教育专业,1.0,17.0,66.09,68.5
1466,2023,210010,广德,广德市公安局,人民警察,本科,不限,4.0,77.0,64.85,70.71
1467,2023,210011,广德,广德市公安局,人民警察,本科,电子信息类、计算机类,2.0,30.0,64.58,70.01
1468,2023,210012,广德,广德市公安局,人民警察,专科,不限,1.0,11.0,55.56,66.08
1469,2023,210013,广德,广德市市场监督管理局,市场监管执法,本科,机械设计制造及其自动化专业、通信工程专业、药学专业,1.0,46.0,71.0,75.1
1470,2023,210014,广德,广德市非税收入核算中心,财务管理,本科,经济学类、金融学类、工商管理类,1.0,45.0,71.65,74.5
1471,2023,210015,广德,广德市应急管理执法大队,安全生产监管执法,本科,安全工程专业、应急技术与管理专业、应急管理专业、机械工程专业、冶金工程专业、金属材料工程专业,1.0,19.0,71.65,73.55
1472,2023,210016,广德,广德市文化市场综合执法大队,文化市场监管执法,本科,法学类、新闻传播学类,1.0,13.0,64.85,68.05
1473,2023,210017,广德,广德市商务监察大队,商务监察执法,本科,国际经济与贸易专业、商务经济学专业、会计学专业,1.0,48.0,69.55,70.15
1474,2023,210018,广德,广德市乡镇,综合文秘,本科,中国语言文学类、新闻传播学类,2.0,32.0,69.75,76.9
1475,2023,210019,广德,广德市乡镇,财务管理,本科,工商管理类、金融学类,2.0,58.0,71.6,74.7
1476,2023,210020,广德,广德市乡镇,规划建设管理,本科,建筑类、土木类,3.0,52.0,69.25,75.2
1477,2023,210021,广德,广德市乡镇,行政管理,专科,不限,3.0,16.0,50.0,69.05
1478,2023,210022,广德,广德市乡镇,行政管理,专科,不限,4.0,406.0,72.05,76.05
1479,2023,210023,广德,广德市桃州镇,农业建设管理,本科,农学门类,1.0,28.0,65.1,67.75
1480,2023,210024,广德,广德市新杭镇,安全生产管理,本科,化工与制药类,1.0,11.0,66.4,69.35
1481,2023,210025,广德,广德市新杭镇,网络管理,本科,计算机类,1.0,31.0,69.7,74.37
1482,2023,210026,广德,广德市柏垫镇,行政管理,本科,工商管理类,1.0,43.0,72.75,76.45
1483,2023,210027,广德,广德市杨滩镇,水利建设管理,本科,水利类,1.0,17.0,66.7,68.95
1484,2023,210028,广德,广德市杨滩镇,文化旅游管理,本科,旅游管理类,1.0,49.0,71.4,72.75
1485,2023,210029,广德,广德市乡镇,行政管理,高中（中专）,不限,1.0,0.0,,
1486,2023,150001,池州,中共池州市纪委、池州市监委,监督执纪,本科,法学类,1.0,10.0,67.73,68.0
1487,2023,150002,池州,池州市社科联,机关综合,本科,不限,1.0,11.0,70.7,74.3
1488,2023,150003,池州,池州市贵池区生态环境分局,生态环境管理,本科,环境科学与工程类、化学类、地理科学类,1.0,63.0,72.85,73.65
1489,2023,150004,池州,池州市东至县生态环境分局,生态环境管理,本科,环境科学与工程类、化学类、化工与制药类、生物科学类、法学专业,1.0,46.0,68.9,71.25
1490,2023,150005,池州,池州市东至县生态环境分局,机关综合,本科,不限,1.0,1.0,62.85,71.4
1491,2023,150006,池州,池州市司法局,行政复议与应诉,本科,法学类,1.0,33.0,65.82,72.83
1492,2023,150007,池州,池州市司法局,规范性审查,本科,法学类,1.0,20.0,67.33,71.69
1493,2023,150008,池州,中共池州市委宣传部中共池州市委讲师团,理论宣讲,本科,新闻学专业、广播电视学专业、广告学专业、传播学专业,1.0,41.0,71.4,74.25
1494,2023,150009,池州,中共池州市委老干部局池州市老干部活动中心,综合管理,本科,中国语言文学类、新闻传播学类、计算机类、公共管理类,1.0,49.0,70.35,73.8
1495,2023,150010,池州,池州市政府办公室池州市政府发展研究中心,综合文字,本科,经济学门类、工学门类、法学类、汉语言文学专业,1.0,53.0,74.4,75.25
1496,2023,150011,池州,池州市发展改革委池州市联合征信中心,综合管理,本科,经济学门类、管理科学与工程类、工商管理类,2.0,102.0,72.4,74.25
1497,2023,150012,池州,池州市财政局池州市农村综合改革工作站,资金服务保障,本科,经济学类、财政学类、金融学类、会计学专业、财务管理专业、审计学专业、财务会计教育专业,1.0,48.0,73.3,77.7
1498,2023,150013,池州,池州市财政局池州市国际合作资金管理中心,综合管理,本科,经济学类、财政学类、金融学类、会计学专业、财务管理专业、审计学专业、财务会计教育专业,1.0,59.0,70.6,74.8
1499,2023,150014,池州,池州市人力资源和社会保障局池州市人力资源开发指导中心,人力资源管理,本科,工商管理类、公共管理类、中国语言文学类,1.0,58.0,72.05,74.2
1500,2023,150015,池州,池州市生态环境局池州市生态环境保护综合行政执法支队,生态环境管理,本科,环境科学与工程类、化学类、生物科学类、法学专业,1.0,46.0,68.85,71.45
1501,2023,150016,池州,池州市农业农村局池州市农业综合行政执法支队（池州市渔政执法支队）,渔政管理,本科,法学类、水产养殖学专业、动植物检疫专业,1.0,14.0,64.55,67.65
1502,2023,150017,池州,池州市农业农村局池州市农业综合行政执法支队（池州市渔政执法支队）,动植物检疫,本科,法学类、水产养殖学专业、动植物检疫专业,1.0,14.0,66.75,70.2
1503,2023,150018,池州,池州市水利局池州市河道管理处(池州市河道采砂管理处),河道管理,本科,水利类,1.0,20.0,68.8,72.7
1504,2023,150019,池州,池州市文化和旅游局池州市文化市场综合执法支队,文化旅游管理,本科,旅游管理类,1.0,54.0,68.0,71.9
1505,2023,150020,池州,池州市文化和旅游局池州市文化市场综合执法支队,文化旅游管理,本科,法学类,1.0,8.0,63.24,70.09
1506,2023,150021,池州,池州市文化和旅游局池州市文化市场综合执法支队,文化旅游管理,本科,不限,1.0,5.0,66.75,68.45
1507,2023,150022,池州,池州市文化和旅游局池州市文化市场综合执法支队,文化旅游管理,本科,艺术管理专业、音乐学专业、舞蹈学专业、舞蹈编导专业、戏剧影视导演专业,1.0,40.0,63.95,68.75
1508,2023,150023,池州,池州市应急管理局池州市应急管理综合行政执法支队,应急管理,本科,机械工程专业、冶金工程专业、地质工程专业、采矿工程专业、安全工程专业、应急技术与管理专业、消防工程专业,1.0,27.0,70.4,73.5
1509,2023,150024,池州,池州市市场监管局池州市知识产权事业发展中心,知识产权运用保护,本科,电子信息类,1.0,71.0,70.1,72.85
1510,2023,150025,池州,池州市市场监管局池州市知识产权事业发展中心,知识产权运用保护,本科,材料类,1.0,52.0,73.4,74.4
1511,2023,150026,池州,池州市市场监管局池州市市场监管综合行政执法支队,市场监管,本科,不限,1.0,3.0,63.65,67.7
1512,2023,150027,池州,池州市市场监管局池州市市场监管综合行政执法支队,市场监管,本科,化学类、计算机类,1.0,45.0,68.8,71.8
1513,2023,150028,池州,池州市统计局池州市社会经济综合调查队,统计调查,本科,统计学类、经济统计学专业、会计学专业,2.0,35.0,70.2,76.85
1514,2023,150029,池州,池州市林业局池州市森林病虫害防治检疫站(池州市林业自然保护站),森林保护,本科,林学类、自然保护与环境生态类,1.0,25.0,69.2,75.8
1515,2023,150030,池州,池州市林业局安徽升金湖国家级自然保护区管理处,财务管理,本科,不限,1.0,1.0,63.2,71.55
1516,2023,150031,池州,池州市林业局安徽升金湖国家级自然保护区管理处,生态保护,本科,环境科学与工程类、林学类,1.0,28.0,72.2,76.95
1517,2023,150032,池州,池州市城市管理行政执法局皖江江南新兴产业集中区分局（池州市城市管理行政执法局皖江江南新兴产业集中区执法大队）,城市管理,本科,不限,1.0,95.0,68.8,75.3
1518,2023,150033,池州,池州市城市管理行政执法局经济技术开发区分局（池州市城市管理行政执法局经济技术开发区执法大队）,城市管理,本科,不限,1.0,6.0,62.0,68.05
1519,2023,150034,池州,池州市城市管理行政执法局平天湖风景区分局（池州市城市管理行政执法局平天湖风景区执法大队）,城市管理,本科,法学类,1.0,5.0,61.77,70.32
1520,2023,150035,池州,池州市城市管理行政执法局平天湖风景区分局（池州市城市管理行政执法局平天湖风景区执法大队）,城市管理,本科,公共管理类、管理科学与工程类、中国语言文学类、新闻传播学类,1.0,47.0,68.4,69.1
1521,2023,150036,池州,池州市住房公积金管理中心,财务管理,本科,会计学专业、财务管理专业、财务会计教育专业、审计学专业,1.0,21.0,67.11,68.66
1522,2023,150037,池州,九华山风景区政务服务中心,机关综合,本科,工商管理类、公共管理类、图书情报与档案管理类,1.0,48.0,70.6,72.95
1523,2023,150038,池州,九华山风景区政务服务中心,景区规划,本科,建筑类、地理科学类、地质学类,1.0,35.0,70.15,71.3
1524,2023,150039,池州,九华山风景区政务服务中心,基金管理,本科,财政学类、经济与贸易类、统计学类、经济统计学专业,1.0,29.0,72.55,73.95
1525,2023,150040,池州,九华山风景区政务服务中心,政务公开,本科,中国语言文学类、新闻传播学类、历史学类,1.0,25.0,72.5,75.0
1526,2023,150041,池州,九华山风景区政务服务中心,机关综合,本科,不限,1.0,0.0,66.7,69.25
1527,2023,150042,池州,池州市贵池区司法局,社区矫正,本科,法学门类,1.0,16.0,61.84,65.97
1528,2023,150043,池州,池州市贵池区司法局,社区矫正,本科,法学门类,1.0,9.0,62.72,65.8
1529,2023,150044,池州,池州市贵池区档案馆,档案管理,本科,中国语言文学类、图书情报与档案管理类,1.0,34.0,71.15,73.4
1530,2023,150045,池州,池州市贵池区红十字会,救助救援管理,本科,医学门类,1.0,27.0,67.8,69.2
1531,2023,150046,池州,池州市贵池区红十字会,信息系统维护,本科,自动化类、计算机类、电子信息类,1.0,56.0,70.25,74.2
1532,2023,150047,池州,中共池州市贵池区委宣传部中共池州市贵池区委讲师组,理论宣讲,本科,哲学门类、文学门类,1.0,23.0,72.95,73.4
1533,2023,150048,池州,池州市贵池区统计局池州市贵池区社会经济调查中心,统计分析,本科,经济学门类、统计学类、计算机类,1.0,53.0,71.55,73.85
1534,2023,150049,池州,池州市贵池区城市管理行政执法局池州市贵池区城市管理综合执法大队,城市管理,本科,法学门类,2.0,11.0,63.77,70.2
1535,2023,150050,池州,池州市贵池区城市管理行政执法局池州市贵池区城市管理综合执法大队,城市管理,本科,法学门类,1.0,6.0,59.17,64.05
1536,2023,150051,池州,池州市贵池区城市管理行政执法局池州市贵池区城市管理综合执法大队,城市管理,本科,土木类、城市管理专业、城市设计专业,2.0,44.0,66.35,69.6
1537,2023,150052,池州,池州市贵池区城市管理行政执法局池州市贵池区城市管理综合执法大队,城市管理,本科,交通运输类、交通管理专业、交通管理工程专业,2.0,34.0,67.95,70.05
1538,2023,150053,池州,池州市贵池区城市管理行政执法局池州市贵池区城市管理综合执法大队,城市管理,本科,不限,3.0,7.0,61.0,70.4
1539,2023,150054,池州,贵池区乡镇（街道）机关,综合管理,本科,农学门类,2.0,20.0,65.2,71.95
1540,2023,150055,池州,贵池区乡镇机关,综合管理,本科,理学门类,3.0,43.0,65.75,74.75
1541,2023,150056,池州,贵池区乡镇机关,综合管理,本科,工学门类,3.0,79.0,68.85,80.0
1542,2023,150057,池州,贵池区乡镇机关,综合管理,专科,不限,3.0,214.0,69.0,74.6
1543,2023,150058,池州,贵池区乡镇机关,综合管理,本科,不限,2.0,6.0,58.5,66.7
1544,2023,150059,池州,贵池区乡镇机关,人武专干,专科,不限,1.0,12.0,54.25,59.4
1545,2023,150060,池州,贵池区乡镇财政分局,财政管理,本科,经济学门类,1.0,36.0,70.05,72.9
1546,2023,150061,池州,贵池区乡镇财政分局,财政管理,本科,不限,1.0,13.0,53.45,69.7
1547,2023,150062,池州,贵池区乡镇财政分局,财政管理,专科,不限,2.0,128.0,70.3,76.2
1548,2023,150063,池州,贵池区乡镇（街道）财政分局,财政管理,本科,经济学门类、会计学专业、财务管理专业、财务会计教育专业、审计学专业、资产评估专业,3.0,80.0,70.25,72.85
1549,2023,150064,池州,贵池区乡镇财政分局,财政管理,专科,经济学门类、会计学专业、财务管理专业、财务会计教育专业、审计学专业、资产评估专业,1.0,13.0,69.65,71.15
1550,2023,150065,池州,贵池区乡镇财政分局,财政管理,本科,经济学门类、会计学专业、财务管理专业、财务会计教育专业、审计学专业、资产评估专业,1.0,32.0,68.5,72.15
1551,2023,150066,池州,中共东至县纪委、东至县监委派驻纪检监察组,监督执纪,本科,法学类、中国语言文学类,2.0,16.0,66.55,70.75
1552,2023,150067,池州,中共东至县委办公室,信息管理,本科,计算机类,1.0,9.0,67.38,68.69
1553,2023,150068,池州,东至县人民政府信访局,信访接待,本科,不限,1.0,53.0,70.65,76.55
1554,2023,150069,池州,东至县人力资源和社会保障局,机关综合,本科,公共管理类、工商管理类,1.0,35.0,68.2,70.0
1555,2023,150070,池州,东至县数据资源管理局,数据资源管理,本科,计算机类、自动化专业,1.0,38.0,70.15,76.35
1556,2023,150071,池州,东至县司法局,社区矫正,本科,法学类,1.0,4.0,57.03,66.07
1557,2023,150072,池州,东至县市场监管局,市场监管,本科,法学类,1.0,3.0,60.56,65.09
1558,2023,150073,池州,东至县市场监管局,市场监管,本科,工商管理类、经济学类,1.0,33.0,66.4,67.2
1559,2023,150074,池州,东至县市场监管局,食品医药监管,本科,食品科学与工程类、药学类,1.0,33.0,64.75,67.6
1560,2023,150075,池州,中共东至县委党史和地方志研究室（东至县档案馆）,史志档案编研,本科,不限,1.0,0.0,75.4,75.4
1561,2023,150076,池州,东至县机关事务服务中心（东至县归国华侨联合会）,服务保障,本科,法学类、公共管理类,1.0,22.0,70.5,74.1
1562,2023,150077,池州,东至县民政局东至县社会救助中心,社会救助,本科,不限,1.0,6.0,66.15,69.65
1563,2023,150078,池州,东至县乡镇机关,综合管理,专科,不限,2.0,7.0,57.9,59.7
1564,2023,150079,池州,东至县乡镇机关,综合管理,专科,不限,2.0,41.0,68.8,74.45
1565,2023,150080,池州,东至县乡镇机关,综合管理,专科,不限,2.0,116.0,70.1,73.65
1566,2023,150081,池州,东至县乡镇机关,人武专干,专科,人民武装专业（退役军人报考可不限专业）,1.0,22.0,61.12,63.78
1567,2023,150082,池州,东至县乡镇机关,综合管理,专科,不限,1.0,45.0,67.8,69.5
1568,2023,150083,池州,东至县乡镇财政分局,财政管理,专科,不限,1.0,2.0,52.6,64.1
1569,2023,150084,池州,东至县乡镇财政分局,财政管理,专科,不限,1.0,18.0,67.35,73.45
1570,2023,150085,池州,东至县乡镇财政分局,财政管理,本科,财政学类、财务管理专业、会计学专业、财务会计教育专业,2.0,31.0,71.15,74.9
1571,2023,150086,池州,东至县乡镇财政分局,财政管理,本科,财政学类、财务管理专业、会计学专业、财务会计教育专业,1.0,12.0,67.7,69.4
1572,2023,150087,池州,东至县乡镇财政分局,网络安全管理,本科,计算机类、电子信息类,1.0,16.0,66.07,68.63
1573,2023,150088,池州,东至县乡镇财政分局,财政管理,专科,不限,1.0,51.0,66.9,69.7
1574,2023,150089,池州,中共石台县委办公室,综合文字,本科,中国语言文学类、法学类,1.0,20.0,68.2,75.55
1575,2023,150090,池州,中共石台县委宣传部,机关综合,本科,不限,1.0,7.0,67.3,71.95
1576,2023,150091,池州,中共石台县委编办,综合管理,本科,不限,1.0,8.0,67.35,75.05
1577,2023,150092,池州,石台县卫健委,公共卫生管理,本科,医学门类,2.0,30.0,64.7,67.75
1578,2023,150093,池州,石台县科技经济信息化局,工业经济,本科,经济学门类、管理学门类、工学门类,2.0,59.0,70.65,72.5
1579,2023,150094,池州,石台县教育体育局,机关综合,本科,不限,1.0,11.0,64.0,67.2
1580,2023,150095,池州,石台县教育体育局,机关综合,本科,不限,1.0,58.0,70.05,71.1
1581,2023,150096,池州,石台县审计局,审计监督,本科,经济学门类、计算机类、会计学专业、审计学专业、财务管理专业,1.0,29.0,72.7,74.4
1582,2023,150097,池州,石台县司法局,社区矫正,本科,法学类,1.0,6.0,61.38,70.55
1583,2023,150098,池州,石台县乡镇机关,乡村旅游,专科,不限,1.0,56.0,67.3,70.35
1584,2023,150099,池州,石台县乡镇机关,综合管理,专科,不限,2.0,64.0,68.5,72.95
1585,2023,150100,池州,石台县乡镇机关,综合管理,专科,不限,1.0,16.0,72.6,73.5
1586,2023,150101,池州,石台县乡镇机关,人武专干,专科,人民武装专业（退役军人报考可不限专业）,1.0,20.0,64.03,66.34
1587,2023,150102,池州,石台县乡镇机关,乡村旅游,专科,不限,1.0,41.0,65.3,66.3
1588,2023,150103,池州,石台县乡镇机关,综合管理,专科,不限,2.0,23.0,66.4,73.6
1589,2023,150104,池州,石台县乡镇机关,乡村旅游,专科,不限,2.0,104.0,68.7,71.75
1590,2023,150105,池州,石台县乡镇财政分局,财政管理,专科,不限,1.0,17.0,70.1,71.3
1591,2023,150106,池州,石台县乡镇财政分局,财政管理,专科,财政学类、会计学专业、财务管理专业、审计学专业,1.0,17.0,69.15,77.85
1592,2023,150107,池州,中共青阳县纪委、青阳县监委,监督执纪,本科,不限,1.0,36.0,70.45,72.55
1593,2023,150108,池州,中共青阳县委编办,机关党建,本科,不限,1.0,36.0,74.55,75.1
1594,2023,150109,池州,中共青阳县直机关工委,综合管理,本科,不限,1.0,37.0,71.2,73.45
1595,2023,150110,池州,青阳县科技经济信息化局,经济信息化管理,本科,经济学类、计算机类,1.0,34.0,68.95,71.25
1596,2023,150111,池州,青阳县司法局,社区矫正,本科,法学类,3.0,66.0,62.73,70.5
1597,2023,150112,池州,青阳县司法局,社区矫正,本科,不限,1.0,4.0,59.25,64.0
1598,2023,150113,池州,青阳县自然资源和规划局,自然资源管理,本科,地理科学类、地质学类、地质类、土木类、测绘类、矿业类、建筑类、计算机类、法学类、土地资源管理专业,1.0,43.0,69.55,71.9
1599,2023,150114,池州,青阳县自然资源和规划局,机关综合,本科,不限,1.0,2.0,65.1,68.0
1600,2023,150115,池州,青阳县文化和旅游局,文化旅游管理,本科,旅游管理类、文化产业管理专业,1.0,47.0,70.75,74.25
1601,2023,150116,池州,青阳县市场监管局,市场监管,本科,不限,1.0,63.0,69.8,71.95
1602,2023,150117,池州,青阳县市场监管局,市场监管,本科,不限,1.0,41.0,66.4,69.95
1603,2023,150118,池州,青阳县市场监管局,市场监管,专科,不限,1.0,10.0,53.15,66.15
1604,2023,150119,池州,青阳县林业局,森林资源管理,本科,林学类、森林工程专业、植物保护专业、植物科学与技术专业、野生动物与自然保护区管理专业,2.0,15.0,66.45,70.75
1605,2023,150120,池州,青阳县档案馆（中共青阳县委党史和地方志研究室）,机关综合,本科,不限,1.0,53.0,67.2,71.25
1606,2023,150121,池州,池州市中级人民法院,法官助理,本科,法学类,1.0,7.0,69.4,75.45
1607,2023,150122,池州,池州市中级人民法院,司法行政人员,本科,计算机类,1.0,28.0,69.89,73.41
1608,2023,150123,池州,池州市贵池区人民法院,法官助理,本科,法学类,1.0,2.0,60.7,70.65
1609,2023,150124,池州,池州市贵池区人民法院,法官助理,本科,法学类,1.0,3.0,67.8,71.65
1610,2023,150125,池州,东至县人民法院,法官助理,本科,法学类,4.0,4.0,55.8,69.15
1611,2023,150126,池州,东至县人民法院,法官助理,本科,法学类,1.0,1.0,,
1612,2023,150127,池州,东至县人民法院,司法行政人员,本科,计算机科学与技术专业、网络工程专业、电子与计算机工程专业、软件工程专业、信息安全专业,1.0,15.0,65.12,69.07
1613,2023,150128,池州,石台县人民法院,司法警察,本科,网络工程专业、新媒体技术专业、数据科学与大数据技术专业、信息安全专业、电子与计算机工程专业、软件工程专业,1.0,3.0,63.97,67.0
1614,2023,150129,池州,石台县人民法院,司法警察,本科,不限,1.0,9.0,62.5,64.4
1615,2023,150130,池州,青阳县人民法院,法官助理,本科,法学类,6.0,13.0,62.65,75.5
1616,2023,150131,池州,青阳县人民法院,司法行政人员,本科,会计学专业、财务管理专业、审计学专业、财务会计教育专业,1.0,17.0,67.97,71.01
1617,2023,150132,池州,青阳县人民法院,司法行政人员,本科,不限,1.0,3.0,60.25,65.5
1618,2023,150133,池州,池州市贵池区人民检察院,检察官助理,本科,法学类（不含特设专业）,1.0,4.0,70.75,75.15
1619,2023,150134,池州,东至县人民检察院,检察官助理,本科,法学类（不含特设专业）,2.0,3.0,61.3,65.9
1620,2023,150135,池州,石台县人民检察院,检察官助理,本科,法学类（不含特设专业）,1.0,2.0,60.6,66.5
1621,2023,150136,池州,石台县人民检察院,司法行政人员,本科,会计学专业、财务管理专业、财务会计教育专业、审计学专业,1.0,14.0,66.53,70.51
1622,2023,150137,池州,青阳县人民检察院,检察官助理,本科,法学类（不含特设专业）,1.0,1.0,,
1623,2023,150138,池州,池州市公安局,突击,高中,,1.0,28.0,54.44,57.45
1624,2023,150139,池州,池州市公安局,突击,高中,,1.0,28.0,53.39,63.3
1625,2023,150140,池州,池州市公安局,狙击,高中,,1.0,24.0,54.04,59.95
1626,2023,150141,池州,池州市公安局,排爆,高中,,1.0,22.0,53.29,61.0
1627,2023,150142,池州,池州市公安局,网络安全管理★,本科,计算机类、网络安全与执法专业、电子信息工程专业、通信工程专业、大数据管理与应用专业,3.0,54.0,70.1,74.85
1628,2023,150143,池州,池州市公安局,网络安全管理★,本科,计算机类、网络安全与执法专业、电子信息工程专业、通信工程专业、大数据管理与应用专业,1.0,14.0,72.0,73.75
1629,2023,150144,池州,池州市公安局,人民警察,本科,不限,2.0,1.0,63.78,63.78
1630,2023,150145,池州,九华山风景区公安局,人民警察,本科,中国语言文学类、新闻传播学类,1.0,9.0,67.31,76.82
1631,2023,150146,池州,九华山风景区公安局,人民警察,本科,法学类,1.0,7.0,62.36,68.06
1632,2023,150147,池州,东至县公安局,网络安全管理★,本科,计算机类、电子信息类,1.0,9.0,58.19,65.77
1633,2023,150148,池州,东至县公安局,金融财会★,本科,经济学类、金融学类、经济与贸易类、会计学专业、财务管理专业、审计学专业,1.0,15.0,65.51,67.78
1634,2023,150149,池州,石台县公安局,人民警察,本科,法学类,3.0,26.0,63.23,69.66
1635,2023,150150,池州,石台县公安局,网络安全管理★,本科,计算机类、电子信息类、网络安全与执法专业,3.0,20.0,62.58,73.5
1636,2023,150151,池州,石台县公安局,网络安全管理★,本科,计算机类、电子信息类、网络安全与执法专业,1.0,9.0,59.05,63.33
1637,2023,150152,池州,石台县公安局,金融财会★,本科,经济学类、金融学类、经济与贸易类、会计学专业、财务管理专业、审计学专业,2.0,28.0,65.7,69.62
1638,2023,150153,池州,石台县公安局,人民警察,本科,中国语言文学类、新闻传播学类,1.0,16.0,62.25,65.08
1639,2023,150154,池州,石台县公安局,人民警察,专科,不限,1.0,22.0,64.64,65.12
1640,2023,150155,池州,青阳县公安局,网络安全管理★,本科,计算机类,2.0,13.0,63.08,69.89
1641,2023,150156,池州,青阳县公安局,信息通信★,本科,电子信息类,2.0,31.0,68.35,74.8
1642,2023,150157,池州,青阳县公安局,人民警察,本科,公安学类,1.0,10.0,59.19,68.59
1643,2023,150158,池州,青阳县公安局,人民警察,本科,公安学类,2.0,9.0,50.38,67.65
1644,2023,150159,池州,青阳县公安局,人民警察,专科,不限,1.0,7.0,57.35,64.28
1645,2023,150160,池州,贵池区乡镇机关,综合管理,高中（中专）,不限,2.0,0.0,,
1646,2023,150161,池州,东至县乡镇机关,综合管理,高中（中专）,不限,2.0,0.0,,
1647,2023,150162,池州,石台县乡镇机关,综合管理,高中（中专）,不限,1.0,0.0,,
1648,2023,150163,池州,青阳县乡镇机关,综合管理,高中（中专）,不限,1.0,0.0,,
1649,2023,20001,淮北,中共淮北市委办公室,综合文字,本科,不限,2.0,96.0,71.0,74.95
1650,2023,20002,淮北,淮北市人大常委会办公室,综合文字,本科,不限,1.0,132.0,73.6,74.4
1651,2023,20003,淮北,淮北市人大常委会办公室,综合文字,本科,不限,1.0,11.0,67.75,67.95
1652,2023,20004,淮北,淮北市纪委监委派驻（出）机构,监督执纪执法,本科,不限,4.0,197.0,70.95,78.6
1653,2023,20005,淮北,淮北市纪委监委派驻（出）机构,监督执纪执法,本科,不限,1.0,10.0,62.9,66.25
1654,2023,20006,淮北,中共淮北市委党校,机关综合,本科,法学门类、中国语言文学类、工商管理类、公共管理类、新闻学专业,1.0,84.0,73.5,74.25
1655,2023,20007,淮北,淮北市发展改革委（市粮食和储备局、市能源局）,机关综合,本科,经济学门类、法学门类、工学门类、管理学门类、中国语言文学类,3.0,288.0,72.55,76.2
1656,2023,20008,淮北,淮北市教育局,教育管理,本科,中国语言文学类、公共管理类、法学类,1.0,60.0,69.3,70.65
1657,2023,20009,淮北,淮北市科技局,机关综合,本科,不限,1.0,105.0,72.2,73.25
1658,2023,20010,淮北,淮北市公安局,人民警察,本科,不限,1.0,7.0,61.33,64.79
1659,2023,20011,淮北,淮北市公安局,人民警察,专科,公安管理类、公安技术类、侦查类,1.0,14.0,61.29,68.22
1660,2023,20012,淮北,淮北市公安局,人民警察,本科,计算机类、电子信息工程专业、信息工程专业、大数据管理与应用专业,2.0,41.0,64.66,69.34
1661,2023,20013,淮北,淮北市公安局,网络安全与执法★,研究生,电子科学与技术（一级学科）、计算机科学与技术（一级学科）、软件工程（一级学科）、网络空间安全（一级学科）、控制科学与工程（一级学科）、信息与通信工程（一级学科）、电子与通信工程硕士（专业硕士）,2.0,18.0,63.98,67.85
1662,2023,20014,淮北,淮北市公安局,人民警察,本科,交通管理工程专业、交通工程专业、交通管理专业、交通设备与控制工程专业,1.0,7.0,62.97,69.93
1663,2023,20015,淮北,淮北市财政局（国资委）,财政国资管理,本科,财政学类、统计学类、金融学类、经济学类、会计学专业、财务管理专业、资产评估专业,2.0,152.0,73.1,74.55
1664,2023,20016,淮北,淮北市财政局（国资委）市国库支付中心,财政管理,本科,不限,1.0,10.0,68.05,69.95
1665,2023,20017,淮北,淮北市财政局（国资委）市国库支付中心,财政管理,本科,财政学类、统计学类、金融学类、经济学类，会计学专业、财务管理专业、资产评估专业,1.0,70.0,71.25,74.25
1666,2023,20018,淮北,淮北市自然资源和规划局,自然资源管理,本科,土地资源管理专业、建筑学专业、城乡规划专业,1.0,29.0,71.55,72.5
1667,2023,20019,淮北,淮北市生态环境局,环境监管,本科,中国语言文学类、环境科学与工程类、法学类,2.0,60.0,68.65,70.1
1668,2023,20020,淮北,淮北市农业农村局,农业管理,本科,农学门类、农业经济管理类、农业工程类,2.0,82.0,70.8,74.1
1669,2023,20021,淮北,淮北市文旅体局,综合文字,本科,不限,1.0,148.0,70.7,73.35
1670,2023,20022,淮北,淮北市文旅体局,综合文字,本科,不限,1.0,15.0,67.95,70.1
1671,2023,20023,淮北,淮北市卫生健康委员会,卫生健康管理,本科,临床医学类、公共卫生与预防医学类、法学类,1.0,40.0,69.05,74.0
1672,2023,20024,淮北,淮北市卫生健康委员会市计划生育协会,机关综合,本科,中国语言文学类,1.0,27.0,69.85,71.05
1673,2023,20025,淮北,淮北市应急管理局,安全生产监督管理,本科,工学门类,1.0,117.0,70.25,76.75
1674,2023,20026,淮北,淮北市审计局,农业审计,本科,地理信息科学专业、地理国情监测专业、地理空间信息工程专业,1.0,29.0,69.05,70.95
1675,2023,20027,淮北,淮北市审计局,财务审计,本科,财政学类、会计学专业、审计学专业、财务管理专业,1.0,69.0,71.2,72.65
1676,2023,20028,淮北,淮北市审计局,投资审计,本科,工程管理专业、工程造价专业、工程审计专业,1.0,37.0,69.75,71.6
1677,2023,20029,淮北,淮北市市场监督管理局,行政执法监督,本科,法学类,1.0,6.0,67.35,69.9
1678,2023,20030,淮北,淮北市市场监督管理局,市场监管执法,本科,不限,1.0,6.0,66.8,69.0
1679,2023,20031,淮北,淮北市市场监督管理局,综合文字,本科,中国语言文学类,1.0,16.0,69.15,72.55
1680,2023,20032,淮北,淮北市公共资源交易监督管理局,机关综合,本科,法学类、中国语言文学类、工程管理专业,1.0,30.0,70.85,74.65
1681,2023,20033,淮北,淮北市投资促进中心,招商引资,本科,不限,2.0,125.0,70.55,72.9
1682,2023,20034,淮北,淮北市供销社,机关综合,本科,马克思主义理论类、哲学专业、汉语言文学专业、秘书学专业、新闻学专业、网络与新媒体专业、历史学专业,1.0,27.0,68.75,73.9
1683,2023,20035,淮北,濉溪县纪委监委,监督执纪执法,本科,法学类、公安学类,1.0,11.0,69.3,70.85
1684,2023,20036,淮北,濉溪县纪委监委,综合财务,本科,财务管理专业、审计学专业、会计学专业,1.0,27.0,66.97,70.69
1685,2023,20037,淮北,濉溪县纪委监委,综合文字,本科,中国语言文学类（不含特设专业）、新闻学专业,1.0,12.0,70.25,71.6
1686,2023,20038,淮北,濉溪县人民政府办公室（外事办）,机关文秘,本科,不限,2.0,168.0,71.8,72.85
1687,2023,20039,淮北,濉溪县发改委,机关综合,本科,经济学类、中国语言文学类、新闻传播学类、管理科学与工程类,1.0,37.0,72.0,73.85
1688,2023,20040,淮北,濉溪县发改委,机关综合,本科,不限,1.0,8.0,66.55,72.0
1689,2023,20041,淮北,濉溪县公安局,人民警察,本科,不限,1.0,8.0,60.29,63.53
1690,2023,20042,淮北,濉溪县公安局,人民警察,本科,会计学专业、审计学专业、财务管理专业、经济犯罪侦查专业,1.0,11.0,66.45,74.03
1691,2023,20043,淮北,濉溪县公安局,人民警察,本科,交通工程专业、交通设备与控制工程专业、交通运输专业,1.0,7.0,57.35,66.0
1692,2023,20044,淮北,濉溪县公安局,人民警察,本科,中国语言文学类、新闻学专业,1.0,8.0,59.82,61.15
1693,2023,20045,淮北,濉溪县公安局,人民警察,本科,法学类（不含特设专业）,1.0,3.0,59.24,63.08
1694,2023,20046,淮北,濉溪县财政局,综合财务,本科,金融学类（不含特设专业）,2.0,49.0,71.05,77.65
1695,2023,20047,淮北,濉溪县住房和城乡建设局（濉溪县人民防空办公室）,机关综合,本科,建筑类（不含特设专业）、土木类（不含特设专业）,1.0,53.0,70.45,73.65
1696,2023,20048,淮北,濉溪县农业农村局,农业经济管理,本科,农学门类、农业经济管理类、审计学专业,1.0,35.0,71.4,74.3
1697,2023,20049,淮北,濉溪县市场监督管理局,市场监管,本科,食品质量与安全专业、食品安全与检测专业、基础医学专业、预防医学专业、药学专业,2.0,43.0,64.55,70.3
1698,2023,20050,淮北,濉溪县市场监督管理局,市场监管,本科,计算机科学与技术专业、法学专业、秘书学专业、会计学专业,1.0,107.0,67.55,71.1
1699,2023,20051,淮北,濉溪县市场监督管理局,市场监管,专科,不限,1.0,13.0,60.25,63.95
1700,2023,20052,淮北,濉溪县司法局,社区矫正,本科,法学类,3.0,17.0,60.06,69.27
1701,2023,20053,淮北,濉溪县司法局,社区矫正,本科,法学类,2.0,11.0,63.41,67.89
1702,2023,20054,淮北,濉溪县自然资源和规划局,林业发展,本科,林学专业、森林保护专业、经济林专业、野生动物与自然保护区管理专业、植物保护专业,1.0,14.0,66.3,68.6
1703,2023,20055,淮北,濉溪县自然资源和规划局,城乡规划,本科,城乡规划专业、建筑学专业、人文地理与城乡规划专业,1.0,16.0,72.45,73.2
1704,2023,20056,淮北,濉溪县供销合作社联合社,机关综合,本科,不限,1.0,6.0,69.95,71.9
1705,2023,20057,淮北,濉溪县机关事务管理中心,机关综合,本科,不限,1.0,4.0,69.9,73.85
1706,2023,20058,淮北,濉溪县防震服务中心,机关综合,本科,不限,1.0,7.0,66.95,67.85
1707,2023,20059,淮北,濉溪县乡镇1,乡镇综合,专科,不限,4.0,638.0,69.45,77.0
1708,2023,20060,淮北,濉溪县乡镇2,乡镇综合,本科,不限,4.0,15.0,66.15,69.85
1709,2023,20061,淮北,濉溪县乡镇3,文字综合,本科,中国语言文学类、新闻传播学类,2.0,27.0,69.05,73.6
1710,2023,20062,淮北,濉溪县乡镇4,农村经济,本科,经济学门类（不含特设专业）,2.0,32.0,69.4,72.55
1711,2023,20063,淮北,濉溪县乡镇5,乡镇规划,本科,建筑类（不含特设专业）、土木类（不含特设专业）、环境科学与工程类(不含特设专业),6.0,49.0,65.7,73.4
1712,2023,20064,淮北,濉溪县乡镇6,人武专干,专科,人民武装专业（退役军人报考可不限专业）,1.0,46.0,61.13,63.47
1713,2023,20065,淮北,相山区司法局,司法助理,本科,法学类,1.0,3.0,69.5,70.85
1714,2023,20066,淮北,相山区司法局,基层司法助理,本科,法学类、社会学类,1.0,35.0,71.7,76.1
1715,2023,20067,淮北,相山区司法局,环保业务司法助理,本科,环境科学与工程类,1.0,26.0,70.75,71.75
1716,2023,20068,淮北,相山区司法局,金融业务司法助理,本科,金融学类,1.0,41.0,71.7,72.1
1717,2023,20069,淮北,相山区司法局,工程业务司法助理,本科,管理科学与工程类,1.0,37.0,73.15,76.4
1718,2023,20070,淮北,相山区司法局,机关事务综合,本科,电子信息类,1.0,69.0,71.3,71.85
1719,2023,20071,淮北,相山区司法局,机关事务综合,本科,不限,1.0,10.0,70.1,73.75
1720,2023,20072,淮北,相山区机关事务管理中心,机关事务综合,本科,建筑类,1.0,10.0,70.35,76.3
1721,2023,20073,淮北,烈山区司法局,司法助理,本科,法学类,1.0,7.0,68.04,69.41
1722,2023,20074,淮北,烈山区司法局,司法助理,本科,法学类,1.0,10.0,64.86,66.96
1723,2023,20075,淮北,烈山区机关事务管理中心,财务管理,本科,金融学类、经济与贸易类、工商管理类,1.0,38.0,62.33,67.92
1724,2023,20076,淮北,杜集区司法局,司法助理,本科,法学类,1.0,5.0,59.91,63.74
1725,2023,20077,淮北,淮北市中级人民法院,法官助理,研究生,刑法学(二级学科)、民商法学(二级学科)、诉讼法学(二级学科)、经济法学(二级学科)、环境与资源保护法学(二级学科),1.0,4.0,59.15,71.65
1726,2023,20078,淮北,淮北市中级人民法院,法官助理,本科,法学类（不含特设专业）,2.0,6.0,61.5,72.2
1727,2023,20079,淮北,杜集区人民法院,法官助理,本科,法学类,3.0,7.0,60.35,76.3
1728,2023,20080,淮北,杜集区人民法院,法官助理,本科,法学类,1.0,2.0,59.4,67.75
1729,2023,20081,淮北,烈山区人民法院,法官助理,本科,法学类,1.0,1.0,60.4,70.05
1730,2023,20082,淮北,烈山区人民法院,司法行政人员,本科,不限,1.0,8.0,71.8,76.6
1731,2023,20083,淮北,相山区人民法院,法官助理,本科,法学类,1.0,2.0,64.35,73.4
1732,2023,20084,淮北,濉溪县人民法院,法官助理,本科,法学类,4.0,8.0,63.05,83.8
1733,2023,20085,淮北,濉溪县人民法院,法官助理,本科,法学类,1.0,2.0,58.7,70.0
1734,2023,20086,淮北,濉溪县人民法院,司法行政人员,本科,计算机类,1.0,50.0,69.44,73.17
1735,2023,20087,淮北,杜集区人民检察院,检察官助理,本科,法学类（不含特设专业）,2.0,7.0,68.05,80.45
1736,2023,20088,淮北,杜集区人民检察院,司法行政人员,本科,会计学专业、财务管理专业、审计学专业,1.0,51.0,71.18,74.15
1737,2023,20089,淮北,烈山区检察院,检察官助理,本科,法学类（不含特设专业）,1.0,3.0,55.2,73.65
1738,2023,20090,淮北,濉溪县检察院,司法行政人员,本科,中国语言文学类、新闻传播学类,1.0,27.0,69.55,70.9
1739,2023,20091,淮北,濉溪县乡镇7,乡镇综合,高中（中专）,不限,1.0,0.0,,
1740,2023,20092,淮北,杜集区段园镇,乡镇综合,高中（中专）,不限,1.0,0.0,,
1741,2023,20093,淮北,淮北市公安局,突击,高中,,1.0,35.0,56.52,63.54
1742,2023,20094,淮北,淮北市公安局,突击,高中,,1.0,31.0,59.41,62.69
1743,2023,70001,淮南,淮南市人大常委会机关,财务管理,本科,会计学专业、财务管理专业、审计学专业,1.0,20.0,65.22,71.24
1744,2023,70002,淮南,淮南市纪委监委机关,纪检监察,本科,法学类、公安学类、计算机类、财政学类、金融学类,1.0,38.0,71.25,73.2
1745,2023,70003,淮南,淮南市纪委监委机关,纪检监察,本科,管理科学与工程类、工商管理类、公共管理类、中国语言文学类、心理学类、图书情报与档案管理类,1.0,43.0,71.75,74.15
1746,2023,70004,淮南,淮南市纪委监委派驻（出）机构,纪检监察,本科,法学类、公安学类、管理科学与工程类、工商管理类、公共管理类、计算机类、中国语言文学类、心理学类,1.0,30.0,71.4,80.7
1747,2023,70005,淮南,淮南市纪委监委派驻（出）机构,纪检监察,本科,不限,1.0,6.0,64.95,66.1
1748,2023,70006,淮南,民进淮南市委员会,机关综合,本科,经济学门类、汉语言文学专业、秘书学专业、新闻学专业,1.0,40.0,72.65,73.9
1749,2023,70007,淮南,民革淮南市委员会,机关综合,本科,不限,1.0,64.0,72.25,75.25
1750,2023,70008,淮南,淮南市总工会,劳动保护,本科,安全科学与工程类、地质类、矿业类,1.0,39.0,70.95,72.7
1751,2023,70009,淮南,淮南市委党校,教学管理,本科,计算机类,1.0,27.0,68.57,74.63
1752,2023,70010,淮南,淮南市委党校,文秘,研究生,中国语言文学（一级学科）,1.0,6.0,69.1,69.5
1753,2023,70011,淮南,淮南市委党史和地方志研究室,财务管理,本科,会计学专业、财务管理专业、审计学专业,1.0,23.0,65.66,69.4
1754,2023,70012,淮南,淮南老年大学办公室,文秘,本科,经济学类、教育学类、中国语言文学类,1.0,38.0,70.0,74.9
1755,2023,70013,淮南,淮南市发展和改革委员会,机关综合,本科,理学门类、工学门类、经济学门类、管理学门类、中国语言文学类,2.0,138.0,73.65,77.95
1756,2023,70014,淮南,淮南市教育体育局,机关综合,本科,法学类,1.0,8.0,66.09,69.78
1757,2023,70015,淮南,淮南市教育体育局,财务管理,本科,会计学专业、财务管理专业、审计学专业,1.0,17.0,68.42,74.19
1758,2023,70016,淮南,淮南市科学技术局,科技管理,本科,理学门类、工学门类,1.0,97.0,71.25,71.75
1759,2023,70017,淮南,淮南市财政局,财政管理,本科,会计学专业、财务管理专业、审计学专业、财政学专业、金融学专业,3.0,60.0,68.52,72.57
1760,2023,70018,淮南,淮南市自然资源和规划局,机关综合,本科,地理科学类、矿物资源工程专业、财务管理专业,1.0,53.0,71.2,74.4
1761,2023,70019,淮南,淮南市寿县生态环境分局,环境执法,本科,中国语言文学类、新闻传播学类、法学类,1.0,16.0,66.85,68.9
1762,2023,70020,淮南,淮南市大通区生态环境分局,环境执法,本科,理学门类、工学门类,1.0,50.0,70.55,72.15
1763,2023,70021,淮南,淮南市交通运输局,交通工程管理,本科,交通工程专业、工程管理专业、道路桥梁与渡河工程专业、土木工程专业,1.0,37.0,70.65,71.45
1764,2023,70022,淮南,淮南市交通运输局,文秘,本科,中国语言文学类,1.0,23.0,70.75,73.95
1765,2023,70023,淮南,淮南市商务局,综合文字,本科,中国语言文学类、新闻传播学类,1.0,17.0,70.6,71.8
1766,2023,70024,淮南,淮南市商务局,对外经济合作,本科,经济与贸易类、电子商务类、金融学专业、商务英语专业、数字媒体技术专业,1.0,72.0,72.95,76.0
1767,2023,70025,淮南,淮南市文化和旅游局,财务管理,本科,经济学类、金融学类、财政学类、会计学专业、审计学专业,1.0,44.0,73.0,73.5
1768,2023,70026,淮南,淮南市文化和旅游局,产业规划开发,本科,建筑学专业、城乡规划专业、风景园林专业,1.0,25.0,68.7,69.3
1769,2023,70027,淮南,淮南市卫生健康委员会,医疗管理,本科,临床医学专业、中医学专业、中西医临床医学专业,1.0,30.0,68.8,69.1
1770,2023,70028,淮南,淮南市卫生健康委员会,疾控与卫生应急,本科,公共卫生与预防医学类（不含特设专业）、卫生检验与检疫专业,1.0,25.0,65.25,71.6
1771,2023,70029,淮南,淮南市应急管理局,安全监管,本科,矿业类、安全科学与工程类,1.0,16.0,68.2,72.0
1772,2023,70030,淮南,淮南市审计局,财务审计,本科,经济学类、金融学类、财政学类、工商管理类,1.0,22.0,68.59,69.18
1773,2023,70031,淮南,淮南市审计局,投资审计,本科,土木类、管理科学与工程类,1.0,30.0,73.45,73.75
1774,2023,70032,淮南,淮南市审计局,电子数据审计,本科,计算机类,1.0,25.0,69.93,70.55
1775,2023,70033,淮南,淮南市地方金融监督管理局,金融监管,本科,金融学类、经济学类,1.0,49.0,72.75,73.95
1776,2023,70034,淮南,淮南市粮食和物资储备局,机关综合,本科,法学类、中国语言文学类、食品科学与工程类,1.0,16.0,71.8,75.9
1777,2023,70035,淮南,淮南市司法局,司法行政,本科,法学类,2.0,18.0,63.69,68.41
1778,2023,70036,淮南,淮南市供销合作社联合社,财务管理,本科,会计学专业、财务管理专业、审计学专业,1.0,12.0,67.67,74.93
1779,2023,70037,淮南,淮南市水利局市水利工程质量监督站,水利工程质量监督,本科,水利类,1.0,7.0,62.6,71.45
1780,2023,70038,淮南,淮南市市场监管综合行政执法支队,市场监管,本科,药学类,1.0,14.0,64.75,69.9
1781,2023,70039,淮南,淮南市市场监管综合行政执法支队,市场监管,本科,不限,1.0,4.0,64.3,65.4
1782,2023,70040,淮南,淮南市市场监管综合行政执法支队,市场监管,本科,中国语言文学类,1.0,7.0,69.9,73.8
1783,2023,70041,淮南,淮南市市场监管综合行政执法支队,市场监管,本科,工商管理类,1.0,30.0,71.0,72.8
1784,2023,70042,淮南,淮南市应急管理局市防汛抗旱指挥中心,防汛抗旱,本科,水利水电工程专业、水文与水资源工程专业、水利科学与工程专业,1.0,5.0,65.0,69.35
1785,2023,70043,淮南,淮南市农业综合行政执法支队,财务管理,本科,会计学专业、财务管理专业、审计学专业,1.0,18.0,58.1,62.75
1786,2023,70044,淮南,淮南市农业综合行政执法支队,农业综合行政执法,本科,中国语言文学类、法学类,1.0,12.0,67.5,68.1
1787,2023,70045,淮南,淮南市生态环境保护综合行政执法支队,环境执法,本科,不限,1.0,2.0,,
1788,2023,70046,淮南,淮南市生态环境保护综合行政执法支队,财务管理,本科,会计学专业、财务管理专业、审计学专业,1.0,9.0,66.9,69.57
1789,2023,70047,淮南,淮南市生态环境保护综合行政执法支队,综合文字,本科,中国语言文学类、新闻传播学类,1.0,15.0,70.0,70.65
1790,2023,70048,淮南,淮南市生态环境保护综合行政执法支队,环境执法,本科,法学门类,2.0,10.0,61.85,68.98
1791,2023,70049,淮南,淮南市生态环境保护综合行政执法支队,环境执法,本科,环境科学与工程类、化学类,2.0,45.0,69.8,73.9
1792,2023,70050,淮南,淮南市统计局农村抽样调查队,统计调查,本科,经济学门类、管理学门类、统计学类,1.0,53.0,70.85,71.75
1793,2023,70051,淮南,淮南市信息中心,信息技术,本科,电子信息工程专业、计算机科学与技术专业、信息安全专业、软件工程专业、电子与计算机工程专业,1.0,25.0,69.3,72.56
1794,2023,70052,淮南,淮南市部分市直单位（市委统战部、市委编办、市教体局、市信访局）,机关综合,本科,不限,4.0,250.0,73.3,77.25
1795,2023,70053,淮南,寿县纪委监委派驻纪检监察组,纪检监察,本科,法学类、中国语言文学类、新闻传播学类,1.0,7.0,70.2,74.05
1796,2023,70054,淮南,寿县县委办公室,综合文字,本科,中国语言文学类,2.0,28.0,68.0,74.4
1797,2023,70055,淮南,寿县县委组织部,组织人事管理,本科,哲学门类、法学门类、管理学门类,2.0,49.0,70.95,77.3
1798,2023,70056,淮南,寿县县委宣传部,机关综合,本科,不限,1.0,45.0,71.35,71.85
1799,2023,70057,淮南,寿县县委巡察工作领导小组办公室,巡察,本科,法学类、中国语言文学类、新闻传播学类,1.0,9.0,71.1,76.75
1800,2023,70058,淮南,寿县残疾人联合会,机关综合,本科,不限,1.0,12.0,64.25,66.7
1801,2023,70059,淮南,寿县县委党校,机关综合,本科,中国语言文学类（不含特设专业）、行政管理专业,1.0,20.0,72.65,73.6
1802,2023,70060,淮南,寿县发展和改革委员会,经济分析与财政管理,本科,经济学类（不含特设专业）、财政学专业,2.0,39.0,69.2,80.5
1803,2023,70061,淮南,寿县科技局,科技管理,本科,不限,1.0,68.0,74.1,76.7
1804,2023,70062,淮南,寿县司法局,社区矫正管理,本科,法学类,3.0,8.0,61.75,66.1
1805,2023,70063,淮南,寿县司法局,财务管理,本科,会计学专业、财务管理专业、审计学专业,1.0,17.0,64.41,65.99
1806,2023,70064,淮南,寿县司法局,综合文字,本科,中国语言文学类,1.0,24.0,69.5,71.85
1807,2023,70065,淮南,寿县司法局,信息化运用,本科,计算机类,1.0,27.0,66.2,68.93
1808,2023,70066,淮南,寿县自然资源和规划局,机关综合,本科,中国语言文学类、建筑类（不含特设专业）、工商管理类（不含特设专业）,1.0,31.0,68.6,72.5
1809,2023,70067,淮南,寿县交通运输局,财务管理,本科,会计学专业、财务管理专业、审计学专业,1.0,11.0,66.89,66.99
1810,2023,70068,淮南,寿县农业农村局,财务管理,本科,农业经济管理类、会计学专业、财务管理专业,1.0,29.0,70.85,74.35
1811,2023,70069,淮南,寿县农业农村局,农业管理,本科,植物生产类（不含特设专业）、工程管理专业,1.0,24.0,73.85,74.35
1812,2023,70070,淮南,寿县市场监督管理局,市场监管,本科,法学类,1.0,6.0,55.85,59.66
1813,2023,70071,淮南,寿县市场监督管理局,市场监管,本科,食品科学与工程类,2.0,19.0,66.2,69.6
1814,2023,70072,淮南,寿县市场监督管理局,市场监管,本科,药学类,1.0,14.0,68.7,68.9
1815,2023,70073,淮南,寿县市场监督管理局,市场监管,本科,机械类,1.0,20.0,64.25,65.55
1816,2023,70074,淮南,寿县乡村振兴局,工程管理,本科,管理科学与工程类（不含特设专业）,1.0,30.0,70.4,74.65
1817,2023,70075,淮南,寿县乡村振兴局,财务管理,本科,会计学专业、财务管理专业、审计学专业,1.0,12.0,65.45,66.51
1818,2023,70076,淮南,寿县供销合作社联合社,财务管理,本科,会计学专业、财务管理专业、审计学专业,1.0,16.0,60.12,62.74
1819,2023,70077,淮南,寿县水产管理服务中心,水产管理,本科,水产养殖学专业、水族科学与技术专业、水生动物医学专业,1.0,20.0,58.9,70.2
1820,2023,70078,淮南,寿县财政局国库支付中心,财政财务,本科,会计学专业、财务管理专业、审计学专业、财政学专业、金融学专业,1.0,11.0,64.64,69.12
1821,2023,70079,淮南,寿县农业机械事务管理中心,综合文字,本科,中国语言文学类、新闻传播学类、马克思主义理论类,1.0,12.0,72.15,73.9
1822,2023,70080,淮南,寿县陶店回族乡,村镇建设管理,本科,不限,1.0,31.0,66.95,68.85
1823,2023,70081,淮南,寿县乡镇机关,村镇建设管理,本科,不限,5.0,26.0,62.95,72.2
1824,2023,70082,淮南,寿县乡镇机关,村镇建设管理,本科,不限,6.0,45.0,61.5,67.25
1825,2023,70083,淮南,寿县乡镇机关,村镇建设管理,本科,不限,3.0,127.0,70.85,75.15
1826,2023,70084,淮南,寿县乡镇机关,村镇建设管理,专科,不限,5.0,250.0,68.5,76.8
1827,2023,70085,淮南,寿县寿春镇,人武专干,专科,人民武装专业（退役军人报考可不限专业）,1.0,35.0,61.67,64.6
1828,2023,70086,淮南,凤台县总工会,综合文字,本科,不限,1.0,25.0,70.85,76.05
1829,2023,70087,淮南,凤台县委党校,机关综合,本科,工商管理类,1.0,34.0,72.0,73.75
1830,2023,70088,淮南,凤台县直机关工委,督导检查,本科,不限,2.0,56.0,72.6,76.0
1831,2023,70089,淮南,凤台县直机关工委,督导检查,本科,不限,1.0,3.0,62.55,64.55
1832,2023,70090,淮南,凤台县人社局,机关综合,本科,中国语言文学类、法学类、会计学专业、财务管理专业、审计学专业,1.0,19.0,70.2,74.65
1833,2023,70091,淮南,凤台县教育局,教育管理,本科,不限,1.0,3.0,62.3,66.4
1834,2023,70092,淮南,凤台县审计局,经济审计,本科,会计学专业、财务管理专业、审计学专业、财政学专业,1.0,14.0,65.42,69.8
1835,2023,70093,淮南,凤台县卫生健康委员会,卫生健康管理,本科,医学门类,1.0,30.0,69.3,77.3
1836,2023,70094,淮南,凤台县信访局,综合文字,本科,不限,1.0,26.0,64.8,66.6
1837,2023,70095,淮南,凤台县农业农村局,机关综合,本科,工商管理类,1.0,22.0,72.35,73.45
1838,2023,70096,淮南,凤台县农业农村局,农业管理,本科,农学门类,1.0,21.0,68.05,72.25
1839,2023,70097,淮南,凤台县经济和信息化局,经济运行,本科,经济学类,1.0,15.0,70.95,72.0
1840,2023,70098,淮南,凤台县应急管理局,数据管理,本科,计算机类、电子信息类、自动化类,1.0,14.0,65.28,66.83
1841,2023,70099,淮南,凤台县自然资源和规划局,城乡规划,本科,建筑学专业、城乡规划专业、城市设计专业,1.0,16.0,69.35,70.7
1842,2023,70100,淮南,凤台县自然资源和规划局,林业草业管理,本科,林学类、草学类,1.0,11.0,64.0,66.45
1843,2023,70101,淮南,凤台县发改委,粮食安全管理,本科,经济学类、管理科学与工程类、计算机类、统计学类、食品科学与工程类,1.0,27.0,69.25,70.85
1844,2023,70102,淮南,凤台县发改委,项目管理,本科,经济学类、管理科学与工程类、计算机类、统计学类,1.0,24.0,70.95,73.15
1845,2023,70103,淮南,凤台县市场监管局,市场监管,本科,不限,2.0,41.0,68.55,70.2
1846,2023,70104,淮南,凤台县市场监管局,市场监管,本科,不限,2.0,43.0,66.95,70.5
1847,2023,70105,淮南,凤台县市场监管局,市场监管,本科,不限,1.0,1.0,,
1848,2023,70106,淮南,凤台县卫生健康委员会老龄办,机关综合,本科,工商管理类,1.0,24.0,70.6,74.95
1849,2023,70107,淮南,凤台县地震局,机关综合,本科,不限,1.0,34.0,69.9,74.15
1850,2023,70108,淮南,凤台县人社局就业服务管理中心,机关综合,本科,不限,1.0,1.0,64.7,69.7
1851,2023,70109,淮南,凤台县人社局就业服务管理中心,就业服务管理,本科,计算机类,1.0,8.0,70.41,73.24
1852,2023,70110,淮南,凤台县乡镇机关,组织人事管理,本科,不限,8.0,157.0,67.35,75.55
1853,2023,70111,淮南,凤台县乡镇机关,村镇建设管理,本科,不限,6.0,8.0,51.35,68.95
1854,2023,70112,淮南,凤台县乡镇机关,组织人事管理,本科,不限,6.0,142.0,70.95,77.65
1855,2023,70113,淮南,凤台县乡镇机关,村镇建设管理,本科,不限,5.0,140.0,68.55,73.55
1856,2023,70114,淮南,凤台县乡镇机关,村镇建设管理,专科,不限,7.0,261.0,67.25,73.05
1857,2023,70115,淮南,凤台县大兴镇,人武专干,专科,不限,1.0,13.0,55.1,63.69
1858,2023,70116,淮南,凤台县杨村镇,人武专干,专科,人民武装专业（退役军人报考可不限专业）,1.0,33.0,63.43,65.51
1859,2023,70117,淮南,大通区纪委监委机关,纪检监察,本科,中国语言文学类,1.0,7.0,70.15,71.75
1860,2023,70118,淮南,大通区纪委监委派驻纪检监察组,纪检监察,本科,法学类,1.0,4.0,65.3,70.14
1861,2023,70119,淮南,大通区档案馆,档案管理,本科,图书情报与档案管理类,1.0,8.0,71.5,72.2
1862,2023,70120,淮南,大通区市场监督管理局,市场监管,本科,机械类、食品科学与工程类,3.0,66.0,68.9,77.35
1863,2023,70121,淮南,大通区市场监督管理局,市场监管,本科,法学类,2.0,9.0,51.66,63.42
1864,2023,70122,淮南,大通区市场监督管理局,市场监管,本科,不限,1.0,1.0,58.0,63.1
1865,2023,70123,淮南,大通区洛河镇,村镇建设管理,专科,不限,1.0,70.0,69.15,70.45
1866,2023,70124,淮南,大通区孔店乡,项目建设管理,本科,不限,1.0,4.0,56.25,56.25
1867,2023,70125,淮南,田家庵区政协办公室,机关综合,本科,不限,1.0,58.0,72.9,73.9
1868,2023,70126,淮南,田家庵区委党校,机关综合,本科,不限,1.0,61.0,74.5,75.4
1869,2023,70127,淮南,田家庵区司法局,机关综合,本科,法学类,1.0,4.0,65.43,66.2
1870,2023,70128,淮南,田家庵区司法局,机关综合,本科,法学类,1.0,9.0,61.51,74.27
1871,2023,70129,淮南,田家庵区市场监督管理局,市场监管,本科,食品科学与工程类、药学类、中药学类,3.0,55.0,67.45,73.45
1872,2023,70130,淮南,田家庵区市场监督管理局,市场监管,本科,电气类、自动化类,3.0,109.0,70.05,74.0
1873,2023,70131,淮南,田家庵区市场监督管理局,市场监管,本科,不限,1.0,7.0,,
1874,2023,70132,淮南,田家庵区市场监督管理局,市场监管,本科,法学类,1.0,2.0,61.81,64.05
1875,2023,70133,淮南,田家庵区蔬菜办公室,文秘,本科,不限,2.0,88.0,71.1,75.35
1876,2023,70134,淮南,田家庵区蔬菜办公室,文秘,本科,不限,1.0,1.0,61.95,69.6
1877,2023,70135,淮南,田家庵区舜耕镇,组织人事管理,本科,不限,1.0,44.0,68.75,70.5
1878,2023,70136,淮南,田家庵区舜耕镇,组织人事管理,专科,不限,1.0,91.0,70.3,74.1
1879,2023,70137,淮南,田家庵区安成镇,组织人事管理,本科,不限,1.0,19.0,61.85,61.85
1880,2023,70138,淮南,田家庵区安成镇,组织人事管理,专科,不限,1.0,93.0,69.15,69.6
1881,2023,70139,淮南,谢家集区纪委监委机关,纪检监察,本科,计算机类,1.0,10.0,67.29,71.24
1882,2023,70140,淮南,谢家集区纪委监委派驻纪检监察组,纪检监察,本科,法学类,1.0,6.0,60.88,68.15
1883,2023,70141,淮南,谢家集区纪委监委派驻纪检监察组,纪检监察,本科,法学类,1.0,5.0,51.34,61.83
1884,2023,70142,淮南,谢家集区纪委监委派驻纪检监察组,纪检监察,本科,不限,1.0,1.0,64.6,69.65
1885,2023,70143,淮南,谢家集区市场监督管理局,市场监管,本科,法学门类,1.0,1.0,64.15,65.75
1886,2023,70144,淮南,谢家集区市场监督管理局,机关综合,本科,工商管理类、中国语言文学类、新闻传播学类,2.0,50.0,69.65,72.3
1887,2023,70145,淮南,谢家集区市场监督管理局,市场监管,本科,机械类,1.0,20.0,68.25,70.0
1888,2023,70146,淮南,谢家集区市场监督管理局,市场监管,本科,土木类、建筑类,2.0,65.0,67.0,72.8
1889,2023,70147,淮南,谢家集区发展和改革委员会,项目建设管理,本科,不限,1.0,33.0,71.25,74.4
1890,2023,70148,淮南,谢家集区人民政府信访局,信访维稳,本科,不限,1.0,27.0,69.6,71.35
1891,2023,70149,淮南,谢家集区委党校,信息化运用,本科,计算机类,1.0,8.0,65.81,72.0
1892,2023,70150,淮南,谢家集区商务促进管理局副食品管理服务中心,副食品监管,本科,不限,1.0,53.0,69.45,70.7
1893,2023,70151,淮南,谢家集区商务促进管理局副食品管理服务中心,副食品监管,本科,不限,1.0,6.0,,
1894,2023,70152,淮南,谢家集区财政局会计核算中心,财政核算,本科,会计学专业、财务管理专业、审计学专业,1.0,8.0,67.53,70.98
1895,2023,70153,淮南,谢家集区农业农村水利局畜牧兽医服务中心,三农综合管理,本科,不限,1.0,0.0,,
1896,2023,70154,淮南,谢家集区司法局,行政复议,本科,法学类,1.0,4.0,56.71,64.45
1897,2023,70155,淮南,谢家集区唐山镇,村镇建设管理,专科,不限,1.0,57.0,65.9,71.5
1898,2023,70156,淮南,谢家集区唐山镇,组织人事管理,本科,不限,1.0,1.0,60.5,65.1
1899,2023,70157,淮南,谢家集区杨公镇,村镇建设管理,本科,不限,1.0,19.0,67.5,68.6
1900,2023,70158,淮南,八公山区纪委监委派驻纪检监察组,纪检监察,本科,中国语言文学类、新闻传播学类（不含特设专业）、马克思主义理论类,1.0,15.0,68.8,71.2
1901,2023,70159,淮南,八公山区市场监督管理局,市场监管,本科,法学类,1.0,2.0,58.45,61.63
1902,2023,70160,淮南,八公山区市场监督管理局,市场监管,本科,食品科学与工程类,1.0,11.0,68.05,72.05
1903,2023,70161,淮南,八公山区市场监督管理局,市场监管,本科,机械类,1.0,20.0,65.7,68.75
1904,2023,70162,淮南,八公山区市场监督管理局,综合文字,本科,中国语言文学类,1.0,12.0,66.7,68.05
1905,2023,70163,淮南,八公山区市场监督管理局,市场监管,本科,不限,1.0,1.0,,
1906,2023,70164,淮南,八公山区司法局,司法行政,本科,法学类,2.0,9.0,66.26,68.68
1907,2023,70165,淮南,八公山区司法局,司法行政,本科,不限,1.0,2.0,66.5,74.25
1908,2023,70166,淮南,八公山区山王镇,村镇建设管理,专科,不限,1.0,47.0,71.5,74.2
1909,2023,70167,淮南,潘集区纪委监委派驻纪检监察组,纪检监察,本科,法学类、汉语言文学专业,2.0,22.0,69.95,75.5
1910,2023,70168,淮南,潘集区委办公室,综合文字,本科,中国语言文学类,1.0,8.0,65.35,70.25
1911,2023,70169,淮南,潘集区直机关工委,信息管理,本科,计算机类,1.0,18.0,67.1,69.21
1912,2023,70170,淮南,潘集区档案馆（区委党史和地方志研究室）,档案管理,本科,历史学类、图书情报与档案管理类、汉语言文学专业,1.0,32.0,70.1,72.95
1913,2023,70171,淮南,潘集区市场监督管理局,市场监管,本科,不限,3.0,9.0,57.85,66.3
1914,2023,70172,淮南,潘集区市场监督管理局,市场监管,本科,不限,1.0,30.0,68.15,71.0
1915,2023,70173,淮南,潘集区市场监督管理局,市场监管,本科,不限,4.0,165.0,67.95,73.4
1916,2023,70174,淮南,潘集区水利局,水利管理,本科,水利类,1.0,20.0,62.8,65.0
1917,2023,70175,淮南,潘集区农业农村局畜牧兽医服务中心,农业技术,本科,动物生产类、林学类、自然保护与环境生态类,1.0,23.0,66.45,74.2
1918,2023,70176,淮南,潘集区贺疃镇,组织人事管理,本科,不限,1.0,26.0,71.1,75.7
1919,2023,70177,淮南,潘集区夹沟镇,农业农村管理,本科,不限,1.0,21.0,64.5,66.9
1920,2023,70178,淮南,潘集区泥河镇,组织人事管理,本科,不限,1.0,17.0,68.7,73.2
1921,2023,70179,淮南,潘集区泥河镇,财务管理,专科,不限,1.0,54.0,66.95,71.55
1922,2023,70180,淮南,毛集实验区司法局,司法行政,本科,不限,1.0,24.0,71.8,73.3
1923,2023,70181,淮南,毛集实验区司法局,司法行政,本科,不限,1.0,26.0,72.25,73.3
1924,2023,70182,淮南,毛集实验区毛集镇,文化旅游管理,本科,不限,1.0,24.0,70.2,71.55
1925,2023,70183,淮南,毛集实验区毛集镇,村镇建设管理,专科,不限,1.0,50.0,68.6,71.1
1926,2023,70184,淮南,毛集实验区毛集镇,组织人事管理,本科,不限,1.0,21.0,66.3,69.25
1927,2023,70185,淮南,毛集实验区毛集镇,项目建设管理,专科,不限,1.0,4.0,58.3,60.1
1928,2023,70186,淮南,毛集实验区夏集镇,村镇建设管理,专科,不限,1.0,5.0,60.5,69.45
1929,2023,70187,淮南,毛集实验区焦岗湖镇,组织人事管理,本科,不限,1.0,23.0,67.6,69.35
1930,2023,70188,淮南,毛集实验区焦岗湖镇,文化旅游管理,本科,不限,1.0,31.0,70.0,73.35
1931,2023,70189,淮南,毛集实验区焦岗湖镇,村镇建设管理,专科,不限,1.0,43.0,66.5,70.4
1932,2023,70190,淮南,寿县公安局,人民警察,本科,不限,1.0,8.0,61.49,65.96
1933,2023,70191,淮南,寿县公安局,人民警察,本科,不限,2.0,32.0,64.19,70.45
1934,2023,70192,淮南,寿县公安局,人民警察,本科,不限,2.0,28.0,65.94,70.86
1935,2023,70193,淮南,凤台县公安局,信息通信★,本科,计算机类、电子信息类,1.0,13.0,68.1,70.85
1936,2023,70194,淮南,凤台县公安局,法医★,本科,临床医学类、法医学类、基础医学类,1.0,6.0,62.55,77.8
1937,2023,70195,淮南,凤台县公安局,人民警察,本科,不限,2.0,25.0,66.64,69.1
1938,2023,70196,淮南,凤台县公安局,人民警察,本科,不限,1.0,4.0,59.07,64.63
1939,2023,70197,淮南,淮南市中级人民法院,法官助理,本科,法学类,3.0,10.0,68.05,77.45
1940,2023,70198,淮南,淮南市中级人民法院,法官助理,本科,法学类,1.0,3.0,71.8,74.85
1941,2023,70199,淮南,淮南市中级人民法院,司法行政人员,本科,计算机科学与技术专业、软件工程专业、网络工程专业,1.0,28.0,68.85,74.2
1942,2023,70200,淮南,淮南市中级人民法院,司法行政人员,本科,中国语言文学类、新闻传播学类,1.0,5.0,63.35,75.2
1943,2023,70201,淮南,寿县人民法院,法官助理,本科,法学类,7.0,14.0,64.3,73.05
1944,2023,70202,淮南,寿县人民法院,综合业务,本科,新闻传播学类,1.0,22.0,70.3,72.8
1945,2023,70203,淮南,凤台县人民法院,法官助理,本科,法学类,2.0,3.0,54.55,64.55
1946,2023,70204,淮南,凤台县人民法院,司法行政人员,本科,中国语言文学类、新闻传播学类、教育学类、法学类,1.0,9.0,56.85,63.9
1947,2023,70205,淮南,凤台县人民法院,司法行政人员,本科,图书情报与档案管理类,1.0,15.0,63.3,74.75
1948,2023,70206,淮南,凤台县人民法院,司法行政人员,本科,计算机科学与技术专业、软件工程专业、网络工程专业、电子与计算机工程专业,1.0,10.0,67.68,75.08
1949,2023,70207,淮南,淮南市大通区人民法院,法官助理,本科,法学类,2.0,3.0,65.95,69.25
1950,2023,70208,淮南,淮南市谢家集区人民法院,综合业务,本科,法学类,1.0,2.0,,
1951,2023,70209,淮南,淮南市谢家集区人民法院,司法行政人员,本科,中国语言文学类、新闻传播学类,1.0,14.0,72.4,74.95
1952,2023,70210,淮南,淮南市八公山区人民法院,法官助理,本科,法学类,1.0,0.0,64.0,69.9
1953,2023,70211,淮南,淮南市潘集区人民法院,法官助理,本科,法学类,2.0,2.0,,
1954,2023,70212,淮南,淮南市潘集区人民法院,综合业务,本科,法学类,1.0,1.0,61.82,70.46
1955,2023,70213,淮南,淮南市人民检察院,检察官助理,本科,法学类（不含特设专业）,3.0,17.0,69.4,75.65
1956,2023,70214,淮南,寿县人民检察院,检察官助理,本科,法学类（不含特设专业）,2.0,10.0,53.4,65.85
1957,2023,70215,淮南,寿县人民检察院,检察官助理,本科,法学类（不含特设专业）,2.0,3.0,61.4,65.55
1958,2023,70216,淮南,凤台县人民检察院,检察官助理,本科,法学类（不含特设专业）,1.0,1.0,65.1,69.4
1959,2023,70217,淮南,凤台县人民检察院,司法行政人员,本科,中国语言文学类、工商管理类、计算机类,1.0,26.0,68.2,69.3
1960,2023,70218,淮南,田家庵区人民检察院,检察官助理,本科,法学类（不含特设专业）,1.0,2.0,59.4,71.4
1961,2023,70219,淮南,田家庵区人民检察院,检察官助理,本科,法学类（不含特设专业）,1.0,1.0,68.55,72.35
1962,2023,70220,淮南,田家庵区人民检察院,司法行政人员,本科,不限,1.0,3.0,68.3,75.25
1963,2023,70221,淮南,谢家集区人民检察院,检察官助理,本科,法学类（不含特设专业）,1.0,7.0,70.7,70.7
1964,2023,70222,淮南,潘集区人民检察院,检察官助理,本科,法学类（不含特设专业）,3.0,7.0,57.0,71.95
1965,2023,70223,淮南,潘集区高皇镇,综合管理,高中（中专）,不限,1.0,0.0,,
1966,2023,80001,滁州,滁州市公安局,物证检验及鉴定1★,本科,计算机科学与技术专业、网络工程专业、电子与计算机工程专业,2.0,47.0,67.9,82.2
1967,2023,80002,滁州,滁州市公安局,物证检验及鉴定2★,本科,刑事科学技术专业、网络安全与执法专业、公安视听技术专业、数据警务技术专业,1.0,4.0,58.33,69.5
1968,2023,80003,滁州,滁州市公安局,人民警察,本科,经济学类、金融学类,2.0,83.0,66.9,69.92
1969,2023,80004,滁州,来安县公安局,网络安全管理★,本科,计算机科学与技术专业、网络工程专业、信息安全专业,1.0,23.0,63.25,67.08
1970,2023,80005,滁州,来安县公安局,人民警察1,本科,法学类、交通管理工程专业,3.0,44.0,65.19,68.33
1971,2023,80006,滁州,来安县公安局,人民警察2,专科,专科：刑事侦查专业、治安管理专业、道路交通管理专业、警务指挥与战术专业、特警专业、刑事科学技术专业、网络安全与执法专业；本科：侦查学专业、治安学专业、公安管理学专业、警务指挥与战术专业、交通管理工程专业、刑事科学技术专业、网络安全与执法专业；研究生：公安学（一级学科）、公安技术（一级学科）,2.0,14.0,60.77,66.89
1972,2023,80007,滁州,来安县公安局,人民警察3,本科,中国语言文学类,1.0,9.0,63.44,67.05
1973,2023,80008,滁州,来安县公安局,人民警察4,本科,会计学专业、审计学专业、财务管理专业,1.0,32.0,67.72,68.35
1974,2023,80009,滁州,来安县公安局,人民警察5,专科,不限,2.0,167.0,65.83,68.41
1975,2023,80010,滁州,来安县公安局,人民警察6,本科,不限,1.0,0.0,54.94,67.13
1976,2023,80011,滁州,全椒县公安局,网络安全管理★,本科,计算机类,2.0,39.0,66.61,72.83
1977,2023,80012,滁州,全椒县公安局,法医★,本科,法医学类,1.0,9.0,65.16,70.56
1978,2023,80013,滁州,全椒县公安局,人民警察1,本科,法学类,2.0,5.0,53.92,65.05
1979,2023,80014,滁州,全椒县公安局,人民警察2,本科,机械类,1.0,13.0,66.05,73.91
1980,2023,80015,滁州,全椒县公安局,人民警察3,本科,不限,1.0,1.0,,
1981,2023,80016,滁州,定远县公安局,人民警察1,本科,金融学类,1.0,18.0,67.43,68.65
1982,2023,80017,滁州,定远县公安局,人民警察2,本科,化学类,1.0,12.0,61.25,62.85
1983,2023,80018,滁州,定远县公安局,人民警察3,本科,公安学类、法学类,2.0,15.0,61.67,70.29
1984,2023,80019,滁州,定远县公安局,人民警察4,本科,中国语言文学类,1.0,6.0,64.47,67.62
1985,2023,80020,滁州,定远县公安局,人民警察5,本科,不限,2.0,90.0,65.12,70.68
1986,2023,80021,滁州,定远县公安局,人民警察6,本科,不限,1.0,11.0,67.92,70.1
1987,2023,80022,滁州,凤阳县公安局,网络安全管理★,本科,计算机类、电子信息类,3.0,74.0,67.93,73.06
1988,2023,80023,滁州,凤阳县公安局,人民警察1,本科,公安学类、法学类,4.0,43.0,63.25,67.74
1989,2023,80024,滁州,凤阳县公安局,人民警察2,本科,中国语言文学类、新闻传播学类,2.0,26.0,62.2,67.8
1990,2023,80025,滁州,凤阳县公安局,人民警察3,本科,经济学类、工商管理类,1.0,36.0,66.41,69.5
1991,2023,80026,滁州,天长市公安局,网络安全管理★,本科,计算机类,2.0,44.0,70.03,78.05
1992,2023,80027,滁州,天长市公安局,人民警察,本科,公安学类、法学类,2.0,7.0,52.46,69.7
1993,2023,80028,滁州,明光市公安局,人民警察1,本科,公安学类、法学类,6.0,21.0,60.42,68.64
1994,2023,80029,滁州,明光市公安局,人民警察2,本科,不限,3.0,15.0,60.63,66.45
1995,2023,80030,滁州,滁州市司法局,综合文字,本科,中国语言文学类、新闻传播学类,1.0,111.0,72.35,73.5
1996,2023,80031,滁州,滁州市发展和改革委员会,项目管理,研究生,岩土工程（二级学科）、化学工程（二级学科）、化学工艺（二级学科）,2.0,69.0,73.15,77.05
1997,2023,80032,滁州,滁州市自然资源和规划局南谯分局,自然资源管理,本科,土地资源管理专业、地理信息科学专业、地理国情监测专业、地理空间信息工程专业,1.0,82.0,72.9,74.05
1998,2023,80033,滁州,滁州市琅琊区生态环境分局,环境保护,本科,法学类,1.0,43.0,72.35,72.8
1999,2023,80034,滁州,中新苏滁高新技术产业开发区管理委员会,规划管理,本科,城乡规划专业、建筑学专业、风景园林专业,1.0,81.0,73.1,77.75
2000,2023,80035,滁州,滁州市地震局,震灾防治,本科,地球物理学类、地理科学类、土木工程专业,1.0,91.0,72.4,73.7
2001,2023,80036,滁州,琅琊区司法局,行政复议,本科,法学类,2.0,12.0,65.0,72.4
2002,2023,80037,滁州,琅琊区司法局,司法助理员,本科,法学类,1.0,20.0,61.52,67.02
2003,2023,80038,滁州,琅琊区残疾人联合会,服务保障,本科,不限,1.0,21.0,70.7,72.45
2004,2023,80039,滁州,琅琊区机关事务管理服务中心,机关事务管理,本科,机械类、电气类,1.0,128.0,71.1,75.55
2005,2023,80040,滁州,南谯区司法局,行政复议,本科,法学类,1.0,4.0,65.35,71.8
2006,2023,80041,滁州,南谯区司法局,司法助理员,本科,法学类,3.0,20.0,63.7,70.2
2007,2023,80042,滁州,来安县纪委监委派驻机构,监督执纪1,本科,法学类,3.0,33.0,69.35,76.5
2008,2023,80043,滁州,来安县纪委监委派驻机构,监督执纪2,本科,财务管理专业、会计学专业、审计学专业,2.0,100.0,71.75,80.85
2009,2023,80044,滁州,来安县纪委监委派驻机构,监督执纪3,本科,不限,1.0,3.0,71.7,72.15
2010,2023,80045,滁州,来安县委统战部,办公室综合,本科,不限,1.0,12.0,69.85,72.0
2011,2023,80046,滁州,来安县教育体育局,机关综合,本科,不限,1.0,6.0,64.45,70.7
2012,2023,80047,滁州,来安县财政局,财政管理,本科,财政学类、会计学专业、财务管理专业、金融学专业,3.0,301.0,73.0,78.55
2013,2023,80048,滁州,来安县文化和旅游局,机关综合,本科,不限,1.0,10.0,66.5,69.5
2014,2023,80049,滁州,来安县卫生健康委员会,医政医管,本科,临床医学专业、预防医学专业、食品卫生与营养学专业、中西医临床医学专业,1.0,30.0,71.55,72.85
2015,2023,80050,滁州,来安县市场监督管理局,基层市场执法,本科,化工与制药类、药学类、生物工程类,2.0,73.0,67.95,71.5
2016,2023,80051,滁州,来安县司法局,行政复议,本科,法学类,2.0,6.0,63.45,71.85
2017,2023,80052,滁州,来安县司法局,司法助理员,本科,法学专业、司法警察学专业、社区矫正专业,3.0,19.0,62.33,69.89
2018,2023,80053,滁州,来安县供销合作社联合社,供销业务,本科,经济学类、金融学类、经济与贸易类,1.0,100.0,74.05,74.4
2019,2023,80054,滁州,来安县乡镇,经济管理,本科,经济学类、金融学类、经济与贸易类,1.0,40.0,70.7,73.7
2020,2023,80055,滁州,来安县乡镇,综合文字,本科,中国语言文学类、新闻传播学类,1.0,31.0,70.9,78.0
2021,2023,80056,滁州,来安县乡镇,社会事务管理1,本科,不限,1.0,18.0,59.65,61.55
2022,2023,80057,滁州,来安县乡镇,社会事务管理2,专科,不限,1.0,214.0,74.1,76.5
2023,2023,80058,滁州,来安县乡镇,镇村建设管理1,本科,建筑类、土木类、水利类、农业工程类,1.0,9.0,67.3,70.95
2024,2023,80059,滁州,来安县乡镇,镇村建设管理2,本科,建筑类、土木类、植物生产类,2.0,23.0,67.1,72.8
2025,2023,80060,滁州,全椒县纪委监委,纪检监察,本科,法学类、审计学专业、财务管理专业,2.0,68.0,71.5,75.4
2026,2023,80061,滁州,全椒县委机构编制委员会办公室,信息管理,本科,计算机类、法学专业,1.0,97.0,71.3,73.3
2027,2023,80062,滁州,全椒县民政局,民政事务管理,本科,社会学类、健康服务与管理专业、养老服务管理专业,1.0,48.0,69.55,71.9
2028,2023,80063,滁州,全椒县司法局,司法助理员1,本科,法学类,3.0,21.0,62.01,67.25
2029,2023,80064,滁州,全椒县司法局,司法助理员2,本科,法学类,2.0,15.0,62.08,70.83
2030,2023,80065,滁州,全椒县司法局,司法行政,本科,不限,1.0,7.0,65.85,67.15
2031,2023,80066,滁州,全椒县财政局,财政管理,本科,财政学类、金融学类、会计学专业、财务管理专业、审计学专业,2.0,139.0,71.25,74.9
2032,2023,80067,滁州,全椒县财政局,项目审核,本科,工程造价专业、工程审计专业、土木工程专业、给排水科学与工程专业、道路桥梁与渡河工程专业、水利水电工程专业、交通工程专业,1.0,59.0,71.8,72.8
2033,2023,80068,滁州,全椒县住房和城乡建设局,城建工程管理,本科,土木类,2.0,77.0,69.9,75.05
2034,2023,80069,滁州,全椒县交通运输局,交通工程管理,本科,交通运输专业、交通工程专业、道路桥梁与渡河工程专业,1.0,39.0,72.3,75.1
2035,2023,80070,滁州,全椒县农业农村局,机关综合,本科,不限,1.0,4.0,67.65,69.5
2036,2023,80071,滁州,全椒县农业农村局,三农服务,本科,植物生产类、动物生产类、自然保护与环境生态类,1.0,37.0,71.05,73.6
2037,2023,80072,滁州,全椒县市场监督管理局,基层市场执法1,本科,食品科学与工程类、药学类,1.0,23.0,66.15,68.45
2038,2023,80073,滁州,全椒县市场监督管理局,基层市场执法2,本科,食品科学与工程类、化工与制药类、药学类,1.0,41.0,68.5,70.4
2039,2023,80074,滁州,全椒县市场监督管理局,基层市场执法3,本科,机械类、法学类,1.0,48.0,67.85,68.8
2040,2023,80075,滁州,全椒县统计局,统计,本科,统计学类、会计学专业、财务管理专业,1.0,92.0,76.4,78.2
2041,2023,80076,滁州,全椒县乡镇,镇村建设管理1,本科,不限,5.0,5.0,56.7,75.6
2042,2023,80077,滁州,全椒县乡镇,镇村建设管理2,专科,不限,4.0,512.0,71.85,78.15
2043,2023,80078,滁州,全椒县乡镇,镇村建设管理3,本科,土木类、建筑类,1.0,29.0,69.5,75.8
2044,2023,80079,滁州,全椒县乡镇,农业经济管理,本科,农业经济管理类、水产类,2.0,9.0,68.55,72.85
2045,2023,80080,滁州,全椒县乡镇,农业管理,本科,植物生产类、林学类,1.0,17.0,67.95,69.8
2046,2023,80081,滁州,全椒县乡镇,农业工程管理,本科,农业工程类、土木类,2.0,14.0,69.95,74.4
2047,2023,80082,滁州,全椒县乡镇,项目建设管理,本科,管理科学与工程类,1.0,26.0,67.7,78.35
2048,2023,80083,滁州,全椒县乡镇,生态环境保护,本科,环境科学与工程类,1.0,21.0,67.1,71.15
2049,2023,80084,滁州,全椒县乡镇,水利建设管理,本科,水利类、环境科学与工程类,2.0,44.0,69.8,71.0
2050,2023,80085,滁州,定远县委机构编制委员会办公室,编制管理,本科,信息管理与信息系统专业、信息资源管理专业、统计学专业,1.0,44.0,74.1,76.1
2051,2023,80086,滁州,定远县教育体育局,教育管理,本科,公共事业管理专业、行政管理专业、人力资源管理专业,1.0,40.0,70.45,74.4
2052,2023,80087,滁州,定远县教育体育局,机关综合,本科,不限,1.0,16.0,66.8,67.6
2053,2023,80088,滁州,定远县自然资源和规划局,自然资源管理,本科,地质工程专业、土地资源管理专业、人文地理与城乡规划专业,1.0,34.0,71.05,76.05
2054,2023,80089,滁州,定远县交通运输局,交通工程管理,本科,交通工程专业、道路桥梁与渡河工程专业、工程管理专业,1.0,43.0,67.1,68.95
2055,2023,80090,滁州,定远县交通运输局,财务管理,本科,财务管理专业、财政学专业、会计学专业、审计学专业,1.0,51.0,65.91,68.84
2056,2023,80091,滁州,定远县农业农村局,农业工程管理,本科,农业工程类,1.0,8.0,61.35,67.05
2057,2023,80092,滁州,定远县文化和旅游局,旅游管理,本科,旅游管理类、公共管理类,1.0,59.0,71.7,72.95
2058,2023,80093,滁州,定远县应急管理局,安全监管,本科,化工与制药类、化学类,1.0,31.0,67.1,72.6
2059,2023,80094,滁州,定远县市场监督管理局,基层市场执法1,本科,食品科学与工程类、药学类、机械类、法学类,3.0,83.0,67.35,71.8
2060,2023,80095,滁州,定远县市场监督管理局,基层市场执法2,本科,不限,1.0,5.0,66.8,72.45
2061,2023,80096,滁州,定远县统计局,统计,本科,统计学类、经济学类、经济与贸易类,1.0,47.0,68.8,76.45
2062,2023,80097,滁州,定远县乡村振兴局,农业经济管理,本科,农业经济管理类、金融学专业,1.0,19.0,69.95,72.9
2063,2023,80098,滁州,定远县乡镇,三农服务1,专科,不限,5.0,301.0,70.7,76.8
2064,2023,80099,滁州,定远县乡镇,三农服务2,本科,不限,4.0,161.0,70.1,74.15
2065,2023,80100,滁州,定远县乡镇,社会事务管理1,本科,不限,3.0,128.0,70.05,75.85
2066,2023,80101,滁州,定远县乡镇,社会事务管理2,专科,不限,4.0,258.0,69.3,75.2
2067,2023,80102,滁州,定远县乡镇,组织人事管理,本科,不限,6.0,40.0,62.7,72.3
2068,2023,80103,滁州,定远县乡镇,农业经济管理,本科,农业经济管理类、农业工程类、植物生产类,3.0,13.0,60.9,68.85
2069,2023,80104,滁州,定远县乡镇,文化旅游管理,本科,旅游管理类、地理科学类,2.0,36.0,68.5,69.55
2070,2023,80105,滁州,定远县乡镇,镇村建设管理1,本科,经济学类、环境科学与工程类,2.0,30.0,69.25,73.15
2071,2023,80106,滁州,定远县乡镇,镇村建设管理2,本科,水利类、安全科学与工程类,2.0,19.0,63.3,69.95
2072,2023,80107,滁州,定远县乡镇,镇村建设管理3,本科,工业工程类、电子商务类、物流管理与工程类,4.0,83.0,66.95,74.05
2073,2023,80108,滁州,定远县乡镇,人武专干,专科,人民武装专业（退役军人报考可不限专业）,1.0,35.0,61.09,64.22
2074,2023,80109,滁州,凤阳县委办公室,综合文字,本科,中国语言文学类、法学类、历史学类,1.0,21.0,69.5,77.05
2075,2023,80110,滁州,凤阳县纪委监委,监督执纪1,本科,计算机科学与技术专业、网络工程专业、信息安全专业、电子与计算机工程专业,1.0,35.0,73.1,75.32
2076,2023,80111,滁州,凤阳县纪委监委,监督执纪2,本科,法学类,1.0,12.0,68.75,72.5
2077,2023,80112,滁州,凤阳县纪委监委,监督执纪3,本科,法学类,2.0,25.0,69.15,72.45
2078,2023,80113,滁州,凤阳县纪委监委,监督执纪4,本科,审计学专业、财务管理专业、会计学专业,2.0,34.0,71.0,74.39
2079,2023,80114,滁州,凤阳县司法局,司法助理员,本科,法学类,3.0,14.0,62.87,68.37
2080,2023,80115,滁州,凤阳县人民政府办公室,综合文字,本科,中国语言文学类、经济学类,1.0,28.0,72.2,76.5
2081,2023,80116,滁州,凤阳县财政局,财政管理,本科,财政学类,1.0,22.0,72.5,80.3
2082,2023,80117,滁州,凤阳县财政局,金融管理,本科,金融学类,2.0,63.0,69.85,76.8
2083,2023,80118,滁州,凤阳县经济和信息化局,信息化建设,本科,电子信息类,1.0,75.0,71.25,74.2
2084,2023,80119,滁州,凤阳县经济和信息化局,产业管理,本科,材料类,1.0,55.0,72.65,78.45
2085,2023,80120,滁州,凤阳县教育体育局,工程管理,本科,工程管理专业、工程造价专业、工程审计专业、土木工程专业,2.0,62.0,69.2,72.3
2086,2023,80121,滁州,凤阳县交通运输局,政策法规,本科,法学类,1.0,7.0,62.72,67.96
2087,2023,80122,滁州,凤阳县交通运输局,财务管理,本科,会计学专业、财务管理专业、审计学专业,1.0,26.0,64.78,73.65
2088,2023,80123,滁州,凤阳县农业农村局,三农服务,本科,植物生产类、动物生产类、农业工程类,2.0,38.0,69.6,76.4
2089,2023,80124,滁州,凤阳县文化和旅游局,旅游管理,本科,旅游管理类,1.0,49.0,71.75,74.35
2090,2023,80125,滁州,凤阳县文化和旅游局,财务管理,本科,会计学专业、财务管理专业、审计学专业,1.0,16.0,69.28,72.74
2091,2023,80126,滁州,凤阳县文化和旅游局,项目管理,本科,土木类,1.0,40.0,71.35,71.75
2092,2023,80127,滁州,凤阳县卫生健康委员会,卫生健康管理1,本科,公共卫生与预防医学类,1.0,14.0,64.75,71.55
2093,2023,80128,滁州,凤阳县卫生健康委员会,卫生健康管理2,本科,公共管理类,1.0,40.0,72.25,75.0
2094,2023,80129,滁州,凤阳县市场监督管理局,基层市场执法1,本科,法学类,2.0,9.0,60.58,64.97
2095,2023,80130,滁州,凤阳县市场监督管理局,基层市场执法2,本科,食品科学与工程类、药学类、化工与制药类,4.0,87.0,68.35,71.55
2096,2023,80131,滁州,凤阳县市场监督管理局,基层市场执法3,本科,机械类,2.0,41.0,65.1,68.95
2097,2023,80132,滁州,凤阳县统计局,统计,本科,统计学类、经济学类,1.0,32.0,73.85,74.95
2098,2023,80133,滁州,凤阳县医疗保障局,办公室综合,本科,不限,1.0,94.0,71.4,74.05
2099,2023,80134,滁州,凤阳县投资促进局,招商引资,本科,经济学类、统计学类,1.0,33.0,70.75,74.85
2100,2023,80135,滁州,凤阳县投资促进局,项目推进,本科,金融学类,1.0,26.0,67.0,71.75
2101,2023,80136,滁州,安徽凤阳经济开发区管理委员会,项目管理,本科,建筑类,2.0,37.0,67.05,72.2
2102,2023,80137,滁州,凤阳县乡镇（街道）,社会事务管理1,本科,不限,6.0,50.0,65.4,75.2
2103,2023,80138,滁州,凤阳县乡镇,社会事务管理2,本科,不限,6.0,42.0,66.3,77.7
2104,2023,80139,滁州,凤阳县乡镇,办公室综合,专科,不限,5.0,422.0,70.5,74.25
2105,2023,80140,滁州,凤阳县乡镇,镇村建设管理,本科,建筑类、土木类、农业工程类、农业经济管理类、植物生产类,5.0,44.0,64.8,71.7
2106,2023,80141,滁州,凤阳县乡镇,人武专干,专科,人民武装专业（退役军人报考可不限专业）,1.0,33.0,61.45,65.4
2107,2023,80142,滁州,天长市纪委监委派驻机构,监督执纪,本科,法学类,1.0,36.0,70.65,73.2
2108,2023,80143,滁州,天长市教育体育局,信息化管理,本科,计算机类,1.0,73.0,69.72,72.45
2109,2023,80144,滁州,天长市财政局,财政管理,本科,经济学类、财政学类、会计学专业、财务管理专业,4.0,216.0,72.8,81.2
2110,2023,80145,滁州,天长市人力资源和社会保障局,社保基金监管,本科,会计学专业、审计学专业、财务管理专业、财政学专业,1.0,37.0,67.06,70.22
2111,2023,80146,滁州,天长市人力资源和社会保障局,机关综合,本科,中国语言文学类、劳动与社会保障专业、信息管理与信息系统专业,1.0,54.0,71.85,73.95
2112,2023,80147,滁州,天长市发展和改革委员会,经济运行监测,本科,经济学专业、国民经济管理专业、经济统计学专业,1.0,26.0,71.65,77.9
2113,2023,80148,滁州,天长市发展和改革委员会,项目管理,本科,铁道工程专业、给排水科学与工程专业、道路桥梁与渡河工程专业,1.0,22.0,69.35,75.55
2114,2023,80149,滁州,天长市发展和改革委员会,节能监测,本科,材料成型及控制工程专业、机械工艺技术专业、微机电系统工程专业,1.0,43.0,72.15,75.2
2115,2023,80150,滁州,天长市经济和信息化局,金融服务,本科,金融学类,1.0,49.0,72.35,76.6
2116,2023,80151,滁州,天长市经济和信息化局,信息化管理,本科,自动化类、计算机类,1.0,101.0,71.85,74.85
2117,2023,80152,滁州,天长市经济和信息化局,机关综合,本科,不限,1.0,5.0,63.35,70.15
2118,2023,80153,滁州,天长市自然资源和规划局,建设规划,本科,建筑学专业、城乡规划专业、风景园林专业、城市设计专业,1.0,30.0,74.05,79.95
2119,2023,80154,滁州,天长市自然资源和规划局,综合文字,本科,中国语言文学类、新闻传播学类,1.0,52.0,73.7,76.65
2120,2023,80155,滁州,天长市住房和城乡建设局,城乡建设,本科,土木工程专业、建筑环境与能源应用工程专业、给排水科学与工程专业,1.0,30.0,69.8,71.95
2121,2023,80156,滁州,天长市文化和旅游局,文旅管理,本科,公共管理类、旅游管理类、图书情报与档案管理类、工商管理类,1.0,102.0,72.1,73.25
2122,2023,80157,滁州,天长市文化和旅游局,综合文字,本科,中国语言文学类、新闻传播学类,1.0,64.0,70.7,71.95
2123,2023,80158,滁州,天长市应急管理局,防汛抗旱,本科,水利类、农业水利工程专业,1.0,14.0,63.8,70.05
2124,2023,80159,滁州,天长市应急管理局,安全监管,本科,化学工程与工艺专业、化工安全工程专业、精细化工专业,1.0,45.0,68.65,72.5
2125,2023,80160,滁州,天长市审计局,审计审查,本科,审计学专业、财务管理专业、法学专业,1.0,93.0,72.5,75.85
2126,2023,80161,滁州,天长市市场监督管理局,基层市场执法1,本科,不限,1.0,3.0,49.9,63.2
2127,2023,80162,滁州,天长市市场监督管理局,基层市场执法2,本科,知识产权专业、食品科学与工程专业、药学专业,3.0,37.0,65.7,71.25
2128,2023,80163,滁州,天长市市场监督管理局,基层市场执法3,本科,计算机类、电子信息类、电气类,1.0,136.0,70.4,73.4
2129,2023,80164,滁州,天长市市场监督管理局,基层市场执法4,本科,材料类、化工与制药类,1.0,66.0,69.4,70.15
2130,2023,80165,滁州,天长市统计局,统计,本科,统计学类、经济统计学专业、计算机科学与技术专业,1.0,85.0,75.2,79.15
2131,2023,80166,滁州,天长市交通运输局,交通工程管理,本科,土木类、交通工程专业,2.0,57.0,71.15,74.85
2132,2023,80167,滁州,天长市交通运输局,机关综合,本科,不限,1.0,4.0,66.2,73.15
2133,2023,80168,滁州,安徽滁州高新技术产业开发区管理委员会,园区建设管理,本科,土木类,1.0,42.0,70.1,79.45
2134,2023,80169,滁州,天长市残疾人联合会,服务保障,本科,不限,1.0,14.0,68.55,69.85
2135,2023,80170,滁州,天长市街道,社会事务管理,本科,不限,2.0,5.0,64.0,69.65
2136,2023,80171,滁州,天长市街道,综合治理,专科,不限,1.0,245.0,73.85,79.25
2137,2023,80172,滁州,天长市街道,街道建设管理1,本科,土木类、建筑类,1.0,19.0,67.5,72.0
2138,2023,80173,滁州,天长市街道,街道建设管理2,本科,土木类、建筑类,1.0,28.0,70.95,74.5
2139,2023,80174,滁州,天长市乡镇,社会事务管理1,本科,不限,5.0,19.0,63.6,73.4
2140,2023,80175,滁州,天长市乡镇,社会事务管理2,专科,不限,5.0,835.0,73.4,79.15
2141,2023,80176,滁州,天长市乡镇,镇村建设管理1,本科,土木类、建筑类、地理科学类,4.0,60.0,67.45,72.95
2142,2023,80177,滁州,天长市乡镇,镇村建设管理2,本科,水利类、环境科学与工程类、农业工程类,1.0,15.0,69.35,70.6
2143,2023,80178,滁州,天长市乡镇,镇村建设管理3,本科,水利类、农业工程类,2.0,23.0,66.35,70.9
2144,2023,80179,滁州,天长市乡镇,综合文字,本科,中国语言文学类,1.0,29.0,69.35,75.75
2145,2023,80180,滁州,天长市乡镇,组织人事管理,本科,社会学类、马克思主义理论类,1.0,17.0,72.6,78.55
2146,2023,80181,滁州,天长市乡镇,人武专干,专科,不限,1.0,18.0,60.29,65.02
2147,2023,80182,滁州,明光市委巡察工作领导小组办公室,巡察督察,本科,法学类、经济学类,1.0,24.0,72.05,73.6
2148,2023,80183,滁州,明光市民政局,资金核算,本科,会计学专业、财务管理专业、审计学专业,1.0,32.0,62.67,67.81
2149,2023,80184,滁州,明光市农业农村局,三农服务,本科,植物生产类、动物生产类、农业工程类,1.0,17.0,64.95,69.8
2150,2023,80185,滁州,明光市司法局,司法助理员,本科,法学类,2.0,18.0,64.28,68.69
2151,2023,80186,滁州,明光市街道,城市管理,本科,建筑类、工商管理类,2.0,86.0,70.45,71.95
2152,2023,80187,滁州,明光市街道,社区管理,专科,不限,1.0,157.0,74.65,77.4
2153,2023,80188,滁州,明光市乡镇,农业管理,本科,农学门类、农业工程类,2.0,21.0,63.55,69.95
2154,2023,80189,滁州,明光市乡镇,经济发展服务,专科,不限,2.0,176.0,72.0,76.1
2155,2023,80190,滁州,明光市乡镇,镇村建设管理,本科,不限,2.0,10.0,65.4,70.9
2156,2023,80191,滁州,明光市乡镇,社会事务管理,本科,不限,2.0,154.0,70.1,72.4
2157,2023,80192,滁州,滁州市中级人民法院,法官助理,本科,法学类（不含特设专业）,5.0,46.0,71.45,78.5
2158,2023,80193,滁州,滁州市琅琊区人民法院,法官助理1,本科,法学类（不含特设专业）,2.0,5.0,69.4,72.0
2159,2023,80194,滁州,滁州市琅琊区人民法院,法官助理2,本科,法学类（不含特设专业）,3.0,17.0,66.25,70.85
2160,2023,80195,滁州,滁州市琅琊区人民法院,司法行政人员,本科,图书情报与档案管理类,1.0,31.0,71.85,82.45
2161,2023,80196,滁州,滁州市琅琊区人民法院,司法警察,本科,不限,1.0,8.0,64.3,68.85
2162,2023,80197,滁州,来安县人民法院,法官助理,本科,法学类,3.0,9.0,63.6,72.8
2163,2023,80198,滁州,全椒县人民法院,法官助理,本科,法学类（不含特设专业）,1.0,2.0,60.55,69.9
2164,2023,80199,滁州,定远县人民法院,法官助理,本科,法学类（不含特设专业）,4.0,6.0,62.25,72.05
2165,2023,80200,滁州,定远县人民法院,司法行政人员,本科,中国语言文学类,1.0,34.0,69.5,73.15
2166,2023,80201,滁州,凤阳县人民法院,司法行政人员,本科,会计学专业、财务管理专业、审计学专业,1.0,18.0,71.44,73.43
2167,2023,80202,滁州,凤阳县人民法院,司法警察1,本科,公安学类、法学类,1.0,11.0,61.4,67.45
2168,2023,80203,滁州,凤阳县人民法院,司法警察2,本科,不限,1.0,10.0,63.3,69.05
2169,2023,80204,滁州,天长市人民法院,法官助理,本科,法学类（不含特设专业）,2.0,25.0,69.35,73.6
2170,2023,80205,滁州,天长市人民法院,司法行政人员,本科,会计学专业、财务管理专业、审计学专业,1.0,71.0,69.57,72.77
2171,2023,80206,滁州,明光市人民法院,法官助理1,本科,法学类,2.0,2.0,60.9,67.6
2172,2023,80207,滁州,明光市人民法院,法官助理2,本科,法学类,2.0,0.0,65.6,71.6
2173,2023,80208,滁州,明光市人民法院,司法行政人员,本科,不限,1.0,16.0,67.2,68.8
2174,2023,80209,滁州,滁州市人民检察院,检察官助理1,本科,法学类(不含特设专业),1.0,5.0,67.35,69.8
2175,2023,80210,滁州,滁州市人民检察院,检察官助理2,本科,法学类(不含特设专业),2.0,27.0,68.7,71.65
2176,2023,80211,滁州,滁州市人民检察院,司法行政人员,本科,中国语言文学类、新闻传播学类、法学类,1.0,107.0,72.7,75.1
2177,2023,80212,滁州,滁州市琅琊区人民检察院,检察官助理,本科,法学类(不含特设专业),1.0,4.0,64.45,67.4
2178,2023,80213,滁州,滁州市南谯区人民检察院,检察官助理,本科,法学类(不含特设专业),1.0,6.0,61.8,69.55
2179,2023,80214,滁州,来安县人民检察院,检察官助理,本科,法学类(不含特设专业),3.0,12.0,68.15,72.2
2180,2023,80215,滁州,来安县人民检察院,司法行政人员,本科,会计学专业、财务管理专业、审计学专业,1.0,47.0,68.65,71.77
2181,2023,80216,滁州,全椒县人民检察院,司法行政人员1,本科,会计学专业、财务管理专业、审计学专业,1.0,41.0,69.54,74.64
2182,2023,80217,滁州,全椒县人民检察院,司法行政人员2,本科,中国语言文学类、新闻传播学类,1.0,61.0,70.65,74.35
2183,2023,80218,滁州,全椒县人民检察院,司法行政人员3,本科,计算机类,1.0,46.0,70.62,72.97
2184,2023,80219,滁州,定远县人民检察院,检察官助理,本科,法学类(不含特设专业),1.0,2.0,59.5,68.1
2185,2023,80220,滁州,定远县人民检察院,司法行政人员,本科,不限,1.0,14.0,69.05,70.55
2186,2023,80221,滁州,凤阳县人民检察院,检察官助理,本科,法学类(不含特设专业),1.0,3.0,62.8,67.1
2187,2023,80222,滁州,明光市人民检察院,检察官助理1,本科,法学类(不含特设专业),1.0,2.0,62.2,66.85
2188,2023,80223,滁州,明光市人民检察院,检察官助理2,本科,法学类(不含特设专业),1.0,0.0,67.9,71.35
2189,2023,80224,滁州,明光市人民检察院,司法行政人员,本科,不限,1.0,21.0,73.3,75.8
2190,2023,80225,滁州,滁州市公安局,狙击,高中,不限,1.0,24.0,52.96,55.01
2191,2023,80226,滁州,滁州市公安局,突击,高中,不限,1.0,41.0,58.54,63.62
2192,2023,80227,滁州,来安县乡镇,镇村事务管理,高中（中专）,不限,1.0,0.0,,
2193,2023,80228,滁州,全椒县乡镇,镇村事务管理,高中（中专）,不限,1.0,0.0,,
2194,2023,80229,滁州,凤阳县乡镇,镇村事务管理,高中（中专）,不限,3.0,0.0,,
2195,2023,80230,滁州,天长市乡镇,镇村事务管理,高中（中专）,不限,2.0,0.0,,
2196,2023,80231,滁州,明光市乡镇,镇村事务管理,高中（中专）,不限,1.0,0.0,,
2197,2023,300001,省直,省委办公厅,综合文字,研究生,经济学门类、法学门类、文学门类、历史学门类,2.0,103.0,72.15,75.85
2198,2023,300002,省直,省委党史研究院（省地方志研究院）,中共党史研究,研究生,马克思主义理论（一级学科）、中共党史党建学（一级学科）,1.0,27.0,71.7,72.45
2199,2023,300003,省直,省委党史研究院（省地方志研究院）,地方志研究,研究生,历史学（一级学科）,3.0,59.0,69.6,73.3
2200,2023,300004,省直,省委党史研究院（省地方志研究院）,综合文字,研究生,中国语言文学（一级学科）、新闻传播学（一级学科）,1.0,45.0,72.35,73.8
2201,2023,300005,省直,省政府办公厅,法规审查,研究生,法学（一级学科）,1.0,11.0,70.9,72.0
2202,2023,300006,省直,省政府办公厅,机关综合,研究生,系统科学（一级学科）、建筑学（一级学科）、交通运输工程（一级学科）、农业工程（一级学科）、林业工程（一级学科）、环境科学与工程（一级学科）、土木工程（一级学科）、水利工程（一级学科）、控制科学与工程（一级学科）、计算机科学与技术（一级学科）、电子信息（一级学科）、信息与通信工程（一级学科）、测绘科学与技术（一级学科）,2.0,133.0,72.45,76.6
2203,2023,300007,省直,省政府办公厅省直机关老干部第二活动室,法规审查,本科,法学类,1.0,13.0,68.85,70.2
2204,2023,300008,省直,省政府办公厅省直机关老干部第二活动室,组织宣传,研究生,不限,1.0,156.0,71.9,77.5
2205,2023,300009,省直,省政府办公厅省直机关老干部第二活动室,综合文字,本科,不限,1.0,195.0,72.65,78.6
2206,2023,300010,省直,省发展改革委,机关综合,研究生,国民经济学（二级学科）、区域经济学（二级学科）、产业经济学（二级学科）、数量经济学（二级学科）、汉语言文字学（二级学科）、机械电子工程（二级学科）、建筑技术科学（二级学科）、交通运输规划与管理（二级学科）,5.0,113.0,70.9,75.95
2207,2023,300011,省直,省粮食和物资储备局,政策法规,研究生,法学（一级学科，不含军事法学二级学科）,1.0,23.0,71.55,72.8
2208,2023,300012,省直,省粮食和物资储备局,机关综合,研究生,经济学门类,1.0,37.0,72.7,74.7
2209,2023,300013,省直,省粮食和物资储备局,机关综合,研究生,粮食、油脂及植物蛋白工程（二级学科）、食品科学（二级学科）、农产品加工及贮藏工程（二级学科）,1.0,29.0,68.85,70.85
2210,2023,300014,省直,省科技厅,科技管理,研究生,金融学（二级学科）、企业管理（二级学科）、金融硕士（专业硕士）,2.0,119.0,73.9,77.5
2211,2023,300015,省直,省经信厅,企业管理服务,研究生,工学门类,3.0,338.0,74.75,77.55
2212,2023,300016,省直,省经信厅,产业管理,研究生,机械工程（一级学科）、电子科学与技术（一级学科）、控制科学与工程（一级学科）,2.0,137.0,72.6,78.35
2213,2023,300017,省直,省经信厅,非煤矿山管理,研究生,矿业工程（一级学科）,1.0,30.0,67.95,70.45
2214,2023,300018,省直,省经信厅,无线电管理,研究生,信息与通信工程（一级学科）,1.0,15.0,69.6,72.65
2215,2023,300019,省直,省经信厅,民爆行业管理,本科,弹药工程与爆炸技术专业、化工安全工程专业、安全工程专业,1.0,97.0,70.1,73.65
2216,2023,300020,省直,省经信厅,档案管理,本科,图书情报与档案管理类,1.0,47.0,69.35,73.5
2217,2023,300021,省直,省经信厅,服务保障,本科,临床医学专业、中医学专业、中医康复学专业,1.0,104.0,71.25,77.9
2218,2023,300022,省直,省经信厅省节能监察中心,节能监察,研究生,动力工程及工程热物理（一级学科）、控制科学与工程（一级学科）、环境科学与工程（一级学科）,1.0,46.0,72.3,74.3
2219,2023,300023,省直,省民委（省宗教局）,机关综合,本科,经济学类、法学类、中国语言文学类、民族学类、哲学类,4.0,217.0,73.0,76.75
2220,2023,300024,省直,省公安厅,人民警察政策研究,研究生,法学（一级学科，不含军事法学二级学科）,1.0,17.0,72.56,77.65
2221,2023,300025,省直,省公安厅,人民警察财会,研究生,会计学（二级学科）、企业管理（财务管理方向，二级学科）、会计硕士（专业硕士）、审计硕士（专业硕士）,2.0,22.0,70.05,74.1
2222,2023,300026,省直,省公安厅,人民警察信息通信,研究生,信息与通信工程（一级学科）、计算机科学与技术（一级学科）、软件工程（一级学科）、网络空间安全（一级学科）,3.0,31.0,68.63,76.49
2223,2023,300027,省直,省公安厅,人民警察信息通信,研究生,信息与通信工程（一级学科）、计算机科学与技术（一级学科）、软件工程（一级学科）、网络空间安全（一级学科）,4.0,41.0,71.56,80.36
2224,2023,300028,省直,省财政厅,财政金融管理,研究生,国民经济学（二级学科）、区域经济学（二级学科）、财政学（二级学科）、金融学（二级学科）、产业经济学（二级学科）、国际贸易学（二级学科）、劳动经济学（二级学科）、统计学（二级学科）、数量经济学（二级学科）、应用统计硕士（专业硕士）、税务硕士（专业硕士）、审计硕士（专业硕士）,2.0,86.0,72.9,74.45
2225,2023,300029,省直,省财政厅,涉农财政管理,研究生,作物学（一级学科）、园艺学（一级学科）、农业资源与环境（一级学科）、植物保护（一级学科）、农林经济管理（一级学科）,1.0,86.0,72.65,72.95
2226,2023,300030,省直,省财政厅,财政管理,研究生,会计学（二级学科）、企业管理（二级学科）、会计硕士（专业硕士）,2.0,69.0,74.22,80.26
2227,2023,300031,省直,省财政厅,财政信息化管理,研究生,计算机科学与技术（一级学科）,1.0,36.0,74.68,77.01
2228,2023,300032,省直,省财政厅,财政数据分析,研究生,数学（一级学科）,1.0,26.0,69.55,72.4
2229,2023,300033,省直,省财政厅,财政信息宣传,研究生,新闻传播学（一级学科）、新闻与传播硕士（专业硕士）,1.0,51.0,74.2,75.3
2230,2023,300034,省直,省人社厅,机关综合,本科,经济学类（不含特设专业）、法学类（不含特设专业）、中国语言文学类（不含特设专业）、新闻传播学类（不含特设专业）,2.0,129.0,74.85,80.45
2231,2023,300035,省直,省自然资源厅,土地资源与规划管理,本科,土地资源管理专业、城乡规划专业、土地整治工程专业,1.0,96.0,72.85,73.2
2232,2023,300036,省直,省自然资源厅,矿政管理,本科,地质学专业、地质工程专业、勘查技术与工程专业、资源勘查工程专业、采矿工程专业,1.0,121.0,75.25,76.6
2233,2023,300037,省直,省农业农村厅,经济管理与农业对外合作,研究生,会计学（二级学科）、企业管理（市场营销方向，二级学科）、农业经济管理（二级学科）,2.0,46.0,73.2,77.0
2234,2023,300038,省直,省农业农村厅省农村合作经济经营管理总站,经济管理,研究生,理论经济学（一级学科）、应用经济学（一级学科）、农业经济管理（二级学科）,2.0,46.0,70.6,76.3
2235,2023,300039,省直,省农业农村厅省农产品质量安全管理站,农产品质量安全管理,研究生,食品科学与工程（一级学科）,1.0,18.0,72.2,73.8
2236,2023,300040,省直,省农业农村厅省农村能源总站,农村能源管理,研究生,农业生物环境与能源工程（二级学科）、环境科学（二级学科）、环境工程（二级学科）,3.0,102.0,70.75,76.15
2237,2023,300041,省直,省农业农村厅省种子管理总站,种子管理,研究生,作物遗传育种（二级学科）、蔬菜学（二级学科）、生物化学与分子生物学（二级学科）,1.0,35.0,71.1,71.95
2238,2023,300042,省直,省农业农村厅省农业生态环境总站,生态环境管理,本科,农业资源与环境专业、生态学专业、资源环境科学专业,1.0,50.0,73.2,76.1
2239,2023,300043,省直,省农业农村厅省农业综合开发局,财务管理,研究生,会计学（二级学科）、企业管理（财务管理方向，二级学科）、会计硕士（专业硕士）、审计硕士（专业硕士）,1.0,22.0,73.49,74.58
2240,2023,300044,省直,省农业农村厅省农业综合开发局,农田水利管理,研究生,水利水电工程（二级学科）、农业水土工程（二级学科）、水工结构工程（二级学科）,1.0,16.0,65.4,70.75
2241,2023,300045,省直,省农业农村厅省农业综合开发局,土壤管理,研究生,农业资源利用（一级学科）,1.0,28.0,69.15,70.65
2242,2023,300046,省直,省水利厅,水利管理,本科,水利水电工程专业、水文与水资源工程专业、水利科学与工程专业,4.0,91.0,71.15,74.3
2243,2023,300047,省直,省水利厅,水利管理,本科,水利水电工程专业、水文与水资源工程专业、水利科学与工程专业,4.0,90.0,68.45,75.45
2244,2023,300048,省直,省水利厅省水文局机关,机关综合,本科,不限,1.0,621.0,74.4,80.25
2245,2023,300049,省直,省水利厅省水文局机关,水文与水资源管理,本科,水文与水资源工程专业,3.0,55.0,69.6,77.1
2246,2023,300050,省直,省水利厅宿州水文水资源局机关,网络维护,本科,电子信息工程专业、电子科学与技术专业、通信工程专业、计算机科学与技术专业、网络工程专业、电子与计算机工程专业,1.0,99.0,71.95,74.45
2247,2023,300051,省直,省水利厅蚌埠水文水资源局机关,水文与水资源管理,本科,水文与水资源工程专业,2.0,23.0,64.45,67.6
2248,2023,300052,省直,省水利厅阜阳水文水资源局机关,财务管理,本科,财务管理专业、会计学专业、审计学专业,1.0,69.0,67.83,68.96
2249,2023,300053,省直,省水利厅阜阳水文水资源局机关,水环境监测,本科,化学专业、应用化学专业、水质科学与技术专业,1.0,73.0,70.15,76.5
2250,2023,300054,省直,省水利厅滁州水文水资源局机关,水文测验,本科,水文与水资源工程专业,1.0,10.0,66.8,69.5
2251,2023,300055,省直,省水利厅六安水文水资源局机关,站网管理,本科,水利水电工程专业、水文与水资源工程专业、水利科学与工程专业,1.0,22.0,66.75,68.7
2252,2023,300056,省直,省水利厅马鞍山水文水资源局机关,机关综合,本科,不限,1.0,159.0,76.7,77.5
2253,2023,300057,省直,省水利厅安庆水文水资源局机关,水文与水资源管理,本科,水文与水资源工程专业,2.0,14.0,63.2,67.9
2254,2023,300058,省直,省商务厅,商务经济统计,本科,统计学类、经济统计学专业,1.0,60.0,74.6,74.7
2255,2023,300059,省直,省商务厅,商务政策规划,研究生,国民经济学（二级学科）、区域经济学（二级学科）、产业经济学（二级学科）、国际贸易学（二级学科）、国际商务硕士（专业硕士）,2.0,57.0,72.5,76.5
2256,2023,300060,省直,省商务厅,商务金融管理,本科,金融学类、经济与贸易类、商务经济学专业、国际经贸规则专业、国际商务专业,2.0,246.0,73.25,77.0
2257,2023,300061,省直,省商务厅,财务管理,本科,会计学专业、财务管理专业、审计学专业,3.0,260.0,73.65,78.05
2258,2023,300062,省直,省文化和旅游厅,文物管理,本科,历史学类,1.0,58.0,72.1,75.25
2259,2023,300063,省直,省卫生健康委,财务审计,研究生,会计学（二级学科）、会计硕士（专业硕士）、审计硕士（专业硕士）,1.0,64.0,73.8,74.85
2260,2023,300064,省直,省退役军人事务厅,机关综合,本科,不限,1.0,253.0,76.95,77.75
2261,2023,300065,省直,省国资委,机关综合,研究生,应用经济学（一级学科）、法学（一级学科）、工商管理学（一级学科）、金融硕士（专业硕士）、会计硕士（专业硕士）,3.0,221.0,73.0,76.1
2262,2023,300066,省直,省市场监管局,执法监管,本科,法学类,3.0,78.0,71.4,75.05
2263,2023,300067,省直,省市场监管局,监管服务,本科,经济学类,2.0,87.0,73.3,76.2
2264,2023,300068,省直,省市场监管局,安全监管,本科,机械工程专业、机械设计制造及其自动化专业、电气工程及其自动化专业,2.0,213.0,72.6,78.5
2265,2023,300069,省直,省市场监管局省知识产权事业发展中心,知识产权管理,研究生,法学（一级学科）、知识产权硕士（专业硕士）、法律硕士（专业硕士）,1.0,20.0,71.9,75.65
2266,2023,300070,省直,省市场监管局省纤维检验局,党建管理,本科,哲学类、马克思主义理论类、中国语言文学类,1.0,40.0,71.95,73.25
2267,2023,300071,省直,省广播电视局,政策法规,本科,法学类（不含特设专业）,1.0,40.0,73.1,74.3
2268,2023,300072,省直,省广播电视局,财务管理,本科,会计学专业、财务管理专业、审计学专业、财务会计教育专业,1.0,105.0,75.25,75.69
2269,2023,300073,省直,省体育局,机关综合,本科,体育学类,1.0,100.0,68.9,72.9
2270,2023,300074,省直,省体育局,产业规划,研究生,应用经济学（一级学科）,1.0,28.0,73.9,75.0
2271,2023,300075,省直,省统计局,综合统计,研究生,经济学门类、统计学（一级学科）,2.0,71.0,74.2,77.95
2272,2023,300076,省直,省林业局省造林经营总站,林业管理,研究生,林木遗传育种（二级学科）、森林培育（二级学科）、森林经理学（二级学科）,1.0,16.0,69.25,71.5
2273,2023,300077,省直,省林业局省林业有害生物防治检疫局,林业有害生物防治,研究生,森林保护学（二级学科）、植物病理学（二级学科）,1.0,26.0,69.35,72.6
2274,2023,300078,省直,省政府信访局,信访办理,本科,法学类,2.0,32.0,70.28,75.6
2275,2023,300079,省直,民盟安徽省委,机关综合,本科,哲学专业、逻辑学专业、政治学与行政学专业、汉语言文学专业、历史学专业、法学专业、新闻学专业、经济学专业,1.0,48.0,71.15,74.1
2276,2023,300080,省直,民革安徽省委,机关综合,本科,经济学门类、中国语言文学类、法学类、政治学类,1.0,69.0,74.3,76.85
2277,2023,300081,省直,省人民检察院,司法行政人员,研究生,计算机科学与技术（一级学科）,1.0,36.0,71.25,78.75
2278,2023,300082,省直,省白湖监狱管理分局,人民警察,本科,中国语言文学类、新闻传播学类,3.0,17.0,64.3,67.75
2279,2023,300083,省直,省白湖监狱管理分局,人民警察,本科,监狱学专业、法学专业、侦查学专业、社会学专业、社会工作专业,4.0,44.0,65.15,68.55
2280,2023,300084,省直,省白湖监狱管理分局,人民警察,本科,安全科学与工程类,2.0,15.0,64.8,71.15
2281,2023,300085,省直,省白湖监狱管理分局,人民警察,本科,土木类（不含特设专业）、建筑类、工程造价专业,2.0,55.0,68.9,76.1
2282,2023,300086,省直,省白湖监狱管理分局,人民警察,本科,环境科学与工程类、食品科学与工程类,2.0,57.0,64.65,73.75
2283,2023,300087,省直,省白湖监狱管理分局,人民警察,本科,纺织类、服装与服饰设计专业、艺术设计学专业、产品设计专业,2.0,47.0,66.25,70.2
2284,2023,300088,省直,省白湖监狱管理分局,金融财会,本科,金融学类、会计学专业、财务管理专业、审计学专业,2.0,37.0,66.3,73.2
2285,2023,300089,省直,省白湖监狱管理分局,人民警察,本科,美术学类、播音与主持艺术专业、舞蹈编导专业、舞蹈表演专业、表演专业、音乐表演专业、音乐学专业、戏剧影视导演专业、戏剧影视文学专业、广播电视编导专业、影视摄影与制作专业,2.0,94.0,65.3,71.6
2286,2023,300090,省直,省白湖监狱管理分局,人民警察,本科,植物生产类（不含特设专业）,3.0,22.0,65.15,72.9
2287,2023,300091,省直,省白湖监狱管理分局,人民警察,本科,农业工程类、自然保护与环境生态类,2.0,14.0,61.0,65.5
2288,2023,300092,省直,省白湖监狱管理分局,人民警察,本科,教育学类,2.0,37.0,60.7,67.15
2289,2023,300093,省直,省白湖监狱管理分局,人民警察,本科,林学类、林业工程类（不含特设专业）,3.0,38.0,66.15,71.4
2290,2023,300094,省直,省白湖监狱管理分局,人民警察,本科,水利类、测绘类,2.0,44.0,66.6,67.35
2291,2023,300095,省直,省白湖监狱管理分局,人民警察,本科,生物工程类、生物科学类,2.0,57.0,66.7,71.85
2292,2023,300096,省直,省白湖监狱管理分局,人民警察,本科,水产类、动物医学类,2.0,26.0,62.9,69.3
2293,2023,300097,省直,省白湖监狱管理分局,人民警察,本科,管理学门类,2.0,76.0,67.65,70.35
2294,2023,300098,省直,省白湖监狱管理分局,网络安全管理,本科,计算机类、电子信息类（不含特设专业）,3.0,67.0,66.01,73.21
2295,2023,300099,省直,省白湖监狱管理分局,人民警察,本科,电气类（不含特设专业）,2.0,42.0,66.3,74.75
2296,2023,300100,省直,省白湖监狱管理分局,人民警察,本科,统计学类、数学类、化学类,3.0,102.0,69.6,73.25
2297,2023,300101,省直,省白湖监狱管理分局,人民警察,本科,材料类（不含特设专业）,2.0,55.0,68.1,71.3
2298,2023,300102,省直,省白湖监狱管理分局,人民警察,本科,体育学类,2.0,87.0,64.5,68.15
2299,2023,300103,省直,省白湖监狱管理分局,心理矫正,本科,心理学类,3.0,50.0,66.9,70.05
2300,2023,300104,省直,省白湖监狱管理分局,人民警察,本科,经济学门类,3.0,59.0,68.8,69.95
2301,2023,300105,省直,省白湖监狱管理分局,警察医学,本科,药学类、精神医学专业、预防医学专业、麻醉学专业,3.0,92.0,66.05,72.0
2302,2023,300106,省直,省白湖监狱管理分局,警察医学,本科,医学影像学专业、放射医学专业,2.0,12.0,58.2,64.7
2303,2023,300107,省直,省白湖监狱管理分局,警察医学,本科,医学检验技术专业、卫生检验与检疫专业、医学实验技术专业,2.0,48.0,67.05,70.45
2304,2023,300108,省直,省白湖监狱管理分局,警察医学,本科,护理学类(不含特设专业),2.0,62.0,65.9,70.95
2305,2023,300109,省直,省白湖监狱管理分局,警察医学,本科,护理学类(不含特设专业),2.0,93.0,64.7,71.0
2306,2023,300110,省直,省白湖监狱管理分局,人民警察,本科,不限,4.0,212.0,68.3,71.7
2307,2023,300111,省直,省白湖监狱管理分局,人民警察,本科,不限,4.0,208.0,67.6,72.7
2308,2023,300112,省直,省白湖监狱管理分局,人民警察,本科,不限,8.0,19.0,51.95,69.65
2309,2023,300113,省直,省白湖监狱管理分局,人民警察,本科,不限,6.0,27.0,59.2,72.25
2310,2023,300114,省直,省九成监狱管理分局,人民警察,本科,中国语言文学类、新闻传播学类,1.0,5.0,66.85,73.15
2311,2023,300115,省直,省九成监狱管理分局,人民警察,本科,监狱学专业、法学专业、侦查学专业、社会学专业、社会工作专业,2.0,56.0,67.85,70.9
2312,2023,300116,省直,省九成监狱管理分局,人民警察,本科,纺织类、服装与服饰设计专业、艺术设计学专业、产品设计专业,2.0,25.0,60.0,64.2
2313,2023,300117,省直,省九成监狱管理分局,人民警察,本科,美术学类、播音与主持艺术专业、舞蹈编导专业、舞蹈表演专业、表演专业、音乐表演专业、音乐学专业、戏剧影视导演专业、戏剧影视文学专业、广播电视编导专业、影视摄影与制作专业,2.0,89.0,65.1,70.0
2314,2023,300118,省直,省九成监狱管理分局,人民警察,本科,植物生产类（不含特设专业）、林业工程类,3.0,8.0,59.95,69.3
2315,2023,300119,省直,省九成监狱管理分局,人民警察,本科,管理学门类,2.0,39.0,65.95,69.3
2316,2023,300120,省直,省九成监狱管理分局,金融财会,本科,金融学类、会计学专业、财务管理专业、审计学专业,2.0,24.0,59.09,67.1
2317,2023,300121,省直,省九成监狱管理分局,网络安全管理,本科,计算机类、电子信息类（不含特设专业）,1.0,11.0,65.42,69.28
2318,2023,300122,省直,省九成监狱管理分局,警察医学,本科,临床医学类（不含特设专业）、精神医学专业、中西医临床医学专业,2.0,18.0,56.35,68.25
2319,2023,300123,省直,省九成监狱管理分局,警察医学,本科,护理学类(不含特设专业),2.0,35.0,64.5,67.15
2320,2023,300124,省直,省九成监狱管理分局,人民警察,本科,不限,1.0,18.0,68.05,69.1
2321,2023,300125,省直,省九成监狱管理分局,人民警察,本科,不限,6.0,35.0,63.1,69.35
2322,2023,300126,省直,省九成监狱管理分局,人民警察,本科,不限,1.0,3.0,57.7,63.65
2323,2023,300127,省直,省巢湖监狱,人民警察,研究生,材料科学与工程（一级学科）,1.0,14.0,64.55,67.8
2324,2023,300128,省直,省巢湖监狱,人民警察,研究生,机械工程（一级学科）,1.0,25.0,67.6,72.25
2325,2023,300129,省直,省巢湖监狱,人民警察,研究生,法学（一级学科）、教育学（一级学科）、心理学（一级学科）、社会学（二级学科）、法律硕士（专业硕士）,1.0,38.0,68.2,72.0
2326,2023,300130,省直,省巢湖监狱,人民警察,本科,新闻传播学类、英语专业,2.0,30.0,66.0,69.3
2327,2023,300131,省直,省巢湖监狱,人民警察,本科,中国语言文学类,2.0,27.0,66.5,68.5
2328,2023,300132,省直,省巢湖监狱,人民警察,本科,机械类、材料类（不含特设专业）,3.0,79.0,67.7,73.0
2329,2023,300133,省直,省巢湖监狱,人民警察,本科,监狱学专业、法学专业、侦查学专业、社会学专业、社会工作专业,1.0,8.0,64.9,70.25
2330,2023,300134,省直,省巢湖监狱,金融财会,本科,金融学类、会计学专业、财务管理专业、审计学专业,2.0,37.0,68.06,71.63
2331,2023,300135,省直,省巢湖监狱,心理矫正,本科,心理学类,1.0,14.0,67.1,69.75
2332,2023,300136,省直,省巢湖监狱,人民警察,本科,工商管理类（不含特设专业）、公共事业管理专业,1.0,38.0,67.95,69.35
2333,2023,300137,省直,省巢湖监狱,人民警察,本科,经济学门类,1.0,18.0,70.0,71.95
2334,2023,300138,省直,省巢湖监狱,人民警察,本科,不限,1.0,57.0,67.0,69.5
2335,2023,300139,省直,省合肥监狱,人民警察,研究生,法学（一级学科）、教育学（一级学科）、心理学（一级学科）、社会学（二级学科）、法律硕士（专业硕士）,2.0,22.0,65.6,67.1
2336,2023,300140,省直,省合肥监狱,人民警察,研究生,公共管理（一级学科）、公共管理硕士（专业硕士）、图书情报硕士（专业硕士）,2.0,17.0,66.4,71.85
2337,2023,300141,省直,省合肥监狱,网络安全管理,本科,计算机类、电子信息类（不含特设专业）,1.0,38.0,70.29,70.49
2338,2023,300142,省直,省合肥监狱,人民警察,本科,中国语言文学类、英语专业,2.0,161.0,68.25,70.15
2339,2023,300143,省直,省合肥监狱,心理矫正,本科,心理学类,1.0,23.0,65.15,67.6
2340,2023,300144,省直,省合肥监狱,人民警察,本科,影视摄影与制作专业、广播电视编导专业、影视技术专业、戏剧影视导演专业、戏剧影视文学专业,1.0,43.0,66.9,69.2
2341,2023,300145,省直,省合肥监狱,人民警察,本科,安全科学与工程类、食品科学与工程类,1.0,22.0,70.65,71.55
2342,2023,300146,省直,省合肥监狱,金融财会,本科,金融学类、会计学专业、财务管理专业、审计学专业,1.0,52.0,71.73,78.17
2343,2023,300147,省直,省合肥监狱,人民警察,本科,经济学门类,1.0,23.0,68.3,69.55
2344,2023,300148,省直,省阜阳监狱,人民警察,本科,中国语言文学类、新闻传播学类、英语专业,2.0,21.0,68.6,70.5
2345,2023,300149,省直,省阜阳监狱,人民警察,本科,监狱学专业、法学专业、侦查学专业、社会学专业、社会工作专业,2.0,58.0,66.6,73.15
2346,2023,300150,省直,省阜阳监狱,人民警察,本科,土木类（不含特设专业）、建筑类、工程造价专业,1.0,23.0,68.65,71.7
2347,2023,300151,省直,省阜阳监狱,人民警察,本科,纺织类、服装与服饰设计专业、艺术设计学专业、产品设计专业,1.0,19.0,62.65,64.55
2348,2023,300152,省直,省阜阳监狱,人民警察,本科,美术学类、播音与主持艺术专业、舞蹈编导专业、舞蹈表演专业、表演专业、音乐表演专业、音乐学专业,1.0,65.0,67.2,70.75
2349,2023,300153,省直,省阜阳监狱,人民警察,本科,工商管理类（不含特设专业）、公共事业管理专业,1.0,42.0,70.9,72.5
2350,2023,300154,省直,省阜阳监狱,人民警察,本科,体育学类,1.0,28.0,64.25,67.0
2351,2023,300155,省直,省阜阳监狱,人民警察,本科,不限,1.0,37.0,68.4,70.85
2352,2023,300156,省直,省阜阳监狱,人民警察,本科,不限,4.0,26.0,63.3,71.05
2353,2023,300157,省直,省安庆监狱,人民警察,本科,监狱学专业、法学专业、侦查学专业、社会学专业、社会工作专业,2.0,21.0,64.4,68.05
2354,2023,300158,省直,省安庆监狱,人民警察,本科,中国语言文学类、新闻传播学类、英语专业,2.0,13.0,65.95,69.95
2355,2023,300159,省直,省安庆监狱,心理矫正,本科,心理学类,2.0,27.0,63.25,67.95
2356,2023,300160,省直,省安庆监狱,人民警察,本科,工商管理类（不含特设专业）、公共事业管理专业,2.0,47.0,67.85,72.35
2357,2023,300161,省直,省安庆监狱,人民警察,本科,纺织类、服装与服饰设计专业、艺术设计学专业、产品设计专业,2.0,23.0,65.9,75.15
2358,2023,300162,省直,省安庆监狱,人民警察,本科,土木类（不含特设专业）、建筑类、工程造价专业,1.0,13.0,66.65,70.15
2359,2023,300163,省直,省安庆监狱,网络安全管理,本科,计算机类、电子信息类（不含特设专业）,1.0,14.0,68.15,70.57
2360,2023,300164,省直,省安庆监狱,金融财会,本科,金融学类、会计学专业、财务管理专业、审计学专业,1.0,16.0,66.36,67.59
2361,2023,300165,省直,省安庆监狱,人民警察,本科,不限,3.0,4.0,59.65,65.5
2362,2023,300166,省直,省安庆监狱,人民警察,本科,不限,2.0,69.0,66.25,70.1
2363,2023,300167,省直,省宿州监狱,人民警察,本科,监狱学专业、法学专业、侦查学专业、社会学专业、社会工作专业,2.0,63.0,67.05,70.55
2364,2023,300168,省直,省宿州监狱,金融财会,本科,金融学类、会计学专业、财务管理专业、审计学专业,1.0,22.0,61.37,71.05
2365,2023,300169,省直,省宿州监狱,人民警察,本科,纺织类、服装与服饰设计专业、艺术设计学专业、产品设计专业,2.0,24.0,63.85,69.25
2366,2023,300170,省直,省宿州监狱,网络安全管理,本科,计算机类、电子信息类（不含特设专业）,1.0,18.0,64.16,70.95
2367,2023,300171,省直,省宿州监狱,人民警察,本科,土木类（不含特设专业）、建筑类、工程造价专业,1.0,19.0,67.1,68.3
2368,2023,300172,省直,省宿州监狱,人民警察,本科,不限,2.0,9.0,55.45,63.3
2369,2023,300173,省直,省宿州监狱,人民警察,本科,不限,1.0,34.0,65.45,69.6
2370,2023,300174,省直,省蚌埠监狱,人民警察,本科,中国语言文学类、新闻传播学类、英语专业,1.0,8.0,66.1,66.95
2371,2023,300175,省直,省蚌埠监狱,人民警察,本科,监狱学专业、法学专业、侦查学专业、社会学专业、社会工作专业,2.0,22.0,63.9,73.35
2372,2023,300176,省直,省蚌埠监狱,人民警察,本科,纺织类、服装与服饰设计专业、艺术设计学专业、产品设计专业,1.0,16.0,64.9,69.9
2373,2023,300177,省直,省蚌埠监狱,金融财会,本科,金融学类、会计学专业、财务管理专业、审计学专业,1.0,19.0,65.05,72.54
2374,2023,300178,省直,省蚌埠监狱,网络安全管理,本科,计算机类、电子信息类（不含特设专业）,1.0,18.0,67.97,72.05
2375,2023,300179,省直,省蚌埠监狱,人民警察,本科,美术学类、舞蹈编导专业、舞蹈表演专业、音乐表演专业、音乐学专业,1.0,29.0,66.45,67.75
2376,2023,300180,省直,省蚌埠监狱,人民警察,本科,环境科学与工程类、食品科学与工程类,1.0,14.0,64.75,66.65
2377,2023,300181,省直,省庐江监狱,人民警察,本科,中国语言文学类、新闻传播学类、英语专业,1.0,8.0,63.55,65.7
2378,2023,300182,省直,省庐江监狱,人民警察,本科,环境科学与工程类、食品科学与工程类,2.0,32.0,66.2,70.15
2379,2023,300183,省直,省庐江监狱,人民警察,本科,机械类,2.0,42.0,68.65,72.55
2380,2023,300184,省直,省庐江监狱,人民警察,本科,工商管理类（不含特设专业）、公共事业管理专业,2.0,60.0,69.75,72.3
2381,2023,300185,省直,省庐江监狱,人民警察,本科,舞蹈编导专业、舞蹈表演专业、音乐表演专业、音乐学专业,1.0,50.0,66.2,68.5
2382,2023,300186,省直,省庐江监狱,金融财会,本科,金融学类、会计学专业、财务管理专业、审计学专业,1.0,13.0,64.91,73.45
2383,2023,300187,省直,省庐江监狱,人民警察,本科,纺织类、服装与服饰设计专业、视觉传达设计专业,1.0,35.0,64.25,67.9
2384,2023,300188,省直,省庐江监狱,网络安全管理,本科,计算机类、电子信息类（不含特设专业）,1.0,15.0,67.56,70.76
2385,2023,300189,省直,省蜀山监狱,人民警察,研究生,法学（一级学科）、中国语言文学（一级学科）、新闻传播学（一级学科）,1.0,6.0,65.2,70.65
2386,2023,300190,省直,省蜀山监狱,人民警察,本科,机械类,1.0,32.0,70.15,75.95
2387,2023,300191,省直,省蜀山监狱,金融财会,本科,金融学类、会计学专业、财务管理专业、审计学专业,1.0,41.0,71.93,74.8
2388,2023,300192,省直,省蜀山监狱,人民警察,本科,美术学类、播音与主持艺术专业、舞蹈编导专业、舞蹈表演专业、表演专业,1.0,98.0,69.55,72.35
2389,2023,300193,省直,省马鞍山监狱,人民警察,研究生,法学（一级学科）、教育学（一级学科）、心理学（一级学科）、社会学（二级学科）、法律硕士（专业硕士）,1.0,6.0,63.8,67.6
2390,2023,300194,省直,省马鞍山监狱,人民警察,本科,土木类（不含特设专业）、建筑类、工程造价专业,1.0,19.0,66.9,69.7
2391,2023,300195,省直,省马鞍山监狱,人民警察,本科,环境科学与工程类、食品科学与工程类,1.0,13.0,66.85,70.15
2392,2023,300196,省直,省马鞍山监狱,网络安全管理,本科,计算机类、电子信息类（不含特设专业）,1.0,15.0,70.41,70.89
2393,2023,300197,省直,省铜陵监狱,人民警察,本科,中国语言文学类、新闻传播学类、英语专业,1.0,7.0,63.95,72.35
2394,2023,300198,省直,省铜陵监狱,人民警察,本科,土木类（不含特设专业）、建筑类、工程造价专业,1.0,13.0,67.8,68.85
2395,2023,300199,省直,省铜陵监狱,人民警察,本科,播音与主持艺术专业、舞蹈编导专业、舞蹈表演专业、表演专业、音乐表演专业、音乐学专业,1.0,52.0,67.55,71.35
2396,2023,300200,省直,省女子监狱,人民警察,研究生,中国语言文学（一级学科）、新闻传播学（一级学科）,1.0,8.0,68.35,69.1
2397,2023,300201,省直,省女子监狱,人民警察,本科,纺织类、服装与服饰设计专业、电气工程及其自动化专业,1.0,64.0,66.85,68.65
2398,2023,300202,省直,省女子监狱,警察医学,本科,临床医学类(不含特设专业）、精神医学专业、中西医临床医学专业,1.0,59.0,66.25,71.3
2399,2023,300203,省直,省女子监狱,金融财会,本科,会计学专业、财务管理专业、审计学专业,1.0,28.0,65.92,74.65
2400,2023,300204,省直,省潜川监狱,人民警察,本科,中国语言文学类、新闻传播学类,1.0,8.0,67.45,67.5
2401,2023,300205,省直,省潜川监狱,人民警察,本科,监狱学专业、法学专业、侦查学专业、社会学专业、社会工作专业,2.0,19.0,64.8,68.1
2402,2023,300206,省直,省潜川监狱,人民警察,本科,土木类（不含特设专业）、建筑类、工程造价专业,2.0,29.0,68.1,69.45
2403,2023,300207,省直,省潜川监狱,人民警察,本科,电气类（不含特设专业）,2.0,34.0,66.1,71.05
2404,2023,300208,省直,省潜川监狱,人民警察,本科,植物生产类（不含特设专业）、林业工程类,1.0,5.0,63.3,70.0
2405,2023,300209,省直,省潜川监狱,金融财会,本科,金融学类、会计学专业、财务管理专业、审计学专业,1.0,16.0,65.4,70.37
2406,2023,300210,省直,省青山监狱,人民警察,本科,中国语言文学类、新闻传播学类、英语专业,1.0,10.0,64.25,68.5
2407,2023,300211,省直,省青山监狱,网络安全管理,本科,计算机类、电子信息类（不含特设专业）,1.0,19.0,65.39,66.72
2408,2023,300212,省直,省青山监狱,人民警察,本科,播音与主持艺术专业、音乐表演专业、戏剧影视导演专业、戏剧影视文学专业、广播电视编导专业,1.0,53.0,67.9,69.2
2409,2023,300213,省直,省未成年犯管教所（省庐州女子监狱）,人民警察,研究生,中国语言文学（一级学科）、新闻传播学（一级学科）,1.0,9.0,69.05,71.1
2410,2023,300214,省直,省未成年犯管教所（省庐州女子监狱）,人民警察,本科,管理学门类,2.0,71.0,69.45,72.8
2411,2023,300215,省直,省未成年犯管教所（省庐州女子监狱）,人民警察,本科,美术学类、舞蹈编导专业、舞蹈表演专业、音乐表演专业、音乐学专业,1.0,78.0,66.8,68.5
2412,2023,300216,省直,省未成年犯管教所（省庐州女子监狱）,人民警察,本科,纺织类、服装与服饰设计专业、艺术设计学专业、产品设计专业、电气工程及其自动化专业,1.0,75.0,69.4,73.3
2413,2023,300217,省直,省未成年犯管教所（省庐州女子监狱）,人民警察,本科,统计学类、数学类,1.0,42.0,69.55,73.25
2414,2023,300218,省直,省未成年犯管教所（省庐州女子监狱）,网络安全管理,本科,计算机类、电子信息类（不含特设专业）,1.0,46.0,71.3,76.0
2415,2023,300219,省直,省未成年犯管教所（省庐州女子监狱）,心理矫正,本科,心理学类,1.0,82.0,71.5,73.8
2416,2023,300220,省直,省未成年犯管教所（省庐州女子监狱）,人民警察,本科,不限,1.0,78.0,68.0,69.9
2417,2023,300221,省直,省淝河监狱,人民警察,本科,监狱学专业、法学专业、侦查学专业、社会学专业、社会工作专业,1.0,11.0,65.75,67.85
2418,2023,300222,省直,省淝河监狱,网络安全管理,本科,计算机类、电子信息类（不含特设专业）,1.0,16.0,68.46,74.91
2419,2023,300223,省直,省淝河监狱,警察医学,本科,护理学类(不含特设专业),1.0,66.0,69.7,71.55
2420,2023,300224,省直,省淝河监狱,警察医学,本科,医学检验技术专业、卫生检验与检疫专业、医学实验技术专业,1.0,27.0,65.85,69.15
2421,2023,300225,省直,省淝河监狱,警察医学,本科,临床医学类(不含特设专业）、精神医学专业、中西医临床医学专业,2.0,35.0,62.6,66.95
2422,2023,300226,省直,省直监狱单位,警察医学,本科,临床医学类(不含特设专业）、精神医学专业、中西医临床医学专业,2.0,13.0,61.2,65.5
2423,2023,300227,省直,省直监狱单位,警察医学,本科,临床医学类(不含特设专业）、精神医学专业、中西医临床医学专业,3.0,14.0,53.85,66.4
2424,2023,300228,省直,省直监狱单位,警察医学,本科,临床医学类(不含特设专业）、精神医学专业、中西医临床医学专业,7.0,36.0,59.6,70.6
2425,2023,300229,省直,省直监狱单位,人民警察,本科,不限,6.0,16.0,52.5,65.35
2426,2023,300230,省直,省直监狱单位,人民警察,本科,不限,5.0,10.0,57.15,66.9
2427,2023,300231,省直,省南湖强制隔离戒毒所,人民警察,本科,不限,3.0,14.0,56.2,70.9
2428,2023,300232,省直,省南湖强制隔离戒毒所,人民警察,本科,不限,1.0,4.0,52.0,70.45
2429,2023,300233,省直,省南湖强制隔离戒毒所,人民警察,本科,不限,1.0,43.0,69.7,76.1
2430,2023,300234,省直,省南湖强制隔离戒毒所,人民警察,研究生,法学（一级学科）、法律硕士（专业硕士）,1.0,3.0,59.45,60.9
2431,2023,300235,省直,省南湖强制隔离戒毒所,人民警察,研究生,中国语言文学（一级学科）、新闻传播学（一级学科）,2.0,2.0,61.25,68.15
2432,2023,300236,省直,省南湖强制隔离戒毒所,人民警察,本科,植物生产类,2.0,9.0,61.0,67.25
2433,2023,300237,省直,省南湖强制隔离戒毒所,人民警察,研究生,应用经济学（一级学科）、工商管理（一级学科）、农林经济管理（一级学科）,2.0,15.0,64.6,72.7
2434,2023,300238,省直,省南湖强制隔离戒毒所,警察医学,本科,临床医学类（不含特设专业）,2.0,22.0,60.1,69.05
2435,2023,300239,省直,省南湖强制隔离戒毒所,警察医学,本科,护理学类(不含特设专业),1.0,27.0,63.9,66.7
2436,2023,300240,省直,省南湖强制隔离戒毒所,金融财会,本科,会计学专业、审计学专业、财务管理专业,2.0,20.0,64.09,66.76
2437,2023,300241,省直,省南湖强制隔离戒毒所,网络安全管理,本科,计算机类（不含特设专业）,1.0,15.0,69.88,73.84
2438,2023,300242,省直,省南湖强制隔离戒毒所,人民警察,本科,水产类,2.0,10.0,56.4,69.3
2439,2023,300243,省直,省南湖强制隔离戒毒所,人民警察,本科,体育学类、音乐表演专业、舞蹈编导专业、舞蹈表演专业、表演专业,2.0,68.0,67.65,69.3
2440,2023,300244,省直,省女子强制隔离戒毒所,网络安全管理,研究生,计算机科学与技术（一级学科）,1.0,9.0,70.04,74.81
2441,2023,300245,省直,省女子强制隔离戒毒所,人民警察,本科,不限,1.0,76.0,69.55,71.35
2442,2023,300246,省直,省蚌埠强制隔离戒毒所,网络安全管理,本科,计算机类（不含特设专业）,1.0,15.0,66.5,67.39
2443,2023,300247,省直,省滨湖强制隔离戒毒所,人民警察,本科,食品质量与安全专业、食品安全与检测专业、化学生物学专业、化学工程与工业生物工程专业,1.0,18.0,67.15,77.9
2444,2023,300248,省直,省滨湖强制隔离戒毒所,警察医学,本科,医学检验技术专业、卫生检验与检疫专业、医学实验技术专业,1.0,24.0,64.9,67.8
2445,2023,300249,省直,省未成年人强制隔离戒毒所,人民警察,本科,视觉传达设计专业、艺术设计学专业、包装设计专业、工艺美术专业,1.0,47.0,66.95,70.65
2446,2023,300250,省直,省未成年人强制隔离戒毒所,金融财会,本科,会计学专业、审计学专业、财务管理专业,1.0,16.0,65.21,70.51
2447,2023,120001,芜湖,中共无为市纪委监委驻市住建局纪检监察组,审查调查,本科,法学门类,1.0,18.0,66.15,69.34
2448,2023,120002,芜湖,中共无为市委宣传部,新闻宣传,本科,中国语言文学类、新闻传播学类,1.0,31.0,69.9,70.65
2449,2023,120003,芜湖,中共无为市委统战部,办公文秘,本科,不限,1.0,81.0,72.85,75.75
2450,2023,120004,芜湖,无为市妇女联合会,权益维护,本科,不限,1.0,75.0,70.6,76.8
2451,2023,120005,芜湖,无为市密码管理局,信息管理,本科,计算机类,1.0,19.0,64.6,71.18
2452,2023,120006,芜湖,无为市人民政府办公室,办公文秘,本科,不限,1.0,66.0,71.05,72.75
2453,2023,120007,芜湖,无为市发展和改革委员会,政务服务,本科,不限,1.0,5.0,,
2454,2023,120008,芜湖,无为市发展和改革委员会,经济规划,本科,经济学类,2.0,46.0,73.8,77.55
2455,2023,120009,芜湖,无为市自然资源和规划局,自然资源管理,本科,地理科学专业、测绘工程专业、地质工程专业、勘查技术与工程专业、交通工程专业、城乡规划专业、土地资源管理专业,1.0,63.0,71.6,74.2
2456,2023,120010,芜湖,无为市人力资源和社会保障局,办公文秘,本科,不限,1.0,83.0,71.75,74.1
2457,2023,120011,芜湖,无为市卫生健康委员会,卫生管理,本科,临床医学类、公共卫生与预防医学类,1.0,23.0,63.55,69.75
2458,2023,120012,芜湖,无为市民政局,民政救助,本科,不限,1.0,3.0,55.7,57.55
2459,2023,120013,芜湖,无为市住房和城乡建设局,规划建设管理,本科,土木类,1.0,26.0,71.05,73.9
2460,2023,120014,芜湖,无为市林业局,办公文秘,本科,不限,1.0,1.0,66.0,74.2
2461,2023,120015,芜湖,无为市农业农村局,农业管理,本科,植物生产类、水产类、农业经济管理类,1.0,50.0,69.35,70.0
2462,2023,120016,芜湖,无为市农业农村局,农业规划,本科,农业工程类,1.0,9.0,68.25,68.55
2463,2023,120017,芜湖,无为市财政局,工程造价,本科,工程管理专业、工程造价专业、工程审计专业,1.0,56.0,74.45,77.4
2464,2023,120018,芜湖,无为市财政局,财务管理,本科,不限,1.0,0.0,,
2465,2023,120019,芜湖,无为市市场监督管理局姚沟市场监督管理所,市场监管,本科,工商管理类,1.0,29.0,68.15,70.15
2466,2023,120020,芜湖,无为市市场监督管理局严桥市场监督管理所,市场监管,本科,计算机类,1.0,10.0,63.94,72.31
2467,2023,120021,芜湖,无为市市场监督管理局泥汊市场监督管理所,市场监管,本科,法学类（不含特设专业）,1.0,5.0,59.0,67.31
2468,2023,120022,芜湖,无为市市场监督管理局高沟市场监督管理所,市场监管,本科,化学类、药学类、中药学类、医学检验技术专业,1.0,33.0,68.9,70.7
2469,2023,120023,芜湖,无为市市场监督管理局襄安市场监督管理所,市场监管,本科,食品科学与工程类,1.0,20.0,69.4,71.45
2470,2023,120024,芜湖,无为市市场监督管理局基层市场监督管理所,市场监管,本科,机械类、仪器类、电气类、安全科学与工程类,2.0,79.0,68.05,72.85
2471,2023,120025,芜湖,无为市市场监督管理局基层市场监督管理所,市场监管,专科,不限,2.0,5.0,57.9,63.75
2472,2023,120026,芜湖,无为市经济和信息化局,企业服务,本科,经济学类、电子信息类、计算机类,1.0,72.0,71.2,71.8
2473,2023,120027,芜湖,无为市经济和信息化局,企业服务,本科,不限,1.0,1.0,66.7,68.55
2474,2023,120028,芜湖,无为市应急管理局,应急管理,本科,机械电子工程专业、冶金工程专业、电气工程及其自动化专业、安全工程专业、消防工程专业,1.0,37.0,68.55,71.65
2475,2023,120029,芜湖,无为市水务局,水利水政管理,本科,水利类,1.0,23.0,71.1,71.7
2476,2023,120030,芜湖,无为市司法局,法制审查,本科,法学类,1.0,3.0,61.3,63.7
2477,2023,120031,芜湖,无为市司法局陡沟司法所,网络维护,本科,计算机类,1.0,18.0,71.27,72.83
2478,2023,120032,芜湖,无为市司法局基层司法所,司法行政,本科,法学类,3.0,21.0,65.85,72.49
2479,2023,120033,芜湖,无为市投资促进中心,招商引资,本科,经济学类,1.0,11.0,68.75,73.25
2480,2023,120034,芜湖,无为市投资促进中心,办公文秘,本科,不限,1.0,60.0,69.3,71.65
2481,2023,120035,芜湖,无为市无城镇,经济规划,本科,经济学门类,1.0,36.0,69.15,75.35
2482,2023,120036,芜湖,无为市无城镇,规划建设管理,本科,土木类,1.0,19.0,67.95,73.45
2483,2023,120037,芜湖,无为市无城镇,办公文秘,本科,中国语言文学类、新闻传播学类,1.0,18.0,72.1,73.6
2484,2023,120038,芜湖,无为市福渡镇,办公文秘,本科,法学类、马克思主义理论类、中国语言文学类,1.0,20.0,66.85,67.3
2485,2023,120039,芜湖,无为市高沟镇,办公文秘,本科,中国语言文学类,1.0,10.0,72.0,78.5
2486,2023,120040,芜湖,无为市严桥镇,规划建设管理,本科,土木类,1.0,21.0,68.5,69.75
2487,2023,120041,芜湖,无为市牛埠镇,办公文秘,本科,马克思主义理论类、中国语言文学类、新闻传播学类,1.0,14.0,66.8,75.3
2488,2023,120042,芜湖,无为市牛埠镇,乡村振兴,本科,金融学类、电子信息类、电子商务类,1.0,46.0,68.6,72.7
2489,2023,120043,芜湖,无为市蜀山镇,规划建设管理,专科,城乡规划与管理类、土建施工类,1.0,17.0,64.55,66.0
2490,2023,120044,芜湖,无为市姚沟镇,规划建设管理,专科,土建施工类、水利工程与管理类,1.0,21.0,65.4,66.25
2491,2023,120045,芜湖,无为市红庙镇,办公文秘,本科,中国语言文学类,1.0,10.0,69.6,75.1
2492,2023,120046,芜湖,无为市昆山镇,办公文秘,本科,法学类、中国语言文学类、工商管理类,1.0,62.0,69.95,72.5
2493,2023,120047,芜湖,无为市高沟镇,招商引资,专科,金融类、工商管理类,1.0,31.0,68.9,71.9
2494,2023,120048,芜湖,无为市高沟镇,规划建设管理,本科,土木类、建筑类、管理科学与工程类,1.0,22.0,69.55,70.85
2495,2023,120049,芜湖,无为市襄安镇,办公文秘,本科,不限,1.0,44.0,70.65,74.45
2496,2023,120050,芜湖,无为市泉塘镇,乡村振兴,本科,不限,1.0,0.0,51.1,61.3
2497,2023,120051,芜湖,无为市乡镇机关,乡村振兴,专科,不限,4.0,218.0,70.9,76.4
2498,2023,120052,芜湖,无为市乡镇机关,办公文秘,专科,不限,4.0,204.0,71.1,76.6
2499,2023,120053,芜湖,无为市乡镇机关,办公文秘,专科,不限,3.0,128.0,70.45,74.05
2500,2023,120054,芜湖,无为市乡镇机关,乡村振兴,本科,不限,2.0,96.0,70.85,73.2
2501,2023,120055,芜湖,无为市乡镇机关,办公文秘,专科,不限,3.0,6.0,48.75,66.05
2502,2023,120056,芜湖,无为市乡镇机关,办公文秘,本科,不限,3.0,3.0,50.6,69.15
2503,2023,120057,芜湖,中共南陵县纪委监委派驻县卫健委纪检监察组,审查调查,本科,法学类、会计学专业、审计学专业,1.0,35.0,70.6,71.2
2504,2023,120058,芜湖,中共南陵县委宣传部,舆情监管,本科,计算机类,1.0,29.0,65.99,72.81
2505,2023,120059,芜湖,中共南陵县直属机关工作委员会,效能建设,本科,不限,1.0,4.0,62.1,65.0
2506,2023,120060,芜湖,南陵县发展和改革委员会,经济规划,本科,经济学类、金融学类,2.0,80.0,72.7,75.25
2507,2023,120061,芜湖,南陵县经济和信息化局,企业服务,本科,经济学类、机械类、电子信息类、工业工程类,1.0,55.0,72.0,73.2
2508,2023,120062,芜湖,南陵县民政局,民政救助,本科,不限,1.0,80.0,72.25,74.7
2509,2023,120063,芜湖,南陵县司法局,社区矫正,本科,法学类,1.0,6.0,55.14,59.55
2510,2023,120064,芜湖,南陵县人力资源和社会保障局,数据监管,本科,计算机类,1.0,29.0,69.7,73.43
2511,2023,120065,芜湖,南陵县农业农村局,调查统计,本科,经济学类、农业工程类、农业经济管理类,1.0,14.0,70.95,75.4
2512,2023,120066,芜湖,南陵县水务局,水利水政管理,本科,土木类、水利类,2.0,49.0,70.2,75.95
2513,2023,120067,芜湖,南陵县商务局,产业规划,本科,经济学类、金融学类、物流管理与工程类,1.0,49.0,71.2,75.5
2514,2023,120068,芜湖,南陵县审计局,财务审计,本科,会计学专业、财务管理专业、审计学专业,1.0,34.0,66.66,69.65
2515,2023,120069,芜湖,南陵县自然资源和规划局,自然资源管理,本科,林业工程类、环境科学与工程类、建筑类、自然保护与环境生态类、林学类,1.0,55.0,70.95,75.0
2516,2023,120070,芜湖,南陵县市场监督管理局经开区市场监督管理所,市场监管,本科,机械类、材料类,1.0,53.0,68.85,69.6
2517,2023,120071,芜湖,南陵县市场监督管理局许镇市场监督管理所,市场监管,本科,食品科学与工程类、药学类、中药学类,1.0,35.0,70.4,71.4
2518,2023,120072,芜湖,南陵县籍山镇,招商引资,本科,经济学类,1.0,10.0,65.45,68.9
2519,2023,120073,芜湖,南陵县弋江镇,社会救助,本科,法学类、社会学类,1.0,11.0,66.45,69.9
2520,2023,120074,芜湖,南陵县三里镇,乡村振兴,本科,农业工程类,1.0,2.0,62.65,68.45
2521,2023,120075,芜湖,南陵县乡镇机关,乡村振兴,专科,不限,5.0,337.0,70.5,75.0
2522,2023,120076,芜湖,南陵县乡镇机关,乡村振兴,本科,不限,3.0,113.0,70.6,74.95
2523,2023,120077,芜湖,南陵县乡镇机关,乡村振兴,专科,不限,4.0,16.0,58.0,66.85
2524,2023,120078,芜湖,南陵县乡镇机关,乡村振兴,专科,不限,3.0,2.0,58.55,70.35
2525,2023,120079,芜湖,南陵县乡镇机关,人武专干,专科,人民武装专业（退役军人报考可不限专业）,2.0,56.0,62.65,65.87
2526,2023,120080,芜湖,镜湖区司法局,社区矫正,本科,法学类,2.0,22.0,66.49,70.27
2527,2023,120081,芜湖,镜湖区司法局,法制审查,本科,法学类,1.0,6.0,69.5,71.4
2528,2023,120082,芜湖,镜湖区天门山街道,规划建设管理,本科,土木类、建筑类,1.0,68.0,75.15,75.4
2529,2023,120083,芜湖,镜湖区范罗山街道,城市管理,本科,公共管理类,1.0,50.0,72.6,76.15
2530,2023,120084,芜湖,镜湖区大砻坊街道,企业服务,本科,经济学类、法学类,1.0,42.0,71.6,74.35
2531,2023,120085,芜湖,鸠江区司法局裕溪口司法所,司法行政,本科,不限,1.0,3.0,54.33,63.42
2532,2023,120086,芜湖,鸠江区司法局沈巷司法所,司法行政,本科,法学类,1.0,14.0,66.39,68.28
2533,2023,120087,芜湖,鸠江区司法局二坝司法所,社区矫正,本科,法学类,1.0,11.0,65.26,69.82
2534,2023,120088,芜湖,鸠江区司法局官陡司法所,法制审查,本科,法学类,1.0,8.0,67.3,71.75
2535,2023,120089,芜湖,鸠江区沈巷镇,乡村振兴,专科,不限,2.0,226.0,70.9,74.2
2536,2023,120090,芜湖,鸠江区沈巷镇,规划建设管理,本科,建筑类,2.0,34.0,66.95,69.5
2537,2023,120091,芜湖,鸠江区沈巷镇,经济规划,本科,经济学类,2.0,33.0,68.8,70.25
2538,2023,120092,芜湖,鸠江区沈巷镇,办公文秘,本科,中国语言文学类,2.0,46.0,70.45,78.55
2539,2023,120093,芜湖,鸠江区白茆镇,财务管理,本科,工商管理类,1.0,36.0,67.32,68.72
2540,2023,120094,芜湖,鸠江区二坝镇,乡村振兴,本科,不限,1.0,82.0,71.35,73.45
2541,2023,120095,芜湖,鸠江区汤沟镇,法律服务,本科,法学类,1.0,5.0,66.62,69.76
2542,2023,120096,芜湖,鸠江区沈巷镇,人武专干,专科,不限,1.0,21.0,57.04,63.9
2543,2023,120097,芜湖,鸠江区乡镇机关,乡村振兴,本科,不限,2.0,248.0,72.85,75.1
2544,2023,120098,芜湖,鸠江区乡镇机关,乡村振兴,专科,不限,3.0,15.0,65.8,70.6
2545,2023,120099,芜湖,弋江区人民政府办公室,办公文秘,本科,不限,1.0,5.0,68.75,71.8
2546,2023,120100,芜湖,弋江区发展和改革委员会,经济规划,本科,经济学门类,1.0,130.0,75.8,79.1
2547,2023,120101,芜湖,弋江区农业农村水务局,农业管理,本科,农学专业、植物保护专业、水产养殖学专业、农林经济管理专业,1.0,44.0,71.4,73.7
2548,2023,120102,芜湖,弋江区卫生健康委员会,数据资源管理,本科,计算机科学与技术专业、网络工程专业、信息安全专业、电子与计算机工程专业、信息管理与信息系统专业,1.0,72.0,71.21,74.49
2549,2023,120103,芜湖,弋江区司法局火龙司法所,司法行政,本科,法学类,1.0,17.0,66.15,66.78
2550,2023,120104,芜湖,弋江区司法局基层司法所,司法行政,本科,法学类,2.0,34.0,64.03,67.88
2551,2023,120105,芜湖,中共湾沚区纪委监委机关,审查调查,本科,法学类（不含特设专业）,1.0,9.0,65.3,66.81
2552,2023,120106,芜湖,中共湾沚区委巡察办,巡察督察,本科,法学类（不含特设专业）,1.0,8.0,66.43,69.08
2553,2023,120107,芜湖,中共湾沚区委办公室,办公文秘,本科,中国语言文学类、新闻传播学类,1.0,34.0,73.05,74.7
2554,2023,120108,芜湖,中共湾沚区委宣传部,新闻宣传,本科,中国语言文学类、新闻学专业,1.0,36.0,73.4,75.3
2555,2023,120109,芜湖,中共湾沚区委机构编制委员会办公室,机构编制管理,本科,法学类、新闻传播学类、公共管理类,1.0,82.0,73.85,76.75
2556,2023,120110,芜湖,中共湾沚区直属机关工作委员会,办公文秘,本科,不限,1.0,111.0,73.05,75.1
2557,2023,120111,芜湖,中共湾沚区委党校,教学管理,研究生,法学（一级学科）、教育学（一级学科）、中国语言文学（一级学科）、公共管理（一级学科）,1.0,75.0,72.25,74.9
2558,2023,120112,芜湖,湾沚区人民政府办公室,办公文秘,本科,中国语言文学类,1.0,23.0,71.1,73.5
2559,2023,120113,芜湖,湾沚区教育局,基建管理,本科,土木类,1.0,47.0,71.7,74.65
2560,2023,120114,芜湖,湾沚区经济和信息化局,企业服务,本科,电子信息类、自动化类,1.0,125.0,72.7,77.4
2561,2023,120115,芜湖,湾沚区财政局,财务管理,本科,财政学类、会计学专业、财务管理专业,1.0,54.0,70.74,72.79
2562,2023,120116,芜湖,湾沚区人力资源和社会保障局,劳动关系维护,本科,法学类、汉语言文学专业、新闻学专业,1.0,46.0,72.75,74.2
2563,2023,120117,芜湖,湾沚区住房和城乡建设局,规划建设管理,本科,土木类、城乡规划专业,1.0,40.0,70.85,72.05
2564,2023,120118,芜湖,湾沚区交通运输局,财务管理,本科,工商管理类,1.0,47.0,69.64,72.95
2565,2023,120119,芜湖,湾沚区农业农村局,乡村振兴,本科,农学门类,1.0,43.0,72.5,73.25
2566,2023,120120,芜湖,湾沚区商务局,贸易管理,本科,经济与贸易类、电子商务类,1.0,102.0,72.6,77.7
2567,2023,120121,芜湖,湾沚区文化旅游体育局,文旅管理,本科,不限,1.0,129.0,74.0,79.5
2568,2023,120122,芜湖,湾沚区卫生健康委员会,卫生管理,本科,公共卫生与预防医学类,1.0,27.0,68.35,68.85
2569,2023,120123,芜湖,湾沚区审计局,财务审计,本科,财政学专业、会计学专业、审计学专业,1.0,53.0,68.18,71.39
2570,2023,120124,芜湖,湾沚区审计局,财务审计,本科,金融学类、经济学专业,1.0,64.0,76.55,77.6
2571,2023,120125,芜湖,湾沚区市场监督管理局,市场监管,本科,法学类（不含特设专业）,1.0,4.0,64.99,69.11
2572,2023,120126,芜湖,湾沚区市场监督管理局,市场监管,本科,药学类,1.0,47.0,67.5,71.7
2573,2023,120127,芜湖,湾沚区司法局,法制审查,本科,法学类,2.0,4.0,71.6,73.55
2574,2023,120128,芜湖,湾沚区司法局,司法行政,本科,法学类,1.0,15.0,63.63,68.3
2575,2023,120129,芜湖,湾沚区湾沚镇,乡村振兴,本科,农学门类、经济学类,2.0,48.0,67.15,72.5
2576,2023,120130,芜湖,湾沚区六郎镇,乡村振兴,本科,不限,1.0,63.0,71.1,74.4
2577,2023,120131,芜湖,湾沚区六郎镇,乡村振兴,本科,不限,1.0,3.0,64.9,66.65
2578,2023,120132,芜湖,湾沚区乡镇机关,乡村振兴,本科,农学门类、经济学类,5.0,107.0,68.65,73.5
2579,2023,120133,芜湖,湾沚区乡镇机关,乡村振兴,专科,不限,5.0,503.0,72.8,75.8
2580,2023,120134,芜湖,湾沚区乡镇机关,乡村振兴,专科,不限,3.0,10.0,62.75,68.7
2581,2023,120135,芜湖,湾沚区乡镇机关,乡村振兴,专科,不限,3.0,11.0,62.95,72.7
2582,2023,120136,芜湖,中共繁昌区纪委监委机关,审查调查,本科,法学类、公安学类,1.0,13.0,70.4,71.6
2583,2023,120137,芜湖,繁昌区市场监督管理局孙村市场监督管理所,市场监管,本科,不限,1.0,4.0,58.6,65.4
2584,2023,120138,芜湖,繁昌区市场监督管理局经开区市场监督管理所,市场监管,本科,电子信息类、计算机类,1.0,39.0,68.05,75.29
2585,2023,120139,芜湖,繁昌区司法局,法制审查,本科,法学类,1.0,3.0,66.8,68.35
2586,2023,120140,芜湖,繁昌区文化旅游体育局,文旅管理,本科,体育学类、旅游管理类、文化产业管理专业,1.0,58.0,71.3,75.15
2587,2023,120141,芜湖,繁昌区农业农村局,乡村振兴,本科,建筑类、农业经济管理类、人文地理与城乡规划专业、农业工程专业、农学专业、设施农业科学与工程专业,1.0,34.0,70.8,75.95
2588,2023,120142,芜湖,繁昌区水务局,水利水政管理,本科,土木、水利与交通工程专业、水利水电工程专业、水文与水资源工程专业,1.0,25.0,68.85,72.45
2589,2023,120143,芜湖,繁昌区住房和城乡建设局,项目管理,本科,建筑类、土木工程专业,1.0,31.0,71.15,75.9
2590,2023,120144,芜湖,繁昌区政府信访局,信访服务,本科,法学门类,1.0,5.0,59.41,67.32
2591,2023,120145,芜湖,繁昌区交通运输局,交通规划管理,本科,土木类、交通运输类,1.0,46.0,70.0,76.15
2592,2023,120146,芜湖,繁昌区人力资源和社会保障局,就业服务,本科,法学类、经济学类、新闻传播学类、工商管理类、公共管理类,1.0,83.0,73.8,76.9
2593,2023,120147,芜湖,繁昌区发展和改革委员会,经济规划,本科,经济学门类、机械类、材料类、能源动力类、环境科学与工程类,1.0,102.0,74.6,75.7
2594,2023,120148,芜湖,繁昌区财政局新港财政分局,财务管理,本科,财政学专业、金融学专业、会计学专业、财务管理专业,1.0,38.0,69.13,71.13
2595,2023,120149,芜湖,繁昌区繁阳镇,卫生管理,本科,医学门类、计算机类,1.0,58.0,70.0,71.1
2596,2023,120150,芜湖,繁昌区荻港镇,规划建设管理,本科,建筑类,1.0,12.0,68.9,70.7
2597,2023,120151,芜湖,繁昌区孙村镇,乡村振兴,本科,计算机类,1.0,14.0,67.47,69.38
2598,2023,120152,芜湖,繁昌区平铺镇,乡村振兴,专科,不限,1.0,112.0,71.5,75.1
2599,2023,120153,芜湖,繁昌区荻港镇,企业服务,本科,经济学类,1.0,13.0,65.45,66.5
2600,2023,120154,芜湖,繁昌区孙村镇,乡村振兴,本科,不限,1.0,2.0,61.35,72.15
2601,2023,120155,芜湖,繁昌区平铺镇,乡村振兴,本科,不限,1.0,3.0,64.2,65.95
2602,2023,120156,芜湖,繁昌区新港镇,人武专干,专科,人民武装专业（退役军人报考可不限专业）,1.0,35.0,64.47,64.91
2603,2023,120157,芜湖,南陵县公安局,人民警察,本科,中国语言文学类、历史学类,2.0,9.0,54.17,60.99
2604,2023,120158,芜湖,南陵县公安局,人民警察,本科,会计学专业、财务管理专业、审计学专业,2.0,13.0,63.81,69.81
2605,2023,120159,芜湖,南陵县公安局,人民警察,本科,机械类、电气类、电子信息类、计算机类、土木类,2.0,27.0,66.22,69.37
2606,2023,120160,芜湖,南陵县公安局,人民警察,本科,体育学类,1.0,22.0,65.14,67.14
2607,2023,120161,芜湖,南陵县公安局,人民警察,本科,环境科学与工程类、食品科学与工程类,1.0,11.0,64.5,69.67
2608,2023,120162,芜湖,芜湖市公安局繁昌分局,人民警察,本科,法学类,2.0,8.0,64.48,69.27
2609,2023,120163,芜湖,芜湖市公安局繁昌分局,人民警察,本科,中国语言文学类,2.0,5.0,61.82,65.99
2610,2023,120164,芜湖,芜湖市公安局繁昌分局,人民警察,本科,计算机类,1.0,13.0,66.54,67.83
2611,2023,120165,芜湖,芜湖市公安局湾沚分局,人民警察,本科,新闻传播学类,1.0,4.0,62.65,66.08
2612,2023,120166,芜湖,芜湖市公安局湾沚分局,人民警察,本科,不限,1.0,22.0,64.31,67.18
2613,2023,120167,芜湖,芜湖市公安局湾沚分局,人民警察,本科,不限,1.0,90.0,63.71,66.14
2614,2023,120168,芜湖,无为市公安局,人民警察,专科,专科：刑事侦查专业、治安管理专业、交通管理专业、刑事科学技术专业、信息网络安全监察专业、警察指挥与战术专业、特警专业；本科：侦查学专业、治安学专业、交通管理工程专业、刑事科学技术专业、网络安全与执法专业、警务指挥与战术专业；研究生：公安学（一级学科）、公安技术（一级学科）；,3.0,16.0,60.05,66.88
2615,2023,120169,芜湖,无为市公安局,网络安全管理★,本科,计算机科学与技术专业、软件工程专业、网络工程专业、信息安全专业,1.0,12.0,67.92,78.84
2616,2023,120170,芜湖,无为市公安局,法医★,本科,法医学类、临床医学专业、医学影像学专业、眼视光医学专业、精神医学专业、儿科学专业,1.0,9.0,65.9,70.35
2617,2023,120171,芜湖,无为市公安局,人民警察,本科,会计学专业、财务管理专业、审计学专业,1.0,7.0,66.24,67.61
2618,2023,120172,芜湖,无为市公安局,人民警察,本科,不限,5.0,98.0,66.67,71.11
2619,2023,120173,芜湖,芜湖市人民检察院,检察官助理,研究生,诉讼法学（二级学科）、宪法学与行政法学（二级学科）、经济法学（二级学科）,1.0,12.0,71.0,72.55
2620,2023,120174,芜湖,芜湖市人民检察院,检察官助理,研究生,民商法学（二级学科）、国际法学（二级学科）、环境与资源保护法学（二级学科）,1.0,10.0,71.3,71.65
2621,2023,120175,芜湖,芜湖市人民检察院,检察官助理,本科,法学类（不含特设专业）,3.0,56.0,72.55,76.8
2622,2023,120176,芜湖,芜湖市人民检察院,司法行政人员,本科,新闻传播学类,1.0,73.0,74.6,76.15
2623,2023,120177,芜湖,芜湖三山经济开发区人民检察院(市级派出院),检察官助理,本科,法学类（不含特设专业）,1.0,8.0,64.35,70.45
2624,2023,120178,芜湖,无为市人民检察院,检察官助理,本科,法学类,3.0,13.0,66.0,71.3
2625,2023,120179,芜湖,无为市人民检察院,检察官助理,本科,法学类,1.0,3.0,59.8,67.2
2626,2023,120180,芜湖,无为市人民检察院,检察官助理,本科,法学类,1.0,3.0,68.25,68.25
2627,2023,120181,芜湖,无为市人民检察院,司法行政人员,本科,新闻传播学类,1.0,32.0,73.95,78.5
2628,2023,120182,芜湖,南陵县人民检察院,检察官助理,本科,法学类（不含特设专业）,2.0,7.0,66.75,70.8
2629,2023,120183,芜湖,南陵县人民检察院,检察官助理,本科,法学类（不含特设专业）,2.0,4.0,68.25,74.8
2630,2023,120184,芜湖,南陵县人民检察院,司法行政人员,本科,不限,1.0,4.0,64.85,65.4
2631,2023,120185,芜湖,芜湖市镜湖区人民检察院,检察官助理,本科,法学类（不含特设专业）,1.0,10.0,72.1,72.8
2632,2023,120186,芜湖,芜湖市弋江区人民检察院,司法行政人员,本科,不限,1.0,21.0,72.05,76.35
2633,2023,120187,芜湖,芜湖市湾沚区人民检察院,检察官助理,本科,法学类（不含特设专业）,2.0,11.0,65.15,69.65
2634,2023,120188,芜湖,芜湖市中级人民法院,司法行政人员,本科,计算机科学与技术专业、软件工程专业、网络工程专业、电子与计算机工程专业,1.0,83.0,74.75,75.04
2635,2023,120189,芜湖,芜湖市中级人民法院,司法行政人员,本科,新闻传播学类,1.0,65.0,72.7,74.35
2636,2023,120190,芜湖,芜湖经济技术开发区人民法院,法官助理,本科,法学类（不含特设专业）,2.0,15.0,68.8,74.55
2637,2023,120191,芜湖,芜湖经济技术开发区人民法院,司法警察,本科,公安学类、法学类（不含特设专业）,1.0,11.0,65.2,68.25
2638,2023,120192,芜湖,芜湖三山经济开发区人民法院,法官助理,本科,法学类（不含特设专业）,1.0,3.0,68.5,72.55
2639,2023,120193,芜湖,芜湖市镜湖区人民法院,司法警察,本科,不限,1.0,1.0,58.4,62.15
2640,2023,120194,芜湖,芜湖市镜湖区人民法院,司法警察,本科,不限,1.0,5.0,65.8,69.05
2641,2023,120195,芜湖,芜湖市镜湖区人民法院,法官助理,本科,法学类（不含特设专业）,4.0,29.0,69.85,73.85
2642,2023,120196,芜湖,芜湖市鸠江区人民法院,司法行政人员,本科,会计学专业、财务管理专业、审计学专业,1.0,131.0,73.03,74.75
2643,2023,120197,芜湖,芜湖市弋江区人民法院,法官助理,本科,法学类（不含特设专业）,2.0,11.0,69.55,74.25
2644,2023,120198,芜湖,芜湖市弋江区人民法院,法官助理,本科,法学类（不含特设专业）,1.0,9.0,70.8,73.2
2645,2023,120199,芜湖,芜湖市湾沚区人民法院,法官助理,本科,法学类（不含特设专业）,2.0,6.0,67.4,72.1
2646,2023,120200,芜湖,芜湖市湾沚区人民法院,司法行政人员,本科,计算机科学与技术专业、软件工程专业、网络工程专业、电子与计算机工程专业,1.0,33.0,71.25,77.22
2647,2023,120201,芜湖,无为市人民法院,法官助理,本科,法学类（不含特设专业）,3.0,8.0,66.7,75.15
2648,2023,120202,芜湖,无为市人民法院,法官助理,本科,法学类（不含特设专业）,1.0,2.0,67.3,74.65
2649,2023,120203,芜湖,南陵县人民法院,司法行政人员,本科,会计学专业、财务管理专业、审计学专业,1.0,33.0,69.46,71.09
2650,2023,120204,芜湖,无为市乡镇机关,乡村振兴,高中（中专）,不限,3.0,0.0,,
2651,2023,120205,芜湖,南陵县乡镇机关,招商引资,高中（中专）,不限,2.0,0.0,,
2652,2023,120206,芜湖,镜湖区汀棠街道,社区服务,高中（中专）,不限,1.0,0.0,,
2653,2023,120207,芜湖,鸠江区乡镇机关,乡村振兴,高中（中专）,不限,2.0,0.0,,
2654,2023,120208,芜湖,湾沚区乡镇机关,乡村振兴,高中（中专）,不限,1.0,0.0,,
2655,2023,50001,蚌埠,市纪委监委派驻（出）机构,纪检监察,本科,法学门类,2.0,45.0,71.65,75.45
2656,2023,50002,蚌埠,市纪委监委派驻（出）机构,纪检监察,本科,经济学门类,1.0,31.0,70.0,72.25
2657,2023,50003,蚌埠,市纪委监委派驻（出）机构,纪检监察,本科,中国语言文学类,1.0,14.0,70.8,71.45
2658,2023,50004,蚌埠,市中级人民法院,法官助理,本科,法学类,2.0,11.0,65.8,74.5
2659,2023,50005,蚌埠,市中级人民法院,法官助理,本科,法学类,1.0,6.0,71.8,76.8
2660,2023,50006,蚌埠,市人民检察院,司法警察,本科,不限,1.0,146.0,70.7,73.6
2661,2023,50007,蚌埠,市人民检察院,司法行政,本科,不限,1.0,18.0,69.65,70.1
2662,2023,50008,蚌埠,市发展和改革委员会,发改综合,研究生,中国语言文学（一级学科）、应用经济学（一级学科）、会计学（一级学科）,1.0,11.0,71.05,74.6
2663,2023,50009,蚌埠,市财政局,财政管理,本科,经济学类、财政学类、金融学专业、投资学专业、经济与金融专业、统计学类、会计学专业、会计专业、财务管理专业、审计学专业,2.0,192.0,74.15,82.3
2664,2023,50010,蚌埠,市财政局,财政管理,本科,计算机类、管理科学与工程类,1.0,104.0,72.35,77.2
2665,2023,50011,蚌埠,市财政局,财政管理,本科,法学专业、信用风险管理与法律防控专业、国际经贸规则专业,1.0,34.0,71.35,72.1
2666,2023,50012,蚌埠,市自然资源和规划局,自然资源管理,本科,土地资源管理专业、地理信息科学专业、土地整治工程专业,1.0,44.0,73.35,76.05
2667,2023,50013,蚌埠,市自然资源和规划局,自然资源管理,本科,自然地理与资源环境专业、地理科学专业、人文地理与城乡规划专业,1.0,44.0,72.6,73.65
2668,2023,50014,蚌埠,市自然资源和规划局,自然资源管理,本科,测绘工程专业、地理国情监测专业、地理空间信息工程专业,1.0,63.0,71.6,72.9
2669,2023,50015,蚌埠,市自然资源和规划局,自然资源管理,本科,林学专业、森林保护专业、植物保护专业、野生动物与自然保护区管理专业,1.0,39.0,70.55,72.05
2670,2023,50016,蚌埠,市农业农村局,机关综合,本科,植物生产类,1.0,54.0,71.15,74.2
2671,2023,50017,蚌埠,市农业农村局,机关综合,本科,不限,2.0,525.0,73.95,76.6
2672,2023,50018,蚌埠,市市场监督管理局,登记受理,本科,中国语言文学类,1.0,31.0,69.85,70.8
2673,2023,50019,蚌埠,市市场监督管理局,行政许可,本科,药学类,2.0,87.0,71.65,73.6
2674,2023,50020,蚌埠,市市场监督管理局,案件管理,本科,中国语言文学类,1.0,28.0,71.8,72.4
2675,2023,50021,蚌埠,市市场监督管理局,监督检查,本科,不限,2.0,36.0,69.5,72.85
2676,2023,50022,蚌埠,市市场监督管理局,投诉受理,本科,计算机类,2.0,134.0,71.13,74.01
2677,2023,50023,蚌埠,市市场监督管理局,投诉处置,本科,法学类,2.0,30.0,66.82,70.69
2678,2023,50024,蚌埠,市乡村振兴局,机关综合,本科,不限,1.0,19.0,69.5,71.4
2679,2023,50025,蚌埠,市委党史和地方志研究室,机关综合,本科,中国语言文学类、历史学类、法学专业,1.0,27.0,69.0,74.15
2680,2023,50026,蚌埠,市生态环境局市生态环境保护综合行政执法支队,生态环境执法,本科,本科：化学类、生物科学类、化工与制药类、环境科学与工程类、生物工程类、信息管理与信息系统专业；研究生：化学（一级学科）、生物学（一级学科）、环境科学与工程（一级学科）,2.0,138.0,68.4,71.15
2681,2023,50027,蚌埠,市生态环境局市生态环境保护综合行政执法支队,生态环境执法,本科,本科：法学类、信息管理与信息系统专业；研究生：法学（一级学科）,1.0,48.0,69.65,69.9
2682,2023,50028,蚌埠,市生态环境局市生态环境保护综合行政执法支队,财务管理,本科,经济学类、财政学类、金融学类、会计学专业、会计专业、财务管理专业、审计学专业,1.0,114.0,72.3,74.05
2683,2023,50029,蚌埠,市应急管理局市应急管理综合行政执法支队,应急管理监察执法,本科,法学类、化工与制药类、安全科学与工程类,1.0,30.0,69.1,72.25
2684,2023,50030,蚌埠,市市场监督管理局市纤维检验所,机关综合,本科,中国语言文学类,1.0,20.0,71.9,72.1
2685,2023,50031,蚌埠,蚌埠高新技术产业开发区秦集镇,农村经济,本科,经济学门类、管理学门类、法学门类,1.0,132.0,75.25,78.05
2686,2023,50032,蚌埠,龙子湖区人民法院,法官助理,本科,法学类,2.0,10.0,65.85,72.65
2687,2023,50033,蚌埠,龙子湖区人民检察院,检察官助理,本科,法学类（不含特设专业）,1.0,19.0,63.55,73.95
2688,2023,50034,蚌埠,龙子湖区人民检察院,司法行政,本科,新闻传播学类、中国语言文学类、公共管理类、法学类,1.0,80.0,71.7,73.65
2689,2023,50035,蚌埠,禹会区人民法院,法官助理,本科,法学类,4.0,21.0,68.85,74.1
2690,2023,50036,蚌埠,禹会区人民检察院,检察官助理,本科,法学类（不含特设专业）、侦查学专业,1.0,2.0,66.05,68.3
2691,2023,50037,蚌埠,禹会区人民检察院,检察官助理,本科,法学类（不含特设专业）,2.0,14.0,67.4,68.35
2692,2023,50038,蚌埠,禹会区人民检察院,司法行政,本科,新闻传播学类、中国语言文学类,1.0,54.0,72.55,75.0
2693,2023,50039,蚌埠,淮上区人民法院,法官助理,本科,法学类,3.0,15.0,67.05,74.35
2694,2023,50040,蚌埠,淮上区司法局,司法行政,本科,本科：法学类研究生：法学（一级学科）、法律硕士（专业硕士）,1.0,6.0,68.3,71.85
2695,2023,50041,蚌埠,淮上区市场监督管理局,市场监管,本科,机械类、电气类、自动化类、知识产权专业,1.0,67.0,68.5,70.15
2696,2023,50042,蚌埠,淮上区档案馆,档案管理,本科,图书情报与档案管理类、汉语言文学专业,1.0,21.0,65.65,74.7
2697,2023,50043,蚌埠,怀远县纪委监委机关,纪检监察,本科,法学专业、财务管理专业、会计学专业、财政学专业、审计学专业、会计专业,1.0,37.0,68.25,69.45
2698,2023,50044,蚌埠,怀远县人民法院,司法行政,本科,不限,1.0,25.0,71.6,75.95
2699,2023,50045,蚌埠,怀远县公安局,人民警察,专科,不限,5.0,401.0,67.32,71.51
2700,2023,50046,蚌埠,怀远县公安局,人民警察,专科,不限,3.0,70.0,64.91,75.61
2701,2023,50047,蚌埠,怀远县财政局,财政管理,本科,经济学类、财政学类、金融学类、财务管理专业,1.0,58.0,70.15,72.3
2702,2023,50048,蚌埠,怀远县自然资源和规划局,土地资源管理,本科,土地资源管理专业、地理科学专业、地理信息科学专业、人文地理与城乡规划专业,1.0,30.0,69.9,73.7
2703,2023,50049,蚌埠,怀远县商务局,商务管理,本科,经济学类、经济与贸易类、电子商务类、工商管理类,1.0,130.0,70.95,72.25
2704,2023,50050,蚌埠,怀远县人力资源和社会保障局,机关综合,本科,法学类、财务管理专业、会计学专业、财政学专业、审计学专业、会计专业,1.0,48.0,71.85,73.8
2705,2023,50051,蚌埠,怀远县农业农村局,农村公共服务,本科,农业工程类,1.0,8.0,69.55,70.4
2706,2023,50052,蚌埠,怀远县水利局,水利规划,本科,水利类、工程管理专业,1.0,45.0,70.15,70.7
2707,2023,50053,蚌埠,怀远县经济和信息化局,项目管理,本科,工学门类、经济学类,1.0,66.0,71.85,73.25
2708,2023,50054,蚌埠,怀远县市场监督管理局,食品监管,本科,食品科学与工程类,2.0,56.0,68.25,71.95
2709,2023,50055,蚌埠,怀远县农业农村局县农业综合开发办公室,农业综合服务,本科,农业工程类、工程管理专业、会计学专业,1.0,46.0,71.3,75.4
2710,2023,50056,蚌埠,怀远县人力资源和社会保障局县劳动保障监察综合执法大队,劳动监察执法,本科,法学类、劳动与社会保障专业,1.0,41.0,66.25,67.95
2711,2023,50057,蚌埠,怀远县乡镇机关（一）,乡镇综合事务管理,本科,电子商务类、旅游管理类、农业经济管理类、农业工程类、自然保护与环境生态类,6.0,67.0,66.0,76.25
2712,2023,50058,蚌埠,怀远县乡镇机关（二）,乡镇综合事务管理,专科,不限,2.0,35.0,66.95,71.75
2713,2023,50059,蚌埠,怀远县乡镇机关（三）,机关综合,专科,不限,2.0,232.0,69.75,73.05
2714,2023,50060,蚌埠,怀远县包集镇,机关综合,本科,电子商务类、旅游管理类、农业经济管理类、农业工程类、自然保护与环境生态类,1.0,35.0,70.45,72.15
2715,2023,50061,蚌埠,五河县纪委监委机关,政策法规,本科,法学类,1.0,18.0,70.05,76.65
2716,2023,50062,蚌埠,五河县纪委监委机关,纪检监察,本科,经济学类、财政学类、金融学类、会计学专业、会计专业、财务管理专业、审计学专业,1.0,32.0,70.25,77.45
2717,2023,50063,蚌埠,五河县委办公室,机关综合,本科,不限,1.0,46.0,71.55,74.3
2718,2023,50064,蚌埠,五河县委办公室,文秘,本科,新闻传播学类、中国语言文学类、行政管理专业,1.0,15.0,70.05,71.05
2719,2023,50065,蚌埠,五河县委办公室,财务管理,本科,经济学类、财政学类、金融学类、会计学专业、会计专业、财务管理专业、审计学专业,1.0,34.0,72.75,73.05
2720,2023,50066,蚌埠,五河县委组织部,文字综合,本科,不限,2.0,82.0,72.2,81.3
2721,2023,50067,蚌埠,五河县人大办公室,财务管理,本科,经济学类、财政学类、经济与贸易类,1.0,32.0,70.35,76.55
2722,2023,50068,蚌埠,五河县人大办公室,文秘,本科,法学类、中国语言文学类、新闻传播学类,1.0,22.0,67.2,72.35
2723,2023,50069,蚌埠,五河县人民法院,法官助理,本科,法学类,2.0,9.0,63.3,69.95
2724,2023,50070,蚌埠,五河县人民法院,法官助理,本科,法学类,2.0,5.0,54.95,69.65
2725,2023,50071,蚌埠,五河县人民检察院,检察官助理,本科,法学类,3.0,13.0,56.5,74.9
2726,2023,50072,蚌埠,五河县人民政府办公室,文秘,本科,中国语言文学类、新闻传播学类,1.0,36.0,70.2,72.85
2727,2023,50073,蚌埠,五河县发展和改革委员会,机关综合,本科,不限,1.0,68.0,68.65,73.0
2728,2023,50074,蚌埠,五河县发展和改革委员会,机关综合,本科,理学门类、工学门类、金融学类、经济与贸易类,1.0,70.0,73.55,76.7
2729,2023,50075,蚌埠,五河县教育体育局,财务管理,本科,经济学类、财政学类、金融学类、会计学专业、会计专业、财务管理专业、审计学专业,1.0,44.0,69.95,72.0
2730,2023,50076,蚌埠,五河县经济和信息化局,企业服务,本科,不限,1.0,8.0,64.85,69.35
2731,2023,50077,蚌埠,五河县经济和信息化局,企业服务,本科,理学门类、工学门类、金融学类、经济与贸易类,1.0,54.0,71.1,72.9
2732,2023,50078,蚌埠,五河县公安局,人民警察,专科,研究生：公安学、公安技术一级学科下的各研究方向；本科：侦查学、治安学、交通管理工程、刑事科学技术、网络安全与执法、警务指挥与战术；专科：刑事侦查、治安管理、交通管理、刑事科学技术、信息网络安全监察、警察指挥与战术、特警,3.0,18.0,60.85,67.84
2733,2023,50079,蚌埠,五河县公安局,人民警察,专科,不限,3.0,163.0,66.97,73.3
2734,2023,50080,蚌埠,五河县公安局,人民警察,专科,不限,2.0,32.0,62.55,68.36
2735,2023,50081,蚌埠,五河县民政局,机关综合,本科,政治学类、社会学类、中国语言文学类、计算机类、电子信息类,1.0,66.0,72.05,73.9
2736,2023,50082,蚌埠,五河县司法局,财务管理,本科,经济学类、财政学类、金融学类、会计学专业、会计专业、财务管理专业、审计学专业,1.0,45.0,71.95,74.4
2737,2023,50083,蚌埠,五河县财政局,财务管理,本科,经济学类、财政学类、金融学类、会计学专业、会计专业、财务管理专业、审计学专业,1.0,30.0,60.61,66.87
2738,2023,50084,蚌埠,五河县财政局,财务管理,本科,经济学类、财政学类、金融学类、会计学专业、会计专业、财务管理专业、审计学专业,1.0,30.0,67.45,69.23
2739,2023,50085,蚌埠,五河县人力资源和社会保障局,机关综合,本科,法学类,1.0,14.0,67.85,70.4
2740,2023,50086,蚌埠,五河县住房和城乡建设局,工程管理,本科,土木类、建筑类,1.0,43.0,70.7,75.05
2741,2023,50087,蚌埠,五河县住房和城乡建设局,机关综合,本科,不限,1.0,12.0,68.95,70.75
2742,2023,50088,蚌埠,五河县水利局,水利综合,专科,水利类、土木类,1.0,74.0,67.55,72.65
2743,2023,50089,蚌埠,五河县商务局,机关综合,本科,管理学门类、经济学类、中国语言文学类、统计学类,1.0,74.0,70.2,71.75
2744,2023,50090,蚌埠,五河县文化和旅游局,机关综合,本科,不限,1.0,12.0,67.25,73.2
2745,2023,50091,蚌埠,五河县应急管理局,安全监管,本科,不限,1.0,9.0,64.2,68.5
2746,2023,50092,蚌埠,五河县应急管理局,安全监管,本科,安全科学与工程类、土木类、水利类,1.0,34.0,67.8,69.3
2747,2023,50093,蚌埠,五河县市场监督管理局,市场监管,专科,医学门类、化工与制药类、生物医学工程类,1.0,97.0,67.55,68.55
2748,2023,50094,蚌埠,五河县市场监督管理局,市场监管,专科,食品科学与工程类,1.0,30.0,69.0,73.05
2749,2023,50095,蚌埠,五河县市场监督管理局,政策法规,本科,法学类,1.0,4.0,59.19,63.63
2750,2023,50096,蚌埠,五河县市场监督管理局,市场监管,专科,法学类,1.0,44.0,66.4,66.8
2751,2023,50097,蚌埠,五河县供销合作社联合社,财务管理,本科,经济学类、财政学类、经济与贸易类,1.0,29.0,69.55,70.4
2752,2023,50098,蚌埠,五河县乡镇机关（一）,乡镇综合事务管理,专科,不限,2.0,24.0,66.05,69.5
2753,2023,50099,蚌埠,五河县乡镇机关（二）,乡镇综合事务管理,专科,不限,3.0,109.0,66.2,72.65
2754,2023,50100,蚌埠,五河县乡镇机关（三）,乡镇综合事务管理,专科,不限,2.0,183.0,69.25,74.25
2755,2023,50101,蚌埠,五河县申集镇,人武专干,专科,人民武装专业（退役军人报考可不限专业）,1.0,42.0,65.46,69.07
2756,2023,50102,蚌埠,固镇县纪委监委机关,纪检监察,本科,不限,1.0,66.0,73.05,73.75
2757,2023,50103,蚌埠,固镇县纪委监委派驻（出）机构,纪检监察,本科,不限,1.0,25.0,63.7,66.9
2758,2023,50104,蚌埠,固镇县纪委监委派驻（出）机构,纪检监察,本科,不限,1.0,63.0,72.65,75.75
2759,2023,50105,蚌埠,固镇县人民法院,法官助理,本科,法学类,2.0,8.0,61.6,65.45
2760,2023,50106,蚌埠,固镇县人民法院,司法行政人员,本科,中国语言文学类,1.0,16.0,68.1,70.85
2761,2023,50107,蚌埠,固镇县教育体育局,机关综合,本科,法学类、政治学类、马克思主义理论类,1.0,16.0,72.3,74.4
2762,2023,50108,蚌埠,固镇县教育体育局,教育管理,本科,中国语言文学类、教育学类,1.0,29.0,66.25,73.4
2763,2023,50109,蚌埠,固镇县科学技术局,机关综合,专科,工学门类、理学门类、管理学门类、经济学门类、文学门类,1.0,109.0,70.3,72.55
2764,2023,50110,蚌埠,固镇县公安局,网络安全管理★,本科,计算机类,2.0,31.0,64.95,70.04
2765,2023,50111,蚌埠,固镇县人力资源和社会保障局,文秘,本科,不限,1.0,62.0,69.15,73.2
2766,2023,50112,蚌埠,固镇县自然资源和规划局,机关综合,本科,林学类、森林工程专业、汉语言文学专业、网络与新媒体专业,1.0,25.0,68.9,69.55
2767,2023,50113,蚌埠,固镇县卫生健康委员会,医政管理,本科,临床医学专业、基础医学专业、预防医学专业、卫生监督专业,1.0,20.0,63.35,68.55
2768,2023,50114,蚌埠,固镇县卫生健康委员会,文秘,本科,中国语言文学类,1.0,13.0,68.8,72.95
2769,2023,50115,蚌埠,固镇县应急管理局,安全监管,本科,工学门类、理学门类、管理学门类、经济学门类、法学门类,1.0,84.0,68.15,71.0
2770,2023,50116,蚌埠,固镇县市场监督管理局,市场监管,本科,中国语言文学类、新闻传播学类,2.0,33.0,71.05,74.95
2771,2023,50117,蚌埠,固镇县市场监督管理局,机关综合,本科,会计学专业、财务会计教育专业、财政学专业、财务管理专业,1.0,35.0,71.35,74.35
2772,2023,50118,蚌埠,固镇县市场监督管理局,市场监管,本科,不限,2.0,23.0,63.9,69.4
2773,2023,50119,蚌埠,固镇县市场监督管理局,市场监管,本科,法学类,1.0,12.0,70.8,72.2
2774,2023,50120,蚌埠,固镇县乡镇机关（一）,乡镇综合事务管理,专科,不限,2.0,32.0,65.15,69.15
2775,2023,50121,蚌埠,固镇县乡镇机关（二）,乡镇综合事务管理,专科,不限,2.0,166.0,68.15,74.05
2776,2023,50122,蚌埠,固镇县乡镇机关（三）,乡镇综合事务管理,专科,不限,2.0,73.0,66.85,70.45
2777,2023,50123,蚌埠,固镇县乡镇机关（四）,乡镇综合事务管理,专科,不限,2.0,181.0,66.9,70.45
2778,2023,50124,蚌埠,固镇县湖沟镇,人武专干,专科,不限,1.0,23.0,58.37,60.56
2779,2023,50125,蚌埠,怀远县唐集镇,乡镇综合事务管理,高中（中专）,不限,1.0,0.0,,
2780,2023,140001,铜陵,铜陵市纪委监委系统,执纪执法,本科,公安学类、法学专业、会计学专业、财务管理专业、审计学专业,1.0,23.0,68.7,73.1
2781,2023,140002,铜陵,铜陵市发展和改革委员会,发展改革,本科,理学类、工学类、经济学类、管理学类,2.0,391.0,72.9,77.55
2782,2023,140003,铜陵,铜陵市人力资源和社会保障局,信息化建设,本科,计算机类,1.0,14.0,66.89,69.28
2783,2023,140004,铜陵,铜陵市住房和城乡建设局,设计规划,本科,城市设计专业、城乡规划专业、人居环境科学与技术专业,1.0,14.0,71.35,76.4
2784,2023,140005,铜陵,铜陵市交通运输局,法治建设,本科,法学类,1.0,13.0,69.71,71.89
2785,2023,140006,铜陵,铜陵市审计局,审计,本科,会计学专业、财务管理专业、审计学专业,1.0,52.0,71.7,74.51
2786,2023,140007,铜陵,铜陵市党员电化教育中心,机关综合,本科,汉语言文学专业、新闻学专业、法学专业、计算机科学与技术专业、信息安全专业,1.0,36.0,69.85,72.7
2787,2023,140008,铜陵,铜陵市爱国卫生运动委员会办公室,督查检查,本科,城乡规划专业、城市设计专业、城市管理专业、计算机科学与技术专业,1.0,14.0,68.65,69.35
2788,2023,140009,铜陵,铜陵市机关事务管理服务中心,综合管理,本科,不限,1.0,8.0,70.3,73.0
2789,2023,140010,铜陵,铜陵市机关事务管理服务中心,机关综合,本科,中国语言文学类、新闻传播学类、行政管理专业、法学专业,1.0,71.0,71.95,72.45
2790,2023,140011,铜陵,铜陵市招商服务中心,招商引资,本科,经济学门类、工学门类、管理学门类,1.0,68.0,73.05,77.4
2791,2023,140012,铜陵,铜陵市非税收入管理局,财政管理,本科,经济学门类、法学类、工商管理类,1.0,98.0,73.65,78.3
2792,2023,140013,铜陵,铜陵市社会经济调查队,统计调查,本科,计算机类、电子信息类,1.0,59.0,72.4,75.55
2793,2023,140014,铜陵,铜陵市社会经济调查队,统计调查,本科,经济学门类,1.0,64.0,71.25,73.5
2794,2023,140015,铜陵,铜陵市公安局,交通安全技术★,本科,交通工程专业、交通设备与控制工程专业、交通管理工程专业,2.0,6.0,62.04,71.27
2795,2023,140016,铜陵,铜陵市公安局,人民警察,本科,法学类（不含特设专业）,2.0,7.0,60.07,69.92
2796,2023,140017,铜陵,铜陵市公安局,网络安全管理★,本科,计算机科学与技术专业、软件工程专业、网络工程专业、信息安全专业、网络空间安全专业、网络安全与执法专业,2.0,22.0,66.49,71.8
2797,2023,140018,铜陵,铜陵市公安局,信息通信★,本科,电子信息工程专业、电子科学与技术专业、通信工程专业、电子信息科学与技术专业、公安视听技术专业、自动化专业,2.0,18.0,63.0,71.17
2798,2023,140019,铜陵,铜陵市公安局,人民警察,本科,金融学专业、投资学专业、经济与金融专业、精算学专业、互联网金融专业,2.0,15.0,65.27,68.61
2799,2023,140020,铜陵,铜陵市公安局,人民警察,本科,会计学专业、财务管理专业、审计学专业,1.0,11.0,63.62,65.37
2800,2023,140021,铜陵,铜陵市公安局,人民警察,本科,汉语言文学专业、汉语言专业、秘书学专业、哲学专业,2.0,5.0,62.14,67.78
2801,2023,140022,铜陵,铜陵市公安局,人民警察,本科,自然保护与环境生态类、药学专业、食品质量与安全专业、环境科学与工程专业、环境生态工程专业、环境科学专业,1.0,12.0,66.26,74.45
2802,2023,140023,铜陵,铜陵市公安局,人民警察,本科,不限,3.0,2.0,51.37,62.98
2803,2023,140024,铜陵,铜陵市公安局,特警,本科,体育教育专业、运动训练专业、武术与民族传统体育专业,3.0,23.0,58.8,65.58
2804,2023,140025,铜陵,枞阳县公安局,信息通信★,本科,计算机科学与技术专业、网络工程专业、软件工程专业、网络空间安全专业、电子与计算机工程专业、会计学专业、人力资源管理专业、刑事科学技术专业,3.0,29.0,64.14,70.07
2805,2023,140026,铜陵,枞阳县公安局,人民警察,专科,治安管理专业、刑事侦查专业、刑事科学技术专业、警察指挥与战术专业、交通管理专业、信息网络安全监察专业,2.0,9.0,60.81,66.34
2806,2023,140027,铜陵,中共枞阳县委巡察工作领导小组办公室,巡察监督,本科,法学专业、会计学专业、审计学专业、网络工程专业、经济犯罪侦查专业、技术侦查学专业,1.0,16.0,68.65,70.15
2807,2023,140028,铜陵,枞阳县纪委监委派驻纪检监察组,纪检监察,本科,法学专业、会计学专业、审计学专业、网络工程专业、经济犯罪侦查专业、技术侦查学专业,3.0,34.0,67.25,72.8
2808,2023,140029,铜陵,共青团枞阳县委员会,青少年社会事务,本科,中国语言文学类、社会工作专业、网络与新媒体专业,1.0,33.0,70.25,70.4
2809,2023,140030,铜陵,中共枞阳县直属机关工作委员会,综合文字,本科,不限,1.0,1.0,62.0,72.65
2810,2023,140031,铜陵,枞阳县发展和改革委员会,能源项目管理,本科,能源动力类、机械工程专业、机械设计制造及其自动化专业、新能源汽车工程专业,1.0,43.0,70.1,75.7
2811,2023,140032,铜陵,枞阳县发展和改革委员会,工程项目管理,本科,建筑类、土木类、法学专业、工程管理专业,1.0,30.0,72.7,74.45
2812,2023,140033,铜陵,枞阳县教育体育局,综合文字,本科,不限,1.0,4.0,61.75,65.65
2813,2023,140034,铜陵,枞阳县司法局,财务规划,本科,会计学专业、财务管理专业、审计学专业,1.0,34.0,68.11,68.28
2814,2023,140035,铜陵,枞阳县财政局,财政管理,本科,财政学专业、会计学专业、财务管理专业、金融学专业、经济学专业,3.0,114.0,70.1,75.45
2815,2023,140036,铜陵,枞阳县自然资源和规划局（林业局）,规划管理,本科,城乡规划专业、人文地理与城乡规划专业、物流管理专业,1.0,49.0,71.25,74.4
2816,2023,140037,铜陵,枞阳县自然资源和规划局（林业局）,规划审核,本科,法学类、网络工程专业,2.0,38.0,70.05,72.9
2817,2023,140038,铜陵,枞阳县自然资源和规划局（林业局）,综合管理,本科,不限,1.0,3.0,54.6,58.75
2818,2023,140039,铜陵,枞阳县住房和城乡建设局,工程业务审核,本科,建筑学专业、水利水电工程专业、土木工程专业、风景园林专业、给排水科学与工程专业、汉语言文学专业、经济学专业,2.0,51.0,68.65,70.25
2819,2023,140040,铜陵,枞阳县交通运输局,综合文字,本科,文学门类,1.0,40.0,73.2,73.95
2820,2023,140041,铜陵,枞阳县卫生健康委员会,机关综合,本科,中国语言文学类、公共事业管理专业（卫生事业管理方向）、网络工程专业,2.0,21.0,69.8,72.8
2821,2023,140042,铜陵,枞阳县卫生健康委员会,公共卫生管理,本科,临床医学类、公共卫生与预防医学类、中医学类、中西医结合类,1.0,18.0,63.35,69.85
2822,2023,140043,铜陵,枞阳县审计局,综合管理,本科,政治学、经济学与哲学专业、法学专业、政治学与行政学专业,1.0,3.0,61.62,67.41
2823,2023,140044,铜陵,枞阳县市场监督管理局,市场监管执法,本科,医学门类、网络工程专业,2.0,32.0,65.15,70.05
2824,2023,140045,铜陵,枞阳县市场监督管理局,市场监管执法,本科,食品科学与工程类、知识产权专业,1.0,21.0,67.4,67.9
2825,2023,140046,铜陵,枞阳县供销合作社,农村综合建设,本科,经济学门类、网络工程专业,2.0,42.0,70.45,74.55
2826,2023,140047,铜陵,枞阳县白梅乡,综合管理,本科,不限,1.0,1.0,,
2827,2023,140048,铜陵,枞阳县乡镇机关,综合管理,本科,不限,4.0,120.0,69.4,73.55
2828,2023,140049,铜陵,枞阳县乡镇机关,综合管理,专科,不限,8.0,23.0,56.3,66.5
2829,2023,140050,铜陵,枞阳县乡镇机关,综合管理,专科,不限,4.0,392.0,69.85,73.15
2830,2023,140051,铜陵,枞阳县乡镇机关,人武专干,专科,人民武装专业（退役军人报考可不限专业）,2.0,43.0,59.66,69.5
2831,2023,140052,铜陵,铜官区市场监督管理局,质量监管,本科,机械类,1.0,63.0,69.35,70.7
2832,2023,140053,铜陵,铜官区市场监督管理局,药品监管,本科,药学类,1.0,24.0,65.2,69.1
2833,2023,140054,铜陵,铜官区教育局,工程管理,本科,土木类,1.0,34.0,71.65,74.2
2834,2023,140055,铜陵,铜官区教育局,教育信息化,本科,电子信息类,1.0,53.0,73.5,76.5
2835,2023,140056,铜陵,义安区发展和改革委员会,项目管理,本科,土木类,1.0,25.0,70.05,72.8
2836,2023,140057,铜陵,义安区财政局,财政管理,本科,财政学专业、会计学专业、财务管理专业、审计学专业、资产评估专业、采购管理专业,2.0,128.0,71.55,76.9
2837,2023,140058,铜陵,义安区人力资源和社会保障局,劳动监察,本科,法学类,1.0,17.0,65.63,70.38
2838,2023,140059,铜陵,义安区住房和城乡建设局,城乡建设管理,本科,土木工程专业、城市地下空间工程专业、城乡规划专业、风景园林专业、城市设计专业、工商管理专业、工程管理专业,1.0,80.0,71.15,73.85
2839,2023,140060,铜陵,义安区司法局,机关综合,本科,不限,1.0,9.0,68.5,71.05
2840,2023,140061,铜陵,义安区司法局,司法行政,本科,法学类,2.0,13.0,56.6,67.85
2841,2023,140062,铜陵,义安区供销合作社,综合文字,本科,不限,1.0,4.0,65.7,80.25
2842,2023,140063,铜陵,义安区五松镇,信息统计,本科,计算机类,1.0,27.0,69.69,74.44
2843,2023,140064,铜陵,义安区钟鸣镇,乡村建设,本科,土木类、建筑类,1.0,15.0,66.65,70.1
2844,2023,140065,铜陵,义安区东联镇,综合管理,本科,中国语言文学类、新闻传播学类,1.0,31.0,68.4,68.9
2845,2023,140066,铜陵,义安区老洲乡,综合文字,专科,不限,1.0,195.0,70.7,73.9
2846,2023,140067,铜陵,郊区司法局,行政复议,本科,法学类,1.0,4.0,63.85,66.05
2847,2023,140068,铜陵,郊区周潭镇,综合管理,专科,不限,1.0,6.0,63.1,67.65
2848,2023,140069,铜陵,郊区铜山镇,人武专干,专科,不限,1.0,9.0,49.53,57.17
2849,2023,140070,铜陵,郊区乡镇机关,综合管理,本科,不限,4.0,170.0,70.8,75.1
2850,2023,140071,铜陵,铜陵市中级人民法院,综合文字,本科,思想政治教育专业、历史学专业、汉语言文学专业,1.0,64.0,71.15,72.75
2851,2023,140072,铜陵,铜陵市中级人民法院,综合管理,本科,法学类(不含特设专业）,1.0,40.0,70.55,72.65
2852,2023,140073,铜陵,铜陵市中级人民法院,法官助理,本科,法学类(不含特设专业）,4.0,19.0,68.8,74.4
2853,2023,140074,铜陵,枞阳县人民法院,法官助理,本科,法学类,2.0,2.0,55.55,67.15
2854,2023,140075,铜陵,铜官区人民法院,法官助理,本科,法学类(不含特设专业）,3.0,3.0,65.7,71.65
2855,2023,140076,铜陵,铜官区人民法院,司法警察,本科,法学类、公安学类,1.0,9.0,65.15,66.0
2856,2023,140077,铜陵,铜官区人民法院,司法警察,本科,不限,1.0,0.0,61.55,68.5
2857,2023,140078,铜陵,义安区人民法院,法官助理,本科,法学类,2.0,12.0,64.05,73.15
2858,2023,140079,铜陵,义安区人民法院,综合管理,本科,不限,1.0,2.0,68.55,71.45
2859,2023,140080,铜陵,郊区人民法院,法官助理,本科,法学类,1.0,4.0,62.7,70.0
2860,2023,140081,铜陵,郊区人民法院,司法警察,专科,刑事执行专业、刑事侦查技术专业、罪犯心理测量与矫正技术专业、行政执行专业、戒毒矫治技术专业、司法信息安全专业、司法警务专业,1.0,13.0,64.35,66.85
2861,2023,140082,铜陵,铜陵市人民检察院,检察官助理,本科,法学类（不含特设专业）,1.0,3.0,70.6,72.6
2862,2023,140083,铜陵,枞阳县人民检察院,检察官助理,本科,法学类（不含特设专业）,2.0,2.0,51.9,66.7
2863,2023,140084,铜陵,枞阳县人民检察院,司法行政,本科,不限,1.0,1.0,59.2,67.0
2864,2023,140085,铜陵,枞阳县人民检察院,司法行政,本科,中国语言文学类,1.0,13.0,69.9,72.5
2865,2023,140086,铜陵,铜官区人民检察院,检察官助理,本科,法学类（不含特设专业）,4.0,21.0,66.4,74.4
2866,2023,140087,铜陵,铜官区人民检察院,司法行政,本科,不限,1.0,11.0,68.05,69.5
2867,2023,140088,铜陵,义安区人民检察院,检察官助理,本科,法学类（不含特设专业）,1.0,4.0,63.55,66.85
2868,2023,140089,铜陵,郊区人民检察院,司法行政,本科,计算机类,1.0,32.0,72.9,73.68
2869,2023,140090,铜陵,枞阳县项铺镇,综合管理,高中（中专）,不限,1.0,0.0,,
2870,2023,160001,阜阳,阜阳市工商业联合会,综合文字,本科,不限,1.0,357.0,74.3,75.85
2871,2023,160002,阜阳,阜阳市财政局,财政管理,本科,经济学类、财政学类、金融学类、工商管理类,1.0,181.0,73.6,76.25
2872,2023,160003,阜阳,阜阳市审计局,审计,本科,财务管理专业、财政学专业、会计学专业,1.0,85.0,71.79,73.48
2873,2023,160004,阜阳,阜阳市地方金融监督管理局,金融法务,本科,金融学类、法学类,1.0,127.0,75.1,75.6
2874,2023,160005,阜阳,阜阳市商务局,商务管理,本科,经济学专业、商务经济学专业、国际经贸规则专业,1.0,29.0,71.45,73.55
2875,2023,160006,阜阳,阜阳市农业农村局,综合文字,本科,农学门类、中国语言文学类,1.0,77.0,71.55,72.75
2876,2023,160007,阜阳,阜阳市生态环境局界首市生态环境分局,生态环境管理,本科,化学类、环境科学与工程类,1.0,82.0,74.15,74.65
2877,2023,160008,阜阳,阜阳市生态环境局颍上县生态环境分局,生态环境管理,本科,法学类,1.0,5.0,66.9,69.1
2878,2023,160009,阜阳,阜阳市交通运输局,交通运输统计,本科,统计学类,1.0,23.0,71.4,73.75
2879,2023,160010,阜阳,阜阳市供销合作社联合社,经济管理,本科,经济学类,1.0,65.0,72.8,74.2
2880,2023,160011,阜阳,阜阳市财政局市预算评审中心,财政管理,本科,经济学类、财政学类、金融学类、工商管理类,1.0,131.0,72.85,73.6
2881,2023,160012,阜阳,阜阳市财政局市财政国库支付中心,财政管理,本科,经济学类、财政学类、金融学类、工商管理类,1.0,110.0,73.9,78.3
2882,2023,160013,阜阳,阜阳市人力资源和社会保障局市劳动人事争议仲裁院,仲裁审查,本科,法学类,1.0,18.0,62.04,69.29
2883,2023,160014,阜阳,阜阳市水利局市治淮工程建设管理中心,水利建设,本科,水利水电工程专业、水文与水资源工程专业、土木工程专业,1.0,78.0,71.0,73.45
2884,2023,160015,阜阳,阜阳市医疗保障局市医疗保障基金管理中心,数据分析,本科,统计学类、汉语言文学专业、汉语言专业、秘书学专业,1.0,64.0,72.75,75.45
2885,2023,160016,阜阳,颍州区司法局,司法助理,本科,法学类,1.0,9.0,63.5,68.45
2886,2023,160017,阜阳,颍州区司法局,行政管理,本科,中国语言文学类,1.0,43.0,71.9,80.15
2887,2023,160018,阜阳,颍州区街道,街道管理,本科,经济学类、电子商务类、公共管理类、汉语言文学专业、汉语言专业,3.0,154.0,72.25,75.5
2888,2023,160019,阜阳,颍州区街道,街道管理,本科,不限,2.0,37.0,68.75,74.9
2889,2023,160020,阜阳,颍州区乡镇,乡镇管理,专科,不限,2.0,314.0,71.8,74.5
2890,2023,160021,阜阳,颍州区乡镇,乡镇管理,本科,艺术学门类、中国语言文学类、新闻学专业、工商管理专业,2.0,103.0,69.0,72.05
2891,2023,160022,阜阳,颍泉区司法局,司法行政,本科,法学类,1.0,5.0,63.25,67.6
2892,2023,160023,阜阳,颍泉区司法局,司法行政,本科,法学类,1.0,24.0,68.02,69.12
2893,2023,160024,阜阳,颍泉区中市街道办事处,街道管理,专科,不限,2.0,367.0,70.15,74.5
2894,2023,160025,阜阳,颍泉区中市街道办事处,街道管理,本科,不限,2.0,23.0,68.5,76.1
2895,2023,160026,阜阳,颍泉区周棚街道办事处,街道管理,本科,法学类、新闻传播学类、中国语言文学类,3.0,81.0,71.05,78.05
2896,2023,160027,阜阳,颍泉区乡镇,乡镇管理,本科,不限,3.0,131.0,70.15,73.1
2897,2023,160028,阜阳,颍东区司法局,司法行政,本科,法学类,1.0,20.0,64.86,70.42
2898,2023,160029,阜阳,颍东区司法局,司法行政,本科,法学类,1.0,7.0,61.65,67.05
2899,2023,160030,阜阳,颍东区委组织部区综合考核指导中心,综合文字,本科,公共管理类、新闻传播学类、中国语言文学类,1.0,33.0,72.6,74.2
2900,2023,160031,阜阳,颍东区文学艺术界联合会,文艺宣传,本科,中国语言文学类、新闻传播学类,1.0,41.0,69.8,76.6
2901,2023,160032,阜阳,颍东区委党史和地方志研究室,党史编纂,本科,汉语言文学专业、汉语言专业、历史学专业、公共事业管理专业、行政管理专业,1.0,35.0,68.7,69.25
2902,2023,160033,阜阳,颍东区供销合作社联合社,物流管理,本科,物流管理与工程类、经济与贸易类,1.0,92.0,69.7,75.45
2903,2023,160034,阜阳,颍东区街道,街道管理,本科,不限,2.0,304.0,72.3,76.9
2904,2023,160035,阜阳,颍东区乡镇,乡镇管理,专科,不限,4.0,265.0,68.15,72.9
2905,2023,160036,阜阳,颍东区乡镇,乡镇管理,专科,不限,4.0,55.0,66.55,80.4
2906,2023,160037,阜阳,颍东区乡镇,乡镇管理,本科,不限,2.0,85.0,69.45,72.2
2907,2023,160038,阜阳,颍东区乡镇,乡镇管理,本科,不限,4.0,293.0,71.0,75.15
2908,2023,160039,阜阳,界首市纪委监委派驻机构,监督监察,本科,法学门类、管理学门类、中国语言文学类、新闻传播学类、计算机类、电子信息类,1.0,58.0,73.55,75.8
2909,2023,160040,阜阳,界首市纪委监委派驻机构,监督监察,本科,法学门类、管理学门类、中国语言文学类、新闻传播学类、计算机类、电子信息类,1.0,78.0,73.1,75.0
2910,2023,160041,阜阳,界首市纪委监委派驻机构,监督监察,本科,法学门类、管理学门类、中国语言文学类、新闻传播学类、计算机类、电子信息类,1.0,77.0,72.8,74.8
2911,2023,160042,阜阳,界首市纪委监委派驻机构,监督监察,本科,计算机科学与技术专业、网络工程专业、信息安全专业,1.0,50.0,71.9,72.6
2912,2023,160043,阜阳,界首市纪委监委派驻机构,监督监察,本科,不限,1.0,24.0,70.25,71.55
2913,2023,160044,阜阳,界首市委宣传部,理论宣传,本科,艺术学门类、哲学类、政治学类、中国语言文学类、新闻传播学类、历史学类、心理学类、公共管理类,1.0,53.0,67.45,68.0
2914,2023,160045,阜阳,界首市市场监督管理局陶庙市场监督管理所,市场监管,本科,不限,1.0,23.0,66.8,69.8
2915,2023,160046,阜阳,界首市市场监督管理局新马集市场监督管理所,市场监管,本科,食品科学与工程类、药学类,1.0,16.0,68.0,69.25
2916,2023,160047,阜阳,界首市乡镇,乡镇事务管理,本科,不限,4.0,169.0,70.3,77.55
2917,2023,160048,阜阳,界首市乡镇,乡镇事务管理,本科,不限,2.0,8.0,68.1,72.2
2918,2023,160049,阜阳,界首市乡镇,乡镇事务管理,本科,工学门类、理学门类,4.0,79.0,68.2,73.4
2919,2023,160050,阜阳,界首市乡镇,乡镇事务管理,专科,不限,3.0,276.0,69.5,73.45
2920,2023,160051,阜阳,界首市大黄镇,人武专干,专科,人民武装专业（退役军人报考可不限专业）,1.0,35.0,60.13,64.64
2921,2023,160052,阜阳,太和县供销合作社联合社,财务规划,本科,财务管理专业、会计学专业、审计学专业,1.0,30.0,61.54,65.24
2922,2023,160053,阜阳,太和县供销合作社联合社,综合文字,本科,中国语言文学类、新闻传播学类,1.0,23.0,70.9,74.15
2923,2023,160054,阜阳,太和县机关事务管理中心,综合文字,本科,不限,2.0,31.0,67.7,74.55
2924,2023,160055,阜阳,太和县乡镇,乡镇管理,专科,不限,3.0,41.0,66.35,75.0
2925,2023,160056,阜阳,太和县乡镇,乡镇管理,本科,不限,3.0,195.0,68.95,75.2
2926,2023,160057,阜阳,太和县乡镇,乡镇管理,专科,不限,3.0,342.0,70.15,79.35
2927,2023,160058,阜阳,太和县倪邱镇,人武专干,专科,人民武装专业（退役军人报考可不限专业）,1.0,62.0,60.4,63.36
2928,2023,160059,阜阳,太和县乡镇,乡镇管理,本科,不限,4.0,147.0,69.2,73.05
2929,2023,160060,阜阳,临泉县纪委监委,纪检监察,本科,计算机类、汉语言文学专业、法学专业、财务管理专业、会计学专业,2.0,71.0,70.15,72.25
2930,2023,160061,阜阳,临泉县委办公室,信息化建设,本科,计算机类,1.0,34.0,68.65,71.08
2931,2023,160062,阜阳,临泉县委办公室,行政管理,本科,中国语言文学类,1.0,20.0,68.5,69.4
2932,2023,160063,阜阳,临泉县委组织部,财务管理,本科,财务管理专业、财务会计教育专业、会计学专业,1.0,28.0,71.02,73.35
2933,2023,160064,阜阳,临泉县教育局,信息管理,本科,计算机类,1.0,49.0,70.49,77.24
2934,2023,160065,阜阳,临泉县教育局,教育管理,本科,教育学类、汉语言文学专业、人力资源管理专业,1.0,80.0,71.1,72.45
2935,2023,160066,阜阳,临泉县财政局,金融管理,本科,金融学类、经济与贸易类,1.0,51.0,73.9,75.5
2936,2023,160067,阜阳,临泉县财政局,财政管理,本科,财务管理专业、财政学专业、会计学专业,1.0,26.0,65.39,72.39
2937,2023,160068,阜阳,临泉县农业农村局,农业管理,本科,农学专业、植物保护专业、农业资源与环境专业、种子科学与工程专业,1.0,28.0,68.3,74.35
2938,2023,160069,阜阳,临泉县商务局,电子商务监管,本科,电子商务类、经济与贸易类、电子信息类、法学专业,1.0,60.0,72.35,72.5
2939,2023,160070,阜阳,临泉县商务局,经贸管理,本科,财务管理专业、会计学专业、财务会计教育专业,1.0,26.0,63.62,66.11
2940,2023,160071,阜阳,临泉县卫生健康委员会,卫生医疗监管,本科,预防医学专业、卫生监督专业、健康服务与管理专业、公共事业管理专业,2.0,45.0,68.45,76.1
2941,2023,160072,阜阳,临泉县卫生健康委员会,综合文字,本科,中国语言文学类,1.0,25.0,70.1,71.1
2942,2023,160073,阜阳,临泉县卫生健康委员会,卫生医疗监管,本科,不限,1.0,25.0,69.85,70.45
2943,2023,160074,阜阳,临泉县应急管理局,应急管理,本科,化学工程与工艺专业、化学工程与工业生物工程专业、化工安全工程专业,1.0,36.0,69.05,71.15
2944,2023,160075,阜阳,临泉县市场监督管理局,市场监管,本科,法学类,3.0,47.0,63.47,71.01
2945,2023,160076,阜阳,临泉县市场监督管理局,市场监管,本科,食品科学与工程专业、食品质量与安全专业、食品安全与检测专业,4.0,54.0,68.65,71.7
2946,2023,160077,阜阳,临泉县市场监督管理局,市场监管,本科,财务管理专业、会计学专业、审计学专业,2.0,39.0,61.54,72.28
2947,2023,160078,阜阳,临泉县市场监督管理局,市场监管,本科,中国语言文学类、新闻学专业,2.0,69.0,64.95,70.8
2948,2023,160079,阜阳,临泉县市场监督管理局,市场监管,本科,药学类、中药学类,3.0,54.0,63.45,71.3
2949,2023,160080,阜阳,临泉县市场监督管理局,市场监管,本科,机械类、药学类、中药学类、中国语言文学类、质量管理工程专业,5.0,93.0,65.9,71.0
2950,2023,160081,阜阳,临泉县市场监督管理局,市场监管,本科,金融学类、经济与贸易类、电子信息类、法学类、计算机类,4.0,129.0,66.6,72.6
2951,2023,160082,阜阳,临泉县市场监督管理局,市场监管,专科,不限,5.0,76.0,66.1,70.25
2952,2023,160083,阜阳,临泉县司法局,司法行政,本科,法学类,3.0,39.0,62.62,72.04
2953,2023,160084,阜阳,临泉县司法局,行政管理,本科,中国语言文学类、新闻传播学类,1.0,24.0,71.75,72.9
2954,2023,160085,阜阳,临泉县档案馆,档案管理,本科,软件工程专业、信息安全专业、网络工程专业、网络空间安全专业,1.0,17.0,67.53,75.93
2955,2023,160086,阜阳,临泉县机关事务管理服务中心,后勤保障,本科,不限,1.0,8.0,70.35,71.25
2956,2023,160087,阜阳,临泉县委党史和地方志研究室,党史编纂,本科,中国共产党历史专业、历史学专业、中国语言与文化专业,1.0,17.0,67.6,69.55
2957,2023,160088,阜阳,临泉县发改委县粮食发展事务中心,行政管理,本科,不限,1.0,17.0,68.15,69.6
2958,2023,160089,阜阳,临泉县应急管理局县应急救援指挥中心,应急管理,本科,抢险救援指挥与技术专业、消防工程专业、应急技术与管理专业、应急管理专业、安全防范工程专业、安全工程专业,1.0,18.0,61.85,66.8
2959,2023,160090,阜阳,临泉县街道,街道管理,专科,不限,2.0,294.0,71.2,75.95
2960,2023,160091,阜阳,临泉县街道,街道管理,本科,经济学类、金融学类、水利类、电子信息类、管理科学与工程类、建筑类、交通运输专业、交通工程专业、土地资源管理专业、土木工程专业、道路桥梁与渡河工程专业，土木、水利与交通工程专业,5.0,213.0,69.6,75.1
2961,2023,160092,阜阳,临泉县乡镇,乡镇管理,专科,不限,5.0,124.0,65.25,69.75
2962,2023,160093,阜阳,临泉县乡镇,乡镇管理,专科,不限,5.0,51.0,65.3,71.7
2963,2023,160094,阜阳,临泉县乡镇,乡镇管理,专科,不限,5.0,127.0,66.1,75.6
2964,2023,160095,阜阳,临泉县鲖城镇,人武专干,专科,人民武装专业（退役军人报考可不限专业）,1.0,23.0,58.25,60.16
2965,2023,160096,阜阳,临泉县乡镇,乡镇管理,专科,不限,4.0,197.0,66.75,73.25
2966,2023,160097,阜阳,临泉县乡镇,乡镇管理,专科,不限,5.0,235.0,68.0,74.3
2967,2023,160098,阜阳,临泉县庙岔镇,乡镇管理,高中（中专）,不限,1.0,0.0,,
2968,2023,160099,阜阳,阜南县纪委派驻纪检监察组,纪检监察,本科,法学类,2.0,13.0,65.49,68.75
2969,2023,160100,阜阳,阜南县纪委派驻纪检监察组,纪检监察,本科,财务管理专业、会计学专业、审计学专业,1.0,16.0,66.11,69.75
2970,2023,160101,阜阳,阜南县委组织部,组织工作,本科,理学门类、工学门类、经济学类、法学类,1.0,60.0,72.15,75.25
2971,2023,160102,阜阳,阜南县委巡察办公室,巡视巡察,本科,财务管理专业、会计学专业、审计学专业、统计学专业,1.0,17.0,66.6,69.58
2972,2023,160103,阜阳,阜南县委巡察办公室,巡视巡察,本科,不限,1.0,10.0,69.45,70.1
2973,2023,160104,阜阳,阜南县教育局,教育管理,本科,教育学类、心理学类、计算机类、电子信息类、马克思主义理论类,1.0,68.0,69.3,76.9
2974,2023,160105,阜阳,阜南县财政局,财政管理,本科,经济学门类,1.0,46.0,72.6,74.1
2975,2023,160106,阜阳,阜南县人力资源和社会保障局,行政管理,本科,计算机类、电子信息类、工商管理类、公共管理类,1.0,80.0,73.05,74.85
2976,2023,160107,阜阳,阜南县商务局,经贸管理,本科,理学门类、工学门类、工商管理类、金融学类,1.0,76.0,73.1,74.85
2977,2023,160108,阜阳,阜南县卫生健康委员会,卫生医疗监管,本科,基础医学类、公共卫生与预防医学类、药学类、医学技术类、护理学类、工商管理类,1.0,86.0,72.15,76.35
2978,2023,160109,阜阳,阜南县退役军人事务局,行政管理,本科,法学类、中国语言文学类,1.0,22.0,71.5,75.2
2979,2023,160110,阜阳,阜南县审计局,法规审理,本科,法学专业、会计学专业、审计学专业、统计学专业,1.0,48.0,67.05,69.85
2980,2023,160111,阜阳,阜南县市场监督管理局,市场监管,本科,法学类,1.0,8.0,61.94,63.01
2981,2023,160112,阜阳,阜南县市场监督管理局,市场监管,本科,食品科学与工程类、电子信息类、计算机类,2.0,115.0,68.4,70.5
2982,2023,160113,阜阳,阜南县市场监督管理局,市场监管,本科,不限,1.0,9.0,67.75,69.35
2983,2023,160114,阜阳,阜南县医疗保障局,医疗保障,本科,医疗保险专业、公共事业管理专业、劳动与社会保障专业、人力资源管理专业、药学专业、基础医学专业,1.0,35.0,73.1,73.45
2984,2023,160115,阜阳,阜南县乡村振兴局,乡村振兴,本科,农业经济管理类、金融学类、经济与贸易类、法学类、建筑类,1.0,32.0,70.1,71.3
2985,2023,160116,阜阳,阜南县水利局,水利建设,本科,水利类、管理科学与工程类、机械类、生物科学类,1.0,74.0,72.3,74.8
2986,2023,160117,阜阳,阜南县司法局,司法行政,本科,法学类,2.0,6.0,59.85,70.15
2987,2023,160118,阜阳,阜南县司法局,司法行政,本科,不限,1.0,13.0,67.95,69.15
2988,2023,160119,阜阳,阜南县委党史和地方志研究室,党史编纂,本科,汉语言文学专业、汉语言专业、历史学专业、公共事业管理专业、行政管理专业,1.0,25.0,66.65,73.2
2989,2023,160120,阜阳,阜南县档案馆,档案管理,本科,图书情报与档案管理类、管理科学与工程类、历史学类、信息与计算科学专业,1.0,48.0,70.9,71.8
2990,2023,160121,阜阳,阜南县委组织部县党员电化教育中心,党员电化教育,本科,电子信息类、新闻传播学类、影视摄影与制作专业、数字媒体技术专业,1.0,29.0,71.45,75.95
2991,2023,160122,阜阳,阜南县委讲师团,理论宣讲,本科,马克思主义理论类、哲学专业、历史学专业、汉语言文学专业、社会学专业,1.0,18.0,69.6,76.2
2992,2023,160123,阜阳,阜南县供销合作社联合社,行政管理,本科,经济学类、财务管理专业、会计学专业、审计学专业,1.0,23.0,66.35,70.77
2993,2023,160124,阜阳,阜南县住房和城乡建设局县房屋管理服务中心,项目管理,本科,安全科学与工程类、土木类、矿业类,1.0,50.0,70.75,74.55
2994,2023,160125,阜阳,阜南县财政局县国库集中支付中心,财政管理,本科,财政学类、金融学类、经济与贸易类,1.0,25.0,71.8,73.15
2995,2023,160126,阜阳,阜南县医疗保障局县医疗保障基金管理中心,医疗保障,本科,医疗保险专业、公共事业管理专业、行政管理专业、劳动与社会保障专业、药学专业、临床药学专业、基础医学专业、保险学专业,1.0,29.0,71.0,76.35
2996,2023,160127,阜阳,阜南县医疗保障局县医疗保障基金管理中心,财务管理,本科,经济学类、金融学类、经济与贸易类、会计学专业、财务管理专业,1.0,42.0,70.6,74.8
2997,2023,160128,阜阳,阜南县鹿城镇,乡镇管理,本科,金融学类、经济学类、经济与贸易类、统计学类,2.0,59.0,70.25,73.15
2998,2023,160129,阜阳,阜南县鹿城镇,乡镇管理,本科,工学门类、理学门类,3.0,83.0,68.8,73.95
2999,2023,160130,阜阳,阜南县乡镇,乡镇管理,本科,不限,6.0,37.0,65.0,74.1
3000,2023,160131,阜阳,阜南县乡镇,乡镇管理,本科,不限,6.0,119.0,66.85,75.2
3001,2023,160132,阜阳,阜南县乡镇,乡镇管理,本科,不限,5.0,111.0,68.35,73.0
3002,2023,160133,阜阳,阜南县乡镇,乡镇管理,专科,不限,5.0,70.0,65.0,74.55
3003,2023,160134,阜阳,阜南县乡镇,乡镇管理,专科,不限,6.0,303.0,66.9,73.05
3004,2023,160135,阜阳,阜南县乡镇,乡镇管理,专科,不限,7.0,385.0,67.7,74.25
3005,2023,160136,阜阳,阜南县张寨镇,人武专干,专科,人民武装专业（退役军人报考可不限专业）,1.0,26.0,62.57,66.92
3006,2023,160137,阜阳,阜南县洪河桥镇,人武专干,专科,不限,1.0,12.0,56.39,58.67
3007,2023,160138,阜阳,颍上县委组织部,组织工作,本科,理学门类、文学门类、工学门类、管理学门类、经济学门类、农学门类、法学门类,2.0,85.0,70.85,72.25
3008,2023,160139,阜阳,颍上县人民政府办公室,综合文字,本科,经济学类、法学类、中国语言文学类,1.0,21.0,73.4,75.05
3009,2023,160140,阜阳,颍上县发展和改革委员会,产业管理,本科,机械设计制造及其自动化专业、机械电子工程专业、会计学专业,1.0,39.0,67.15,70.8
3010,2023,160141,阜阳,颍上县发展和改革委员会,商务发展,本科,电子商务类,1.0,41.0,66.7,69.6
3011,2023,160142,阜阳,颍上县发展和改革委员会,粮食安全监管,本科,粮食工程专业、食品质量与安全专业、食品安全与检测专业,1.0,13.0,69.85,72.25
3012,2023,160143,阜阳,颍上县财政局,财务管理,本科,财政学类、经济学类、金融学类、工商管理类,1.0,46.0,70.85,75.05
3013,2023,160144,阜阳,颍上县司法局,司法行政,本科,法学类,3.0,30.0,63.86,71.2
3014,2023,160145,阜阳,颍上县司法局,司法行政,本科,法学类,2.0,18.0,64.53,69.05
3015,2023,160146,阜阳,颍上县司法局,财务管理,本科,财务管理专业、会计学专业、审计学专业,1.0,16.0,66.53,69.94
3016,2023,160147,阜阳,颍上县市场监督管理局,市场监管,本科,法学类,1.0,13.0,58.42,64.38
3017,2023,160148,阜阳,颍上县市场监督管理局,市场监管,本科,电子商务专业、行政管理专业、公共事业管理专业、工商管理专业,1.0,41.0,68.55,71.5
3018,2023,160149,阜阳,颍上县市场监督管理局,市场监管,专科,机械类,2.0,104.0,67.55,71.55
3019,2023,160150,阜阳,颍上县市场监督管理局,市场监管,本科,食品科学与工程类,1.0,14.0,69.15,70.8
3020,2023,160151,阜阳,颍上县市场监督管理局,市场监管,本科,医学门类,1.0,33.0,67.55,72.35
3021,2023,160152,阜阳,颍上县市场监督管理局,综合文字,本科,不限,1.0,10.0,65.95,72.35
3022,2023,160153,阜阳,颍上县市场监督管理局,财务管理,本科,财务管理专业、会计学专业、财务会计教育专业、财政学专业,1.0,19.0,65.19,71.39
3023,2023,160154,阜阳,颍上县应急管理局,应急管理,本科,抢险救援指挥与技术专业、消防工程专业、应急技术与管理专业、应急管理专业、化工安全工程专业,1.0,7.0,55.15,76.95
3024,2023,160155,阜阳,颍上县自然资源和规划局,财务管理,本科,财务管理专业、财务会计教育专业、会计学专业、审计学专业,1.0,13.0,67.75,75.33
3025,2023,160156,阜阳,颍上县科学技术协会,财务管理,本科,财务管理专业、会计学专业、审计学专业,1.0,19.0,65.98,71.09
3026,2023,160157,阜阳,颍上县档案馆,档案管理,本科,图书情报与档案管理类、历史学类、中国语言文学类,1.0,23.0,71.7,74.6
3027,2023,160158,阜阳,颍上县档案馆,信息化管理,本科,计算机类、电子信息工程专业,1.0,42.0,69.3,72.35
3028,2023,160159,阜阳,颍上县委编办县事业单位登记管理中心,事业单位登记,本科,理学门类、文学门类、工学门类、管理学门类、经济学门类、农学门类、法学门类,1.0,92.0,70.6,71.6
3029,2023,160160,阜阳,颍上县委宣传部县委讲师组,理论宣传,本科,中国语言文学类、马克思主义理论类,1.0,14.0,69.25,70.65
3030,2023,160161,阜阳,颍上县供销合作社联合社,综合文字,本科,金融学类、中国语言文学类,1.0,23.0,70.35,72.5
3031,2023,160162,阜阳,颍上县住房和城乡建设局县房屋管理事务中心,市政管理,本科,城市管理专业、土木工程专业、给排水科学与工程专业、建筑环境与能源应用工程、城乡规划、城市设计、工程管理、房地产开发与管理、工程造价,2.0,98.0,69.5,77.7
3032,2023,160163,阜阳,颍上县财政局县预算评估中心,财务管理,本科,财政学类、金融学类、会计学专业、财务管理专业,1.0,38.0,70.15,70.55
3033,2023,160164,阜阳,颍上县医疗保障局县医疗保障基金管理中心,财务管理,本科,工商管理类,1.0,46.0,71.6,72.95
3034,2023,160165,阜阳,颍上县医疗保障局县医疗保障基金管理中心,基金管理,本科,金融学类,1.0,24.0,69.85,72.9
3035,2023,160166,阜阳,颍上县医疗保障局县医疗保障基金管理中心,综合文字,本科,不限,1.0,7.0,66.95,76.3
3036,2023,160167,阜阳,颍上县医疗保障局县医疗保障基金管理中心,医保基金稽核,本科,医学门类,1.0,29.0,68.35,71.65
3037,2023,160168,阜阳,颍上县医疗保障局县医疗保障基金管理中心,信息化管理,本科,电子信息类、计算机类,1.0,46.0,70.7,76.65
3038,2023,160169,阜阳,颍上县医疗保障局县医疗保障基金管理中心,涉法事务,本科,法学类,1.0,10.0,65.08,67.16
3039,2023,160170,阜阳,颍上县乡镇,乡镇管理,专科,不限,6.0,183.0,67.0,74.35
3040,2023,160171,阜阳,颍上县乡镇,乡镇管理,专科,不限,6.0,184.0,69.35,73.65
3041,2023,160172,阜阳,颍上县乡镇,乡镇管理,专科,不限,7.0,200.0,67.4,75.2
3042,2023,160173,阜阳,颍上县乡镇,乡镇管理,专科,不限,7.0,46.0,62.95,76.8
3043,2023,160174,阜阳,颍上县乡镇,乡镇管理,专科,不限,7.0,45.0,63.65,74.6
3044,2023,160175,阜阳,颍上县乡镇,乡镇管理,专科,不限,5.0,117.0,66.55,76.35
3045,2023,160176,阜阳,颍上县乡镇,乡镇管理,专科,不限,5.0,108.0,65.35,74.9
3046,2023,160177,阜阳,颍上县乡镇,乡镇管理,专科,不限,5.0,112.0,67.05,78.1
3047,2023,160178,阜阳,颍上县乡镇,乡镇管理,专科,不限,7.0,246.0,67.45,74.1
3048,2023,160179,阜阳,颍上县乡镇,乡镇管理,专科,不限,7.0,234.0,69.7,74.35
3049,2023,160180,阜阳,颍上县江口镇,人武专干,专科,人民武装专业（退役军人报考可不限专业）,1.0,33.0,60.41,65.74
3050,2023,160181,阜阳,颍上县垂岗乡,人武专干,专科,不限,1.0,10.0,58.16,64.47
3051,2023,160182,阜阳,颍上县谢桥镇,乡镇管理,高中（中专）,不限,1.0,0.0,,
3052,2023,160183,阜阳,颍州区人民检察院,检察官助理,本科,法学类（不含特设专业）,1.0,12.0,68.45,70.2
3053,2023,160184,阜阳,颍州区人民检察院,司法行政人员,本科,不限,1.0,25.0,73.35,78.4
3054,2023,160185,阜阳,颍泉区人民检察院,检察官助理,本科,法学类（不含特设专业）,1.0,6.0,68.95,74.75
3055,2023,160186,阜阳,颍泉区人民检察院,司法行政人员,本科,不限,1.0,26.0,71.2,74.2
3056,2023,160187,阜阳,太和县人民检察院,检察官助理,本科,法学类（不含特设专业）,3.0,22.0,65.35,71.2
3057,2023,160188,阜阳,太和县人民检察院,司法行政人员,本科,不限,1.0,24.0,72.8,77.0
3058,2023,160189,阜阳,太和县人民检察院,司法行政人员,本科,财务管理专业、会计学专业、审计学专业,1.0,30.0,71.15,75.21
3059,2023,160190,阜阳,临泉县人民检察院,检察官助理,本科,法学类（不含特设专业）,2.0,10.0,63.8,72.8
3060,2023,160191,阜阳,临泉县人民检察院,检察官助理,本科,法学类（不含特设专业）,2.0,11.0,62.5,68.9
3061,2023,160192,阜阳,临泉县人民检察院,检察官助理,本科,法学类（不含特设专业）,1.0,9.0,63.65,67.65
3062,2023,160193,阜阳,阜南县人民检察院,检察官助理,本科,法学类（不含特设专业）,1.0,5.0,63.25,70.35
3063,2023,160194,阜阳,阜南县人民检察院,检察官助理,本科,法学类（不含特设专业）,1.0,4.0,63.0,68.6
3064,2023,160195,阜阳,阜南县人民检察院,检察官助理,本科,法学类（不含特设专业）,1.0,3.0,65.2,71.5
3065,2023,160196,阜阳,阜南县人民检察院,司法行政人员,本科,中国语言文学类,1.0,21.0,69.1,70.15
3066,2023,160197,阜阳,颍上县人民检察院,检察官助理,本科,法学类（不含特设专业）,2.0,7.0,63.6,67.75
3067,2023,160198,阜阳,颍上县人民检察院,检察官助理,本科,法学类（不含特设专业）,1.0,1.0,56.8,59.65
3068,2023,160199,阜阳,颍上县人民检察院,检察官助理,本科,法学类（不含特设专业）,2.0,7.0,65.3,74.05
3069,2023,160200,阜阳,颍上县人民检察院,司法行政人员,本科,计算机类,1.0,27.0,69.2,70.45
3070,2023,160201,阜阳,阜阳市中级人民法院,法官助理,本科,法学类,4.0,49.0,71.3,76.7
3071,2023,160202,阜阳,阜阳市中级人民法院,司法警察,本科,不限,2.0,86.0,69.75,72.95
3072,2023,160203,阜阳,颍泉区人民法院,司法行政人员,本科,中国语言文学类,1.0,32.0,72.1,74.7
3073,2023,160204,阜阳,颍泉区人民法院,法官助理,本科,法学类,4.0,26.0,67.75,75.45
3074,2023,160205,阜阳,颍东区人民法院,法官助理1,本科,法学类,2.0,12.0,70.15,75.95
3075,2023,160206,阜阳,颍东区人民法院,法官助理2,本科,法学类,1.0,5.0,62.15,67.6
3076,2023,160207,阜阳,界首市人民法院,法官助理,本科,法学类,2.0,8.0,66.85,73.7
3077,2023,160208,阜阳,太和县人民法院,司法行政人员,本科,计算机类,1.0,37.0,68.54,70.27
3078,2023,160209,阜阳,太和县人民法院,司法行政人员,本科,新闻传播学类,1.0,37.0,71.95,73.3
3079,2023,160210,阜阳,太和县人民法院,司法行政人员,本科,中国语言文学类,2.0,45.0,70.35,73.45
3080,2023,160211,阜阳,太和县人民法院,司法警察,本科,不限,1.0,31.0,68.25,71.85
3081,2023,160212,阜阳,太和县人民法院,司法警察,本科,不限,1.0,7.0,64.6,69.1
3082,2023,160213,阜阳,太和县人民法院,司法警察,本科,不限,1.0,28.0,69.15,70.5
3083,2023,160214,阜阳,太和县人民法院,法官助理,本科,法学类,1.0,1.0,64.9,75.45
3084,2023,160215,阜阳,临泉县人民法院,法官助理,本科,法学类,1.0,3.0,65.5,67.95
3085,2023,160216,阜阳,临泉县人民法院,法官助理,本科,法学类,1.0,2.0,59.6,68.6
3086,2023,160217,阜阳,阜南县人民法院,法官助理1,本科,法学类,3.0,9.0,65.85,75.75
3087,2023,160218,阜阳,阜南县人民法院,法官助理2,本科,法学类,2.0,3.0,63.75,72.6
3088,2023,160219,阜阳,阜南县人民法院,司法行政人员,本科,不限,1.0,8.0,70.75,71.85
3089,2023,160220,阜阳,颍上县人民法院,法官助理,本科,法学类,4.0,11.0,63.25,68.75
3090,2023,160221,阜阳,颍上县人民法院,法官助理,本科,法学类,2.0,1.0,67.75,70.65
3091,2023,160222,阜阳,颍上县人民法院,司法行政人员,本科,不限,1.0,11.0,68.35,70.2
3092,2023,160223,阜阳,阜阳市公安局,人民警察,本科,不限,5.0,160.0,69.29,73.18
3093,2023,160224,阜阳,阜阳市公安局,人民警察,本科,不限,3.0,87.0,69.12,73.02
3094,2023,160225,阜阳,阜阳市公安局,人民警察,本科,法学类（不含特设专业）,3.0,25.0,63.09,69.6
3095,2023,160226,阜阳,阜阳市公安局,网络安全管理★,本科,软件工程专业、网络工程专业、信息安全专业,3.0,43.0,68.95,75.39
3096,2023,160227,阜阳,阜阳市公安局,人民警察,本科,财务管理专业、会计学专业、审计学专业,3.0,48.0,62.88,71.03
3097,2023,160228,阜阳,阜阳市公安局,人民警察,本科,马克思主义理论类、新闻学专业、汉语言文学专业、影视摄影与制作专业、网络与新媒体专业,3.0,47.0,66.17,71.04
3098,2023,160229,阜阳,阜南县公安局,人民警察,专科,研究生专业：公安学、公安技术一级学科下的各研究方向；本科专业：侦查学、治安学、交通管理工程、刑事科学技术、网络安全与执法、警务指挥与战术；专科专业：刑事侦查、治安管理、交通管理、刑事科学技术、信息网络安全监察、警察指挥与战术、特警,6.0,34.0,59.55,68.64
3099,2023,160230,阜阳,阜南县公安局,人民警察,本科,不限,3.0,74.0,68.4,74.2
3100,2023,160231,阜阳,阜南县公安局,人民警察,本科,不限,1.0,8.0,64.6,69.95
3101,2023,160232,阜阳,太和县公安局,网络安全管理★,本科,软件工程专业、网络空间安全专业、计算机科学与技术专业,2.0,23.0,63.56,70.16
3102,2023,160233,阜阳,太和县公安局,网络安全管理★,本科,计算机类（不含特设专业）,1.0,12.0,63.41,68.26
3103,2023,160234,阜阳,太和县公安局,人民警察,本科,法学类（不含特设专业）,1.0,4.0,61.82,63.61
3104,2023,160235,阜阳,太和县公安局,人民警察,本科,不限,1.0,6.0,62.62,65.23
3105,2023,160236,阜阳,临泉县公安局,人民警察,本科,新闻学专业、编辑出版学专业、网络与新媒体专业、影视摄影与制作专业、戏剧影视文学专业,1.0,7.0,63.68,68.94
3106,2023,160237,阜阳,临泉县公安局,人民警察,本科,汉语言文学专业、汉语言专业、秘书学专业,1.0,5.0,61.99,63.77
3107,2023,160238,阜阳,临泉县公安局,人民警察,本科,法学类（不含特设专业）,1.0,4.0,63.92,66.82
3108,2023,160239,阜阳,临泉县公安局,人民警察,本科,临床医学专业、生物工程专业、基础医学专业、医学检验技术专业、法医学专业,1.0,5.0,64.03,66.41
3109,2023,160240,阜阳,临泉县公安局,人民警察,本科,财务管理专业、会计学专业、审计学专业,1.0,8.0,60.11,66.97
3110,2023,160241,阜阳,临泉县公安局,网络安全管理★,本科,软件工程专业、网络工程专业、信息安全专业,1.0,10.0,63.81,65.13
3111,2023,160242,阜阳,临泉县公安局,人民警察,本科,不限,1.0,5.0,59.46,70.73
3112,2023,160243,阜阳,临泉县公安局,特警,本科,体育教育专业、运动训练专业、武术与民族传统体育专业,1.0,11.0,50.02,63.6
3113,2023,160244,阜阳,颍上县公安局,网络安全管理★,本科,软件工程专业、网络工程专业、计算机科学与技术专业,1.0,9.0,69.5,72.34
3114,2023,160245,阜阳,颍上县公安局,人民警察,本科,法学类（不含特设专业）,3.0,10.0,49.29,66.75
3115,2023,160246,阜阳,颍上县公安局,人民警察,本科,不限,1.0,8.0,63.78,65.38
3116,2023,160247,阜阳,颍上县公安局,特警,本科,体育教育专业、运动训练专业、武术与民族传统体育专业,1.0,11.0,52.62,54.19
3117,2023,100001,马鞍山,市纪委监委派驻纪检监察组,监督执纪,本科,不限,1.0,110.0,74.45,75.1
3118,2023,100002,马鞍山,市纪委监委派驻纪检监察组,监督执纪,本科,不限,1.0,7.0,65.05,68.55
3119,2023,100003,马鞍山,市委老干部局,综合文字,本科,中国语言文学类、新闻传播学类,1.0,62.0,73.4,77.5
3120,2023,100004,马鞍山,市人大常委会办公室,综合文字,本科,不限,1.0,3.0,72.0,78.7
3121,2023,100005,马鞍山,市政协机关,综合文字,本科,文学门类、经济学门类、法学门类,1.0,112.0,74.1,74.55
3122,2023,100006,马鞍山,市总工会,信息管理,本科,计算机类、电子信息类,1.0,56.0,73.72,75.87
3123,2023,100007,马鞍山,市总工会,综合文字,本科,中国语言文学类、新闻传播学类,1.0,61.0,73.55,76.45
3124,2023,100008,马鞍山,市科协,综合文字,本科,不限,1.0,349.0,74.65,76.05
3125,2023,100009,马鞍山,民革市委,行政管理,本科,不限,1.0,9.0,69.1,72.15
3126,2023,100010,马鞍山,市发展改革委,行政管理,本科,工学门类、理学门类、法学门类、经济学门类,1.0,119.0,74.05,78.75
3127,2023,100011,马鞍山,市经济和信息化局,工业经济信息化,本科,经济学类,1.0,64.0,73.7,75.25
3128,2023,100012,马鞍山,市经济和信息化局,工业经济信息化,本科,计算机类、电子信息类,1.0,54.0,72.94,76.38
3129,2023,100013,马鞍山,市财政局（国资委）,财政管理,本科,经济学类、财政学类、金融学类、会计学专业、会计专业、财务管理专业,1.0,133.0,75.15,78.85
3130,2023,100014,马鞍山,市财政局（国资委）,项目管理,本科,土木类、水利类、建筑类、工程造价专业、工程管理专业,1.0,106.0,74.1,79.5
3131,2023,100015,马鞍山,市财政局（国资委）,行政管理,本科,不限,1.0,4.0,71.6,72.5
3132,2023,100016,马鞍山,市自然资源和规划局,资产管理,本科,公共事业管理专业、资产评估专业、会计学专业、会计专业,1.0,111.0,75.25,76.2
3133,2023,100017,马鞍山,市自然资源和规划局,建设规划,本科,建筑学专业、城乡规划专业、道路桥梁与渡河工程专业,1.0,42.0,72.3,75.85
3134,2023,100018,马鞍山,市生态环境局和县生态环境分局,生态环境管理,本科,化学类、化工与制药类、环境科学与工程类、经济学类（不含特设专业）,2.0,72.0,71.9,77.75
3135,2023,100019,马鞍山,市生态环境局花山区生态环境分局,生态环境管理,本科,化学类、化工与制药类、环境科学与工程类,1.0,78.0,72.9,75.1
3136,2023,100020,马鞍山,市住建局,信息管理,本科,计算机类、电子信息类,1.0,52.0,70.62,73.0
3137,2023,100021,马鞍山,市住建局,财务管理,本科,会计学专业、会计专业、审计学专业、审计专业、财务管理专业,1.0,44.0,70.33,74.15
3138,2023,100022,马鞍山,市农业农村局,综合文字,本科,中国语言文学类、新闻传播学类,1.0,45.0,72.7,74.7
3139,2023,100023,马鞍山,市农业农村局,农业管理,本科,工商管理类、农业经济管理类,1.0,174.0,73.7,76.05
3140,2023,100024,马鞍山,市卫生健康委,卫健管理,本科,临床医学类,1.0,46.0,68.85,71.5
3141,2023,100025,马鞍山,市应急管理局,应急管理,本科,水利类、林业工程类,1.0,21.0,72.2,73.8
3142,2023,100026,马鞍山,市审计局,审计,本科,会计学专业、会计专业、审计学专业、审计专业、财务管理专业,1.0,49.0,71.25,72.24
3143,2023,100027,马鞍山,市审计局,审计,本科,财政学专业、税收学专业、金融学专业、经济与金融专业,1.0,36.0,68.0,69.58
3144,2023,100028,马鞍山,市审计局,审计,本科,土木类、工程造价专业,1.0,54.0,72.55,74.4
3145,2023,100029,马鞍山,市审计局,审计,本科,计算机类、电子信息类,1.0,37.0,72.74,72.93
3146,2023,100030,马鞍山,市城市管理局,项目建设管理,本科,城市管理专业、工程管理专业、土木工程专业,1.0,50.0,72.8,73.95
3147,2023,100031,马鞍山,宁马省际毗邻地区新型功能区管委会,城乡规划,本科,土木类、建筑类、工程管理专业,2.0,111.0,72.55,77.05
3148,2023,100032,马鞍山,宁马省际毗邻地区新型功能区管委会,综合文字,本科,中国语言文学类、新闻传播学类、历史学类、经济学类,1.0,43.0,71.7,72.9
3149,2023,100033,马鞍山,市委党校,综合文字,本科,中国语言文学类、新闻传播学类、行政管理专业,1.0,77.0,74.7,77.7
3150,2023,100034,马鞍山,市红十字会,行政管理,本科,不限,1.0,126.0,72.5,73.8
3151,2023,100035,马鞍山,市机关事务管理中心,财务管理,本科,会计学专业、会计专业、财务管理专业,1.0,98.0,73.15,73.5
3152,2023,100036,马鞍山,市生态环境局花山区生态环境保护综合行政执法大队,环境执法,本科,化学类、化工与制药类、环境科学与工程类、电子信息类（不含特设专业）,1.0,51.0,70.5,75.45
3153,2023,100037,马鞍山,市生态环境局雨山区生态环境保护综合行政执法大队,环境执法,本科,化学类、化工与制药类、环境科学与工程类,1.0,55.0,69.9,72.45
3154,2023,100038,马鞍山,含山县纪委监委机关,执纪审查,本科,法学类,1.0,6.0,62.39,66.58
3155,2023,100039,马鞍山,含山县纪委监委机关,行政管理,本科,中国语言文学类,1.0,11.0,68.85,70.65
3156,2023,100040,马鞍山,含山县纪委监委机关,行政管理,本科,经济学类,1.0,19.0,69.6,72.65
3157,2023,100041,马鞍山,含山县纪委监委机关,财务管理,本科,会计学专业、会计专业、审计学专业、审计专业,1.0,25.0,67.95,73.62
3158,2023,100042,马鞍山,含山县委办公室,综合文字,本科,不限,1.0,54.0,70.9,72.3
3159,2023,100043,马鞍山,含山县委编办,行政管理,本科,不限,1.0,68.0,72.6,76.45
3160,2023,100044,马鞍山,含山县工商联机关,行政管理,专科,不限,1.0,67.0,70.15,76.05
3161,2023,100045,马鞍山,含山县发改委,外贸管理,本科,英语专业、法学专业、新闻学专业,1.0,103.0,71.05,74.15
3162,2023,100046,马鞍山,含山县发改委,行政管理,本科,不限,1.0,60.0,71.05,74.9
3163,2023,100047,马鞍山,含山县科技局,经济管理,本科,管理学门类、经济学类,1.0,52.0,70.2,71.85
3164,2023,100048,马鞍山,含山县经济和信息化局,经济管理,本科,经济学门类、管理学门类,1.0,105.0,73.15,77.7
3165,2023,100049,马鞍山,含山县经济和信息化局,经济管理,本科,经济学门类、管理学门类,1.0,53.0,74.95,75.85
3166,2023,100050,马鞍山,含山县财政局,金融管理,本科,会计学专业、会计专业、金融学专业、财政学专业,1.0,18.0,60.87,67.91
3167,2023,100051,马鞍山,含山县自然资源和规划局,土地管理,本科,土地资源管理专业、城乡规划专业、人文地理与城乡规划专业、风景园林专业、地质工程专业,1.0,37.0,74.85,76.4
3168,2023,100052,马鞍山,含山县住建局,房地产管理,专科,房地产类、城市轨道交通类,1.0,28.0,68.15,72.0
3169,2023,100053,马鞍山,含山县农业农村局,农业管理,本科,农学门类、农业经济管理类,1.0,40.0,69.1,70.65
3170,2023,100054,马鞍山,含山县农业农村局,农业管理,本科,农学门类、农业经济管理类,1.0,30.0,73.1,80.2
3171,2023,100055,马鞍山,含山县水利局,综合文字,本科,中国语言文学类,1.0,16.0,72.2,73.7
3172,2023,100056,马鞍山,含山县卫生健康委,医疗管理,本科,临床医学类,1.0,16.0,65.05,65.5
3173,2023,100057,马鞍山,含山县卫生健康委,综合文字,本科,不限,1.0,18.0,65.75,69.25
3174,2023,100058,马鞍山,含山县卫生健康委,财务管理,本科,会计学专业、会计专业、审计学专业、审计专业、财务管理专业,1.0,28.0,68.54,72.0
3175,2023,100059,马鞍山,含山县应急管理局,安全监管,本科,安全工程专业、采矿工程专业、电气工程及其自动化专业,1.0,32.0,71.9,74.2
3176,2023,100060,马鞍山,含山县市场监督管理局,市场监管,本科,法学类,1.0,4.0,62.75,65.89
3177,2023,100061,马鞍山,含山县市场监督管理局,食品安全监管,本科,食品科学与工程类,1.0,18.0,67.35,70.05
3178,2023,100062,马鞍山,含山县市场监督管理局,市场监管,本科,计算机类、电子信息类,1.0,22.0,63.83,72.52
3179,2023,100063,马鞍山,含山县市场监督管理局,药品市场监管,本科,药学类,1.0,16.0,67.75,69.0
3180,2023,100064,马鞍山,含山县市场监督管理局,特种设备监管,本科,机械类、自动化类,1.0,31.0,66.0,67.65
3181,2023,100065,马鞍山,含山县市场监督管理局,市场监管,本科,俄语专业、法语专业、日语专业,1.0,68.0,70.85,72.4
3182,2023,100066,马鞍山,含山县市场监督管理局,市场监管,本科,化学类,1.0,25.0,68.35,70.15
3183,2023,100067,马鞍山,含山县市场监督管理局,财务管理,本科,会计学专业、会计专业、审计学专业、审计专业、财务管理专业,1.0,14.0,59.37,60.29
3184,2023,100068,马鞍山,含山县城市管理局,信息管理,本科,计算机类、电子信息类,1.0,18.0,70.03,73.47
3185,2023,100069,马鞍山,含山县城市管理局,法制审核,本科,法学类,1.0,0.0,59.4,59.4
3186,2023,100070,马鞍山,含山县信访局,行政管理,本科,不限,1.0,51.0,71.95,74.0
3187,2023,100071,马鞍山,含山县数据资源管理局,大数据管理,本科,计算机类、电子信息类,1.0,19.0,71.17,71.3
3188,2023,100072,马鞍山,含山县公共资源交易监督管理局,工程管理,本科,土木类,1.0,29.0,71.6,74.55
3189,2023,100073,马鞍山,含山县公共资源交易监督管理局,法律审核,本科,法学门类,1.0,11.0,55.4,60.9
3190,2023,100074,马鞍山,含山县司法局,司法助理,本科,法学类,2.0,6.0,60.55,65.9
3191,2023,100075,马鞍山,和县县委办公室,综合文字,本科,中国语言文学类,1.0,12.0,70.9,73.0
3192,2023,100076,马鞍山,和县纪委监委机关,信息技术,本科,计算机类、电子信息类,1.0,17.0,68.78,70.53
3193,2023,100077,马鞍山,和县县直机关工委,综合文字,本科,中国语言文学类、新闻传播学类、政治学类,1.0,18.0,71.5,72.55
3194,2023,100078,马鞍山,和县总工会,工会事务管理,本科,不限,1.0,3.0,67.1,70.7
3195,2023,100079,马鞍山,和县教育局,教育管理,本科,不限,1.0,5.0,61.35,66.1
3196,2023,100080,马鞍山,和县科技局,科技管理,本科,理学门类、工学门类,1.0,67.0,71.3,73.4
3197,2023,100081,马鞍山,和县经济和信息化局,项目管理,本科,经济与贸易类、计算机类、电子信息类,1.0,87.0,73.05,74.35
3198,2023,100082,马鞍山,和县交通运输局,综合文字,本科,中国语言文学类、法学类,1.0,15.0,69.75,70.35
3199,2023,100083,马鞍山,和县水利局,财务管理,本科,会计学专业、会计专业、审计学专业、审计专业、财务管理专业,1.0,47.0,73.15,73.4
3200,2023,100084,马鞍山,和县水利局,水利管理,本科,水利类,1.0,20.0,69.05,71.25
3201,2023,100085,马鞍山,和县市场监督管理局,特种设备监管,本科,自动化类、机械类,2.0,79.0,70.65,73.85
3202,2023,100086,马鞍山,和县市场监督管理局,市场监管,本科,法学门类,1.0,2.0,58.7,67.4
3203,2023,100087,马鞍山,和县市场监督管理局,市场监管,本科,法学门类,1.0,10.0,59.61,63.59
3204,2023,100088,马鞍山,和县市场监督管理局,食药品监管,本科,食品科学与工程类、药学类,1.0,18.0,67.7,74.9
3205,2023,100089,马鞍山,和县市场监督管理局,市场监管,本科,不限,1.0,1.0,,
3206,2023,100090,马鞍山,和县城市管理局,综合文字,本科,中国语言文学类、新闻传播学类、政治学类,1.0,23.0,71.4,76.0
3207,2023,100091,马鞍山,和县司法局,司法助理,本科,法学门类,2.0,4.0,63.6,66.45
3208,2023,100092,马鞍山,当涂县纪委监委机关,执纪审查,本科,法学类,2.0,11.0,60.97,66.66
3209,2023,100093,马鞍山,当涂县纪委监委机关,执纪审查,本科,工程管理专业、工程造价专业、工程审计专业,1.0,25.0,71.5,72.2
3210,2023,100094,马鞍山,当涂县纪委监委机关,执纪审查,本科,审计学专业、审计专业、财务管理专业、财政学专业、金融学专业,1.0,25.0,73.05,75.8
3211,2023,100095,马鞍山,当涂县纪委监委派驻纪检监察组,执纪审查,本科,不限,1.0,73.0,72.35,73.6
3212,2023,100096,马鞍山,当涂县纪委监委派驻纪检监察组,执纪审查,本科,不限,1.0,59.0,71.05,73.6
3213,2023,100097,马鞍山,当涂县市场监督管理局,食品卫生监管,本科,公共卫生与预防医学类,1.0,17.0,65.4,69.4
3214,2023,100098,马鞍山,当涂县市场监督管理局,食品安全监管,本科,食品科学与工程类,2.0,48.0,67.6,70.25
3215,2023,100099,马鞍山,当涂县市场监督管理局,市场监管,本科,不限,1.0,2.0,63.05,65.4
3216,2023,100100,马鞍山,当涂县市场监督管理局,特种设备监管,本科,机械类、电气类,1.0,68.0,70.35,72.0
3217,2023,100101,马鞍山,当涂县市场监督管理局,知识产权监管,本科,法学类,2.0,15.0,63.36,67.62
3218,2023,100102,马鞍山,当涂县农业农村局,财务管理,本科,经济学专业、会计学专业、会计专业、财务管理专业,1.0,34.0,71.33,72.72
3219,2023,100103,马鞍山,当涂县卫生健康委,疾病预防控制,本科,医学门类,1.0,70.0,70.4,75.2
3220,2023,100104,马鞍山,当涂县司法局,司法助理,本科,法学类、计算机类、电子信息类、中国语言文学类、会计学专业、会计专业、审计学专业、审计专业、财务管理专业,1.0,103.0,71.05,71.95
3221,2023,100105,马鞍山,当涂县司法局,司法助理,本科,不限,1.0,97.0,71.2,72.25
3222,2023,100106,马鞍山,花山区纪委监委机关,执纪审查,本科,法学类(不含特设专业）,2.0,15.0,63.07,72.85
3223,2023,100107,马鞍山,花山区应急管理局,应急管理,本科,安全科学与工程类、法学类,1.0,18.0,67.3,73.55
3224,2023,100108,马鞍山,花山区市场监督管理局,食药品监管,本科,食品科学与工程类、药学类,2.0,90.0,69.85,72.15
3225,2023,100109,马鞍山,花山区市场监督管理局,特种设备监管,本科,机械类、自动化类,1.0,81.0,68.35,71.45
3226,2023,100110,马鞍山,花山区市场监督管理局,市场监管,本科,计算机类、电子信息类,1.0,52.0,67.3,68.45
3227,2023,100111,马鞍山,花山区市场监督管理局,市场监管,本科,法学类(不含特设专业）,1.0,12.0,63.59,67.6
3228,2023,100112,马鞍山,和县档案馆,档案管理,本科,图书情报与档案管理类,1.0,16.0,71.6,76.85
3229,2023,100113,马鞍山,和县机关事务管理中心,财务管理,本科,会计学专业、会计专业、审计学专业、审计专业、财务管理专业,1.0,19.0,65.7,67.65
3230,2023,100114,马鞍山,和县投资促进中心,招商管理,本科,金融学类、电子商务类,1.0,38.0,70.8,72.05
3231,2023,100115,马鞍山,花山区投资促进中心,招商管理,本科,经济学门类,1.0,28.0,70.5,73.05
3232,2023,100116,马鞍山,花山区非税收入管理中心,财政管理,本科,经济学类、财政学类、金融学类,1.0,87.0,72.55,74.85
3233,2023,100117,马鞍山,花山区非税收入管理中心,行政管理,本科,不限,1.0,12.0,64.6,68.75
3234,2023,100118,马鞍山,含山县环峰镇机关,经济管理,本科,农学门类、经济学类、公共管理类、管理科学与工程类,1.0,31.0,67.65,69.75
3235,2023,100119,马鞍山,含山县林头镇机关,建筑管理,本科,土木类、水利类、建筑类、机械类,1.0,21.0,72.55,73.6
3236,2023,100120,马鞍山,含山县运漕镇机关,财务管理,本科,会计学专业、会计专业、财务管理专业,1.0,7.0,60.46,70.81
3237,2023,100121,马鞍山,含山县仙踪镇机关,建筑管理,本科,土木类、建筑类,1.0,17.0,68.95,70.65
3238,2023,100122,马鞍山,含山县仙踪镇机关,信息管理,本科,计算机类、电子信息类,1.0,36.0,72.15,75.6
3239,2023,100123,马鞍山,含山县陶厂镇机关,行政管理,本科,中国语言文学类、新闻传播学类,1.0,16.0,67.15,72.6
3240,2023,100124,马鞍山,含山县陶厂镇机关,旅游管理,本科,旅游管理类,1.0,52.0,71.8,78.4
3241,2023,100125,马鞍山,含山县铜闸镇机关,信息化管理,本科,计算机类、电子信息类,1.0,21.0,68.24,74.29
3242,2023,100126,马鞍山,含山县陶厂镇机关,人武专干,专科,人民武装专业（退役军人报考可不限专业）,1.0,28.0,61.17,67.82
3243,2023,100127,马鞍山,含山县乡镇机关,行政管理,专科,不限,5.0,417.0,70.5,75.0
3244,2023,100128,马鞍山,含山县乡镇机关,行政管理,专科,不限,5.0,13.0,48.25,69.65
3245,2023,100129,马鞍山,含山县乡镇机关,行政管理,专科,不限,4.0,5.0,56.35,67.7
3246,2023,100130,马鞍山,和县历阳镇机关,建设管理,本科,土木类、建筑类,1.0,20.0,66.75,68.05
3247,2023,100131,马鞍山,和县历阳镇机关,经济管理,本科,金融学类、工商管理类、计算机类、电子信息类,1.0,48.0,73.3,80.65
3248,2023,100132,马鞍山,和县功桥镇机关,行政管理,专科,不限,3.0,268.0,70.65,74.15
3249,2023,100133,马鞍山,和县功桥镇机关,财务管理,本科,会计学专业、会计专业、审计学专业、审计专业、财务管理专业,1.0,11.0,60.47,61.02
3250,2023,100134,马鞍山,和县香泉镇机关,行政管理,专科,不限,1.0,7.0,52.55,60.85
3251,2023,100135,马鞍山,和县香泉镇机关,行政管理,本科,不限,1.0,45.0,71.2,73.25
3252,2023,100136,马鞍山,和县乌江镇机关,人武专干,专科,不限,1.0,8.0,59.75,66.35
3253,2023,100137,马鞍山,和县善厚镇机关,经济管理,本科,金融学类、经济与贸易类、工商管理类,1.0,33.0,70.85,76.15
3254,2023,100138,马鞍山,和县善厚镇机关,建设管理,专科,土木类、建筑类,1.0,10.0,67.65,69.4
3255,2023,100139,马鞍山,和县石杨镇机关,行政管理,本科,不限,1.0,4.0,64.8,70.35
3256,2023,100140,马鞍山,和县石杨镇机关,行政管理,专科,工学门类,1.0,17.0,69.3,70.95
3257,2023,100141,马鞍山,当涂县太白镇机关,行政管理,专科,不限,1.0,174.0,71.05,72.8
3258,2023,100142,马鞍山,当涂县黄池镇机关,人武专干,专科,人民武装专业（退役军人报考可不限专业）,1.0,27.0,67.41,68.6
3259,2023,100143,马鞍山,当涂县石桥镇机关,行政管理,专科,不限,1.0,136.0,71.95,73.35
3260,2023,100144,马鞍山,当涂县湖阳镇机关,行政管理,本科,不限,1.0,3.0,59.9,62.45
3261,2023,100145,马鞍山,当涂县乡镇机关,财政管理,本科,经济学门类、会计学专业、会计专业、财政学专业,4.0,53.0,61.91,67.24
3262,2023,100146,马鞍山,当涂县乡镇机关,财务管理,本科,不限,1.0,0.0,,
3263,2023,100147,马鞍山,博望区博望镇机关,建设管理,本科,土木类,1.0,26.0,69.35,71.3
3264,2023,100148,马鞍山,博望区博望镇机关,行政管理,本科,中国语言文学类,1.0,16.0,73.05,75.35
3265,2023,100149,马鞍山,市公安局,人民警察,本科,航空航天类、会计学专业、会计专业、审计学专业、审计专业、财务管理专业,8.0,80.0,65.13,70.35
3266,2023,100150,马鞍山,市公安局,人民警察,本科,法学类、公安学类,8.0,39.0,61.27,70.02
3267,2023,100151,马鞍山,市公安局,人民警察,本科,法学类、中国语言文学类、新闻传播学类,8.0,45.0,63.92,70.11
3268,2023,100152,马鞍山,市公安局,人民警察,本科,计算机类、电子信息类,7.0,65.0,64.16,73.72
3269,2023,100153,马鞍山,市公安局,人民警察,本科,计算机类、电子信息类,7.0,71.0,63.01,74.11
3270,2023,100154,马鞍山,市公安局,人民警察,本科,英语专业、日语专业、柬埔寨语专业、越南语专业,2.0,30.0,65.6,73.5
3271,2023,100155,马鞍山,市公安局,特警,本科,武术与民族传统体育专业、运动训练专业、体育教育专业,2.0,22.0,58.9,63.57
3272,2023,100156,马鞍山,市公安局,法医★,本科,法医学类、临床医学类（不含麻醉学、放射医学、儿科学）,2.0,16.0,65.41,70.92
3273,2023,100157,马鞍山,市公安局,人民警察,本科,不限,6.0,10.0,52.69,67.7
3274,2023,100158,马鞍山,市公安局博望分局,人民警察,本科,不限,2.0,4.0,64.34,64.34
3275,2023,100159,马鞍山,市辖县公安局,人民警察,专科,研究生：公安学（一级学科）、公安技术（一级学科）；本科：侦查学专业、治安学专业、交通管理工程专业、刑事科学技术专业、网络安全与执法专业、警务指挥与战术专业；专科：刑事侦查专业、治安管理专业、交通管理专业、刑事科学技术专业、信息网络安全监察专业、警察指挥与战术专业、特警专业,4.0,22.0,60.85,70.83
3276,2023,100160,马鞍山,含山县公安局,人民警察,本科,不限,1.0,25.0,63.55,64.6
3277,2023,100161,马鞍山,和县公安局,人民警察,本科,不限,4.0,68.0,66.42,70.73
3278,2023,100162,马鞍山,当涂县公安局,人民警察,本科,不限,5.0,107.0,65.68,70.72
3279,2023,100163,马鞍山,当涂县公安局,人民警察,本科,不限,2.0,0.0,55.34,65.42
3280,2023,100164,马鞍山,当涂县公安局,人民警察,专科,公安学类,3.0,15.0,61.95,70.79
3281,2023,100165,马鞍山,当涂县公安局,人民警察,本科,会计学专业、会计专业、财务管理专业、统计学专业,2.0,46.0,66.19,71.08
3282,2023,100166,马鞍山,当涂县公安局,人民警察,本科,计算机类、电子信息类,2.0,26.0,67.04,73.37
3283,2023,100167,马鞍山,当涂县公安局,人民警察,本科,中国语言文学类、广播电视编导专业,1.0,41.0,65.25,66.3
3284,2023,100168,马鞍山,市中级人民法院,法官助理,本科,法学类（不含特设专业）,4.0,27.0,67.0,71.9
3285,2023,100169,马鞍山,市中级人民法院,司法行政人员,本科,计算机科学与技术专业、网络工程专业、信息安全专业、信息管理与信息系统专业,1.0,41.0,72.48,74.9
3286,2023,100170,马鞍山,含山县人民法院,法官助理,本科,法学类,4.0,2.0,55.35,64.75
3287,2023,100171,马鞍山,含山县人民法院,司法行政人员,本科,中国语言文学类，新闻学专业,1.0,1.0,73.65,73.65
3288,2023,100172,马鞍山,和县人民法院,法官助理,本科,法学类,4.0,4.0,63.75,72.0
3289,2023,100173,马鞍山,和县人民法院,法官助理,本科,法学类,5.0,7.0,58.75,73.55
3290,2023,100174,马鞍山,和县人民法院,司法警察,本科,不限,2.0,56.0,65.8,71.05
3291,2023,100175,马鞍山,和县人民法院,司法警察,本科,不限,1.0,56.0,69.5,71.8
3292,2023,100176,马鞍山,和县人民法院,司法行政人员,本科,会计学专业、会计专业、审计学专业、财务管理专业,1.0,28.0,69.97,72.25
3293,2023,100177,马鞍山,当涂县人民法院,司法警察,本科,不限,3.0,110.0,67.85,71.55
3294,2023,100178,马鞍山,当涂县人民法院,法官助理,本科,法学类,5.0,18.0,63.2,76.1
3295,2023,100179,马鞍山,花山区人民法院,司法警察,本科,公安学类,1.0,5.0,62.05,69.05
3296,2023,100180,马鞍山,花山区人民法院,司法警察,本科,公安学类,1.0,4.0,63.35,65.55
3297,2023,100181,马鞍山,雨山区人民法院,法官助理,本科,法学类,3.0,19.0,65.65,73.5
3298,2023,100182,马鞍山,博望区人民法院,法官助理,本科,法学类,1.0,2.0,59.4,67.3
3299,2023,100183,马鞍山,博望区人民法院,司法行政人员,本科,会计学专业、会计专业、审计学专业、财务管理专业,1.0,0.0,,
3300,2023,100184,马鞍山,市人民检察院,检察官助理,本科,法学类（不含特设专业）,3.0,37.0,70.2,72.95
3301,2023,100185,马鞍山,市人民检察院,检察官助理,本科,法学类（不含特设专业）,1.0,5.0,68.55,72.6
3302,2023,100186,马鞍山,含山县人民检察院,检察官助理,本科,法学类（不含特设专业）,2.0,2.0,60.6,66.2
3303,2023,100187,马鞍山,含山县人民检察院,司法行政人员,本科,不限,1.0,3.0,64.55,69.7
3304,2023,100188,马鞍山,含山县人民检察院,司法行政人员,本科,中国语言文学类,1.0,23.0,70.4,73.4
3305,2023,100189,马鞍山,和县人民检察院,检察官助理,本科,法学类（不含特设专业）,2.0,1.0,63.7,70.75
3306,2023,100190,马鞍山,当涂县人民检察院,检察官助理,本科,法学类（不含特设专业）,3.0,10.0,67.7,73.5
3307,2023,100191,马鞍山,当涂县人民检察院,检察官助理,本科,法学类（不含特设专业）,1.0,6.0,61.5,70.0
3308,2023,100192,马鞍山,当涂县人民检察院,司法行政人员,本科,不限,1.0,8.0,68.05,68.45
3309,2023,100193,马鞍山,花山区人民检察院,检察官助理,本科,法学类（不含特设专业）,2.0,17.0,68.0,72.8
3310,2023,100194,马鞍山,雨山区人民检察院,检察官助理,本科,法学类（不含特设专业）,1.0,3.0,70.8,71.8
3311,2023,100195,马鞍山,博望区人民检察院,检察官助理,本科,法学类（不含特设专业）,1.0,4.0,69.45,71.5
3312,2023,100196,马鞍山,博望区人民检察院,司法行政人员,本科,中国语言文学类,1.0,28.0,73.4,76.5
3313,2023,100197,马鞍山,含山县乡镇机关,行政管理,高中（中专）,不限,1.0,0.0,,
3314,2023,100198,马鞍山,和县乡镇机关,行政管理,高中（中专）,不限,1.0,0.0,,
3315,2023,170001,黄山,中共黄山市纪律检查委员会黄山市监察委员会机关,纪检监察,本科,中国语言文学类、新闻学专业、哲学专业,1.0,16.0,69.5,71.8
3316,2023,170002,黄山,中共黄山市纪律检查委员会黄山市监察委员会机关,纪检监察,本科,计算机类,1.0,23.0,71.21,74.07
3317,2023,170003,黄山,中共黄山市纪律检查委员会黄山市监察委员会机关,纪检监察,本科,会计学专业、财务管理专业、审计学专业,1.0,12.0,70.47,72.33
3318,2023,170004,黄山,中共黄山市纪律检查委员会黄山市监察委员会派驻纪检监察组,纪检监察,本科,法学类（不含特设专业）,3.0,19.0,63.67,71.34
3319,2023,170005,黄山,中共黄山市委办公室,机关综合,本科,哲学专业、法学专业、政治学与行政学专业、汉语言文学专业、汉语言专业、秘书学专业、保密管理专业、行政管理专业、档案学专业,1.0,20.0,71.55,77.05
3320,2023,170006,黄山,中共黄山市委党校,财务管理,本科,会计学专业、财务管理专业、审计学专业,1.0,17.0,70.83,72.0
3321,2023,170007,黄山,中共黄山市委党校,行政管理,本科,不限,2.0,178.0,75.25,77.2
3322,2023,170008,黄山,中共黄山市委党史和地方志研究室,综合文字,本科,历史学类,1.0,27.0,72.55,74.8
3323,2023,170009,黄山,中共黄山市委党史和地方志研究室,财务管理,本科,财政学类、会计学专业、财务管理专业,1.0,16.0,64.03,65.51
3324,2023,170010,黄山,黄山市人民政府办公室,综合文字,研究生,哲学（一级学科）、应用经济学（一级学科）、政治学（一级学科）、社会学（一级学科）、公共管理学（一级学科）、金融硕士（专业硕士）,1.0,21.0,76.2,77.2
3325,2023,170011,黄山,黄山市发展和改革委员会,经济分析,本科,经济学门类,1.0,33.0,72.8,75.4
3326,2023,170012,黄山,黄山市发展和改革委员会,项目管理,本科,机械类、材料类、电子信息类、自动化类、计算机类、能源动力类,1.0,77.0,72.5,75.8
3327,2023,170013,黄山,黄山市文化和旅游局,机关综合,本科,新闻传播学类、汉语言文学专业,1.0,15.0,70.45,72.6
3328,2023,170014,黄山,黄山市文化和旅游局,文化旅游管理,本科,文化产业管理专业、旅游管理专业、会展经济与管理专业、文物保护技术专业、文化遗产专业,2.0,103.0,70.7,74.05
3329,2023,170015,黄山,黄山市科学技术局,财务管理,本科,经济学类、财政学类、金融学类、会计学专业、财务管理专业、审计学专业,1.0,17.0,67.23,73.52
3330,2023,170016,黄山,黄山市司法局,机关综合,本科,法学类,1.0,11.0,65.77,70.05
3331,2023,170017,黄山,黄山市司法局,司法行政,本科,法学类,1.0,10.0,71.25,74.45
3332,2023,170018,黄山,黄山市财政局,财政管理,本科,财政学类、经济学类、财务管理专业,3.0,75.0,72.15,76.15
3333,2023,170019,黄山,黄山市财政局,国资监管,本科,金融学类、数学类、统计学类、审计学专业,2.0,96.0,73.15,77.3
3334,2023,170020,黄山,黄山市住房和城乡建设局,城乡建设,本科,城乡规划专业、城市设计专业、人文地理与城乡规划专业,1.0,18.0,73.2,74.35
3335,2023,170021,黄山,黄山市住房和城乡建设局,房地产管理,本科,经济学类,1.0,26.0,73.7,74.95
3336,2023,170022,黄山,黄山市商务局,综合文字,本科,公共管理类、新闻传播学类、中国语言文学类,1.0,28.0,73.6,74.95
3337,2023,170023,黄山,黄山市商务局,财务管理,本科,财政学类、会计学专业、财务管理专业,1.0,17.0,70.89,74.73
3338,2023,170024,黄山,黄山市卫生健康委员会,卫生健康,本科,基础医学类、临床医学专业,1.0,22.0,69.0,70.5
3339,2023,170025,黄山,黄山市卫生健康委员会,机关综合,本科,公共管理类、汉语言文学专业,1.0,36.0,73.8,76.45
3340,2023,170026,黄山,黄山市市场监督管理局,登记注册,本科,金融学类、经济学类、经济与贸易类、电子商务类,1.0,51.0,72.55,74.1
3341,2023,170027,黄山,黄山市市场监督管理局,消费维权,本科,食品科学与工程类、药学类、中药学类、法学专业、知识产权专业、标准化工程专业、质量管理工程专业,1.0,43.0,69.4,71.15
3342,2023,170028,黄山,黄山市市场监督管理局,消费维权,本科,工学门类,1.0,69.0,73.2,76.4
3343,2023,170029,黄山,黄山市地方金融监督管理局,金融发展与监管,本科,金融学类、经济学类、法学类,1.0,11.0,75.1,76.9
3344,2023,170030,黄山,黄山现代服务业产业园管理委员会,机关文字,本科,马克思主义理论类、汉语言文学专业、法学专业,1.0,14.0,71.15,72.45
3345,2023,170031,黄山,黄山现代服务业产业园管理委员会,经济发展,本科,经济学门类、管理学门类、土木类,1.0,63.0,72.95,77.3
3346,2023,170032,黄山,黄山风景区市场监督管理局,市场监管,本科,法学类,2.0,6.0,59.35,67.86
3347,2023,170033,黄山,黄山风景区市场监督管理局,市场监管,本科,不限,2.0,75.0,69.75,72.3
3348,2023,170034,黄山,黄山市人民政府政策研究室,综合文字,本科,中国语言文学类、历史学类、哲学类、经济学类,1.0,12.0,71.8,72.65
3349,2023,170035,黄山,黄山市人力资源和社会保障局市社会保险事业管理局,养老保险,本科,不限,1.0,67.0,74.6,77.45
3350,2023,170036,黄山,黄山市自然资源和规划局市自然资源监察支队,自然资源执法监察,本科,建筑学专业、城乡规划专业、人文地理与城乡规划专业,1.0,13.0,68.0,72.55
3351,2023,170037,黄山,黄山市住房和城乡建设局市建筑管理处,建筑市场管理,本科,土木类,1.0,26.0,71.75,76.45
3352,2023,170038,黄山,黄山市农业农村局市农业机械推广中心,农机安全生产,本科,车辆工程专业、工业设计专业、汽车服务工程专业,1.0,20.0,69.55,70.7
3353,2023,170039,黄山,屯溪区司法局,司法助理员,本科,不限,1.0,17.0,67.35,70.3
3354,2023,170040,黄山,屯溪区司法局,司法助理员,本科,法学类,1.0,8.0,65.34,68.48
3355,2023,170041,黄山,屯溪区司法局,司法助理员,本科,法学类,1.0,4.0,66.32,69.46
3356,2023,170042,黄山,屯溪区司法局,司法助理员,本科,法学类,1.0,3.0,56.6,65.15
3357,2023,170043,黄山,屯溪区司法局,司法助理员,本科,中国语言文学类、新闻传播学类,1.0,17.0,68.55,72.7
3358,2023,170044,黄山,屯溪区司法局,司法助理员,本科,审计学专业、会计学专业、财务管理专业,1.0,11.0,67.39,71.66
3359,2023,170045,黄山,屯溪区供销合作社联合社,三农事务,本科,经济学类、金融学类、会计学专业、财务管理专业,1.0,30.0,71.55,73.85
3360,2023,170046,黄山,屯溪区机关事务管理中心,机关事务,本科,建筑类、土木类,1.0,15.0,68.6,72.85
3361,2023,170047,黄山,黄山区乡镇,项目建设管理,本科,金融学类、经济与贸易类、电子信息类、计算机类、汉语言文学专业、城乡规划专业、土木工程专业,3.0,51.0,68.85,73.6
3362,2023,170048,黄山,黄山区乡镇,综合文字,本科,不限,1.0,1.0,64.35,64.35
3363,2023,170049,黄山,黄山区乡镇,组织人事管理,专科,不限,1.0,43.0,68.2,69.1
3364,2023,170050,黄山,黄山区乡镇,村镇建设管理,专科,不限,1.0,46.0,69.4,75.0
3365,2023,170051,黄山,徽州区档案馆,档案管理,本科,不限,1.0,4.0,67.4,70.2
3366,2023,170052,黄山,徽州区残疾人联合会,机关综合,本科,不限,1.0,50.0,73.5,78.45
3367,2023,170053,黄山,徽州区司法局,司法助理员,本科,法学类（不含特设专业）,2.0,4.0,54.9,71.85
3368,2023,170054,黄山,徽州区司法局,司法助理员,本科,法学类（不含特设专业）,1.0,2.0,62.11,63.72
3369,2023,170055,黄山,徽州区农业产业发展中心,农业管理,本科,农学专业、园艺专业、茶学专业、农药化肥专业、农林经济管理专业、农村区域发展专业,2.0,30.0,68.15,72.35
3370,2023,170056,黄山,徽州区农业产业发展中心,农业管理,本科,不限,1.0,1.0,66.3,71.8
3371,2023,170057,黄山,徽州区机关事务管理中心,机关事务,本科,中国语言文学类、财政学类、建筑类、法学类、图书情报与档案管理类、计算机科学与技术专业、会计学专业,1.0,46.0,71.5,71.65
3372,2023,170058,黄山,徽州区房地产事务中心,房地产事务管理,本科,管理科学与工程类、工商管理类,1.0,55.0,71.35,72.55
3373,2023,170059,黄山,安徽黄山徽州经济开发区管理委员会,园区企业管理,本科,化工与制药类、材料类、环境科学与工程专业,1.0,25.0,70.4,72.7
3374,2023,170060,黄山,安徽黄山徽州经济开发区管理委员会,园区企业管理,本科,化工与制药类、材料类、环境科学与工程专业,1.0,31.0,72.1,73.8
3375,2023,170061,黄山,徽州区乡镇,人武专干,专科,人民武装专业（退役军人报考可不限专业）,1.0,26.0,63.0,63.99
3376,2023,170062,黄山,徽州区乡镇,机关综合,本科,不限,1.0,34.0,68.9,73.4
3377,2023,170063,黄山,徽州区乡镇,组织人事管理,本科,不限,1.0,33.0,72.2,74.9
3378,2023,170064,黄山,徽州区乡镇,村镇建设管理,本科,土木类、建筑类、管理科学与工程类,1.0,24.0,66.6,68.35
3379,2023,170065,黄山,徽州区乡镇,机关综合,专科,不限,1.0,35.0,68.9,69.6
3380,2023,170066,黄山,徽州区乡镇,机关综合,专科,不限,1.0,40.0,66.75,68.9
3381,2023,170067,黄山,中共歙县县委宣传部,政策宣传研究,本科,中国语言文学类、思想政治教育专业,1.0,15.0,68.9,78.05
3382,2023,170068,黄山,中共歙县县委统一战线工作部,侨务事务管理,本科,中国语言文学类、英语专业,1.0,54.0,71.85,75.45
3383,2023,170069,黄山,歙县审计局,审计,本科,会计学专业、财务管理专业、审计学专业、土木工程专业、工程造价专业,1.0,30.0,71.55,74.2
3384,2023,170070,黄山,歙县科技商务经济信息化局,经济分析,本科,经济学类,1.0,13.0,71.65,75.5
3385,2023,170071,黄山,歙县文化旅游体育局,机关综合,本科,不限,1.0,8.0,60.15,61.3
3386,2023,170072,黄山,歙县文化旅游体育局,旅游管理,本科,旅游管理类、市场营销专业、网络与新媒体专业,1.0,42.0,70.95,72.8
3387,2023,170073,黄山,歙县人力资源和社会保障局,机关综合,本科,不限,2.0,70.0,73.05,78.65
3388,2023,170074,黄山,歙县卫生健康委员会,医政卫生管理,本科,公共卫生与预防医学类、中医学类、临床医学类、护理学类,3.0,53.0,67.95,72.65
3389,2023,170075,黄山,歙县司法局,司法助理员,本科,法学类,1.0,9.0,64.6,66.72
3390,2023,170076,黄山,歙县应急管理局,应急管理,本科,机械类,1.0,34.0,69.75,71.75
3391,2023,170077,黄山,歙县林业局,机关综合,本科,中国语言文学类,1.0,13.0,72.65,72.9
3392,2023,170078,黄山,歙县财政局,财务管理,本科,财政学专业、经济学专业、经济统计学专业、会计学专业、财务管理专业、审计学专业,1.0,10.0,65.83,75.41
3393,2023,170079,黄山,歙县市场监督管理局,市场监管,本科,不限,2.0,1.0,51.55,68.0
3394,2023,170080,黄山,歙县市场监督管理局,市场监管,本科,不限,4.0,148.0,69.6,73.7
3395,2023,170081,黄山,歙县市场监督管理局,市场监管,本科,不限,4.0,109.0,69.0,76.05
3396,2023,170082,黄山,歙县教育局,教育行政管理,本科,不限,1.0,46.0,74.2,76.5
3397,2023,170083,黄山,歙县住房和城乡建设局,机关综合,本科,汉语言文学专业、汉语言专业、秘书学专业、新闻学专业、行政管理专业,1.0,18.0,70.2,72.5
3398,2023,170084,黄山,歙县住房和城乡建设局,工程管理,本科,土木类、建筑类,1.0,17.0,69.35,74.55
3399,2023,170085,黄山,歙县自然资源和规划局,城乡规划建设,本科,城乡规划专业、建筑学专业、风景园林专业、计算机科学与技术专业、网络工程专业、信息安全专业,1.0,25.0,72.15,73.05
3400,2023,170086,黄山,歙县自然资源和规划局,机关综合,本科,中国语言文学类,1.0,11.0,70.3,72.8
3401,2023,170087,黄山,歙县财政局县国库支付中心,财务管理,本科,财政学专业、经济学专业、经济统计学专业、会计学专业、财务管理专业、审计学专业,1.0,9.0,62.87,66.68
3402,2023,170088,黄山,歙县财政局县国库支付中心,财务管理,本科,不限,1.0,1.0,66.9,69.45
3403,2023,170089,黄山,歙县乡镇,财政管理,本科,经济学门类、会计学专业、财务管理专业、审计学专业,7.0,50.0,61.38,69.33
3404,2023,170090,黄山,歙县乡镇,财政管理,专科,经济学门类、会计学专业、财务管理专业、审计学专业,8.0,61.0,58.65,73.36
3405,2023,170091,黄山,歙县乡镇,乡镇规划,本科,建筑类（不含特设专业）、人文地理与城乡规划专业、土木工程专业,4.0,31.0,67.45,75.55
3406,2023,170092,黄山,歙县乡镇,综合文字,本科,中国语言文学类、新闻传播学类、法学专业,7.0,54.0,66.7,72.9
3407,2023,170093,黄山,歙县乡镇,乡镇事务管理,专科,不限,6.0,198.0,68.2,76.9
3408,2023,170094,黄山,歙县乡镇,乡镇事务管理,专科,不限,4.0,118.0,68.9,74.15
3409,2023,170095,黄山,歙县乡镇,乡镇事务管理,专科,不限,8.0,12.0,48.45,73.8
3410,2023,170096,黄山,歙县乡镇,人武专干,专科,人民武装专业（退役军人报考可不限专业）,1.0,21.0,62.8,65.89
3411,2023,170097,黄山,休宁县科技商务经济信息化局,机关综合,本科,电子信息类、经济学类、经济与贸易类,1.0,36.0,72.7,77.5
3412,2023,170098,黄山,休宁县司法局,司法助理员,本科,法学类（不含特设专业）,1.0,4.0,62.05,62.05
3413,2023,170099,黄山,休宁县司法局,司法助理员,本科,法学类（不含特设专业）,1.0,4.0,56.89,59.1
3414,2023,170100,黄山,休宁县住房和城乡建设局,项目建设管理,本科,土木类、建筑类、管理科学与工程类,1.0,18.0,73.95,74.65
3415,2023,170101,黄山,休宁县市场监督管理局,市场监管,本科,食品科学与工程类（不含特设专业）、化工与制药类（不含特设专业）、法学类、电子商务类、药学类、工商管理类,2.0,53.0,70.15,72.7
3416,2023,170102,黄山,休宁县林业局,林业管理,本科,法学类（不含特设专业）、汉语言文学专业、秘书学专业,1.0,30.0,67.2,69.8
3417,2023,170103,黄山,休宁县残疾人联合会,机关综合,本科,不限,1.0,7.0,65.35,69.15
3418,2023,170104,黄山,休宁县供销合作社,机关综合,本科,不限,1.0,2.0,63.4,68.15
3419,2023,170105,黄山,齐云山风景名胜区管理委员会,项目建设管理,本科,土木类、建筑类、管理科学与工程类（不含特设专业）,1.0,19.0,70.75,74.45
3420,2023,170106,黄山,齐云山风景名胜区管理委员会,机关综合,专科,不限,1.0,4.0,52.35,65.2
3421,2023,170107,黄山,休宁县农业农村水利局县茶产业发展中心,茶产业管理,本科,植物生产类,1.0,10.0,70.45,72.95
3422,2023,170108,黄山,休宁县农业农村水利局县农业机械事务中心,农机管理,本科,机械类、农业工程类、电气类,1.0,20.0,67.9,75.3
3423,2023,170109,黄山,休宁县农业农村水利局县畜牧兽医事务中心,畜牧兽医管理,本科,动物医学类（不含特设专业）、动物科学专业,1.0,17.0,71.2,71.9
3424,2023,170110,黄山,休宁县文化旅游体育局县文化市场综合执法大队,旅游市场执法,本科,旅游管理类,1.0,35.0,68.65,70.55
3425,2023,170111,黄山,休宁县乡镇财政所,财务管理,本科,财政学类、金融学类、财务管理专业、会计学专业,4.0,25.0,58.88,70.09
3426,2023,170112,黄山,休宁县乡镇财政所,财务管理,本科,财政学类、金融学类、财务管理专业、会计学专业,2.0,19.0,62.45,74.67
3427,2023,170113,黄山,休宁县乡镇财政所,财务管理,本科,财政学类、金融学类、财务管理专业、会计学专业,3.0,26.0,61.86,73.69
3428,2023,170114,黄山,休宁县乡镇,乡镇事务管理,专科,不限,4.0,9.0,49.95,63.35
3429,2023,170115,黄山,休宁县乡镇,乡镇事务管理,本科,不限,4.0,84.0,67.15,77.9
3430,2023,170116,黄山,休宁县乡镇,项目建设管理,专科,土木类、建筑类、水利类、管理科学与工程类（不含特设专业）,2.0,37.0,66.2,68.55
3431,2023,170117,黄山,休宁县乡镇,项目建设管理,本科,土木类、建筑类、水利类、管理科学与工程类（不含特设专业）,3.0,37.0,69.65,75.5
3432,2023,170118,黄山,休宁县乡镇,综合文字,本科,中国语言文学类、新闻传播学类,1.0,13.0,70.25,74.05
3433,2023,170119,黄山,休宁县乡镇,综合文字,专科,中国语言文学类、新闻传播学类,2.0,16.0,67.3,72.9
3434,2023,170120,黄山,休宁县乡镇,乡镇事务管理,专科,不限,3.0,106.0,68.1,74.5
3435,2023,170121,黄山,休宁县乡镇,乡镇事务管理,本科,公共管理类、汉语言文学专业、汉语言专业、秘书学专业,2.0,22.0,66.6,70.85
3436,2023,170122,黄山,休宁县乡镇,乡镇事务管理,专科,不限,4.0,114.0,69.35,73.5
3437,2023,170123,黄山,休宁县乡镇,人武专干,专科,不限,1.0,6.0,55.14,63.18
3438,2023,170124,黄山,休宁县乡镇,乡镇事务管理,本科,电子信息类、计算机类、法学类,1.0,20.0,71.85,74.85
3439,2023,170125,黄山,中共黟县纪律检查委员会黟县监察委员会机关,纪检监察,本科,会计学专业、审计学专业、法学专业,3.0,38.0,68.55,72.25
3440,2023,170126,黄山,中共黟县县委党史和地方志研究室,宣传教育,本科,不限,1.0,24.0,70.25,72.0
3441,2023,170127,黄山,黟县档案馆,档案管理,本科,不限,1.0,33.0,69.25,70.45
3442,2023,170128,黄山,黟县人民政府办公室,公文管理,本科,不限,1.0,31.0,68.2,71.65
3443,2023,170129,黄山,黟县发展和改革委员会,经济管理,本科,经济学类、财政学类、金融学类,1.0,17.0,72.6,73.7
3444,2023,170130,黄山,黟县财政局,财政管理,本科,经济与贸易类、经济学专业、财政学专业、金融学专业、金融工程专业、互联网金融专业、会计学专业、财务管理专业、审计学专业,1.0,24.0,68.7,72.35
3445,2023,170131,黄山,黟县人力资源和社会保障局,人力资源管理,本科,经济学类、工商管理类、公共管理类,1.0,20.0,72.65,73.75
3446,2023,170132,黄山,黟县自然资源和规划局,城乡规划,本科,测绘工程专业、建筑学专业、城乡规划专业、风景园林专业、土地资源管理专业、环境工程专业,1.0,28.0,71.4,74.6
3447,2023,170133,黄山,黟县卫生健康委员会,公共卫生管理,本科,公共管理类、公共卫生与预防医学类,1.0,18.0,71.0,74.65
3448,2023,170134,黄山,黟县审计局,审计,本科,会计学专业、财务管理专业、审计学专业、金融学专业、数据科学与大数据技术专业,1.0,19.0,69.8,73.95
3449,2023,170135,黄山,黟县市场监督管理局,市场监管,本科,食品科学与工程专业、食品质量与安全专业、质量管理工程专业、基础医学专业、药学专业、药物制剂专业、生物工程专业、生物技术专业、知识产权专业,2.0,36.0,68.3,71.85
3450,2023,170136,黄山,黟县林业局,监督管理,本科,法学类、林学类,1.0,8.0,64.95,68.15
3451,2023,170137,黄山,黟县财政局县非税收入征收管理局,非税征管,本科,经济与贸易类、经济学专业、财政学专业、金融学专业、金融工程专业、互联网金融专业、会计学专业、财务管理专业、审计学专业,1.0,19.0,71.95,76.6
3452,2023,170138,黄山,黟县供销合作社联合社,供销管理,专科,不限,1.0,4.0,57.05,65.7
3453,2023,170139,黄山,黟县残疾人联合会,助残服务,专科,不限,1.0,2.0,55.95,63.3
3454,2023,170140,黄山,黟县乡镇,乡村建设,本科,文学门类、工学门类、理学门类、管理学门类,5.0,94.0,69.5,74.75
3455,2023,170141,黄山,黟县乡镇,乡村建设,专科,不限,2.0,1.0,49.6,66.5
3456,2023,170142,黄山,黟县乡镇,乡村建设,专科,不限,3.0,99.0,67.55,71.75
3457,2023,170143,黄山,黟县乡镇,人武专干,专科,人民武装专业（退役军人报考可不限专业）,1.0,17.0,61.19,63.11
3458,2023,170144,黄山,中共祁门县纪律检查委员会祁门县监察委员会机关,纪检监察,本科,法学类（不含特设专业）,1.0,7.0,55.95,68.74
3459,2023,170145,黄山,中共祁门县纪律检查委员会祁门县监察委员会机关,纪检监察,本科,会计学专业、审计学专业、财务管理专业、财政学专业,1.0,8.0,66.63,68.71
3460,2023,170146,黄山,祁门县教育局,机关综合,本科,不限,1.0,40.0,67.5,70.15
3461,2023,170147,黄山,祁门县人力资源和社会保障局,人社管理,本科,人力资源管理专业、劳动与社会保障专业、劳动关系专业、信息管理与信息系统专业,1.0,25.0,71.4,73.1
3462,2023,170148,黄山,祁门县人力资源和社会保障局,综合文字,本科,中国语言文学类,1.0,10.0,65.6,66.5
3463,2023,170149,黄山,祁门县农业农村水利局,农业管理,本科,管理科学与工程类,1.0,20.0,70.15,71.25
3464,2023,170150,黄山,祁门县农业农村水利局,农业水利,本科,水利类,1.0,8.0,65.2,67.7
3465,2023,170151,黄山,祁门县农业农村水利局,规划建设,专科,土木类,1.0,18.0,69.95,73.55
3466,2023,170152,黄山,祁门县自然资源和规划局,规划建设,本科,测绘类、土木工程专业,1.0,24.0,69.35,72.85
3467,2023,170153,黄山,祁门县卫生健康委员会,机关综合,本科,不限,1.0,4.0,55.25,70.35
3468,2023,170154,黄山,祁门县卫生健康委员会,财务管理,本科,财政学类、会计学专业、财务管理专业、审计学专业、财务会计教育专业,1.0,7.0,65.2,69.24
3469,2023,170155,黄山,祁门县林业局,林业管理,本科,林学类,1.0,12.0,64.2,67.9
3470,2023,170156,黄山,祁门县市场监督管理局,市场监管,本科,法学类,2.0,18.0,59.34,63.54
3471,2023,170157,黄山,祁门县市场监督管理局,市场监管,本科,不限,2.0,86.0,67.7,72.05
3472,2023,170158,黄山,祁门县市场监督管理局,市场监管,本科,不限,2.0,0.0,49.65,67.95
3473,2023,170159,黄山,祁门县司法局,司法助理员,本科,法学类,4.0,48.0,62.25,69.43
3474,2023,170160,黄山,祁门县司法局,司法助理员,本科,中国语言文学类,1.0,18.0,65.8,70.15
3475,2023,170161,黄山,祁门县乡镇,机关综合,专科,不限,4.0,176.0,67.6,74.45
3476,2023,170162,黄山,祁门县乡镇,机关综合,专科,不限,4.0,4.0,47.85,64.1
3477,2023,170163,黄山,祁门县乡镇,综合文字,专科,公共管理类、汉语言文学专业、汉语言专业、秘书学专业,2.0,15.0,64.7,71.55
3478,2023,170164,黄山,祁门县乡镇,财务管理,专科,财政学类、金融学类、会计学专业、审计学专业、财务管理专业,3.0,24.0,56.99,71.89
3479,2023,170165,黄山,祁门县乡镇,规划建设,本科,建筑类、土木类,2.0,31.0,67.45,72.9
3480,2023,170166,黄山,祁门县乡镇,经济管理,专科,经济与贸易类,1.0,8.0,67.65,70.25
3481,2023,170167,黄山,祁门县乡镇,农业管理,专科,植物生产类,1.0,1.0,61.9,65.95
3482,2023,170168,黄山,黄山市公安局,信息通信★,本科,电子信息类、计算机类,3.0,35.0,67.68,75.35
3483,2023,170169,黄山,黄山市公安局,网络安全管理★,本科,计算机科学与技术专业、网络工程专业、信息安全专业,3.0,28.0,66.56,75.63
3484,2023,170170,黄山,黄山市公安局,人民警察,本科,不限,3.0,2.0,61.85,67.64
3485,2023,170171,黄山,黄山市公安局,人民警察,本科,新闻传播学类,2.0,13.0,64.44,69.62
3486,2023,170172,黄山,黄山市公安局,人民警察,本科,中国语言文学类、新闻学专业,2.0,4.0,60.8,65.96
3487,2023,170173,黄山,黄山市公安局,人民警察,本科,审计学专业、会计学专业、财务管理专业,1.0,8.0,65.92,66.99
3488,2023,170174,黄山,黄山市公安局,人民警察,本科,经济学类、金融学类,2.0,19.0,67.32,71.51
3489,2023,170175,黄山,黄山市公安局,人民警察,本科,法学类,2.0,7.0,61.51,68.46
3490,2023,170176,黄山,黄山市公安局,人民警察,本科,法学类,2.0,6.0,61.04,70.27
3491,2023,170177,黄山,黄山风景区公安局,人民警察,本科,新闻传播学类、汉语言文学专业,1.0,4.0,57.23,68.7
3492,2023,170178,黄山,黄山风景区公安局,人民警察,本科,审计学专业、会计学专业、财务管理专业,1.0,9.0,66.17,69.2
3493,2023,170179,黄山,黄山风景区公安局,网络安全管理★,本科,电子信息类、计算机类,1.0,11.0,56.94,57.92
3494,2023,170180,黄山,黄山风景区公安局,法医★,本科,法医学类、临床医学类,1.0,7.0,62.78,68.55
3495,2023,170181,黄山,黄山风景区公安局,人民警察,本科,体育学类,1.0,22.0,66.06,68.19
3496,2023,170182,黄山,黄山风景区公安局,人民警察,本科,不限,1.0,0.0,,
3497,2023,170183,黄山,黄山市公安局黄山分局,人民警察,本科,不限,8.0,112.0,66.92,73.79
3498,2023,170184,黄山,黄山市公安局黄山分局,人民警察,本科,不限,2.0,15.0,64.61,68.72
3499,2023,170185,黄山,黄山市公安局黄山分局,人民警察,本科,不限,2.0,0.0,55.28,58.04
3500,2023,170186,黄山,黄山市公安局徽州分局,信息通信★,本科,通信工程专业、网络工程专业、电子信息工程专业,1.0,10.0,63.99,66.1
3501,2023,170187,黄山,黄山市公安局徽州分局,人民警察,本科,审计学专业、会计学专业、财务管理专业,1.0,17.0,66.32,66.32
3502,2023,170188,黄山,歙县公安局,人民警察,本科,不限,7.0,79.0,65.12,70.86
3503,2023,170189,黄山,歙县公安局,人民警察,本科,不限,3.0,28.0,65.52,69.15
3504,2023,170190,黄山,歙县公安局,人民警察,本科,不限,2.0,0.0,,
3505,2023,170191,黄山,歙县公安局,人民警察,本科,中国语言文学类、新闻学专业,1.0,6.0,55.99,55.99
3506,2023,170192,黄山,歙县公安局,人民警察,本科,新闻传播学类,1.0,10.0,60.7,60.7
3507,2023,170193,黄山,休宁县公安局,人民警察,本科,不限,1.0,10.0,64.38,67.55
3508,2023,170194,黄山,休宁县公安局,人民警察,本科,不限,3.0,21.0,63.41,68.28
3509,2023,170195,黄山,休宁县公安局,信息通信★,本科,电子信息类、计算机类,1.0,19.0,59.52,70.01
3510,2023,170196,黄山,黟县公安局,人民警察,专科,研究生：公安学（一级学科）、公安技术（一级学科）；本科：侦查学专业、治安学专业、交通管理工程专业、刑事科学技术专业、网络安全与执法专业、警务指挥与战术专业；专科：刑事侦查专业、治安管理专业、交通管理专业、刑事科学技术专业、信息网络安全监察专业、警察指挥与战术专业、特警专业,2.0,6.0,58.46,64.68
3511,2023,170197,黄山,黟县公安局,人民警察,专科,不限,1.0,39.0,66.07,66.93
3512,2023,170198,黄山,黟县公安局,人民警察,专科,不限,1.0,17.0,63.09,68.15
3513,2023,170199,黄山,黟县公安局,人民警察,专科,不限,1.0,2.0,52.95,54.98
3514,2023,170200,黄山,黟县公安局,人民警察,专科,新闻学专业、网络与新媒体专业、传播学专业、影视摄影与制作专业、戏剧影视导演专业,1.0,8.0,62.76,65.43
3515,2023,170201,黄山,祁门县公安局,人民警察,本科,不限,2.0,21.0,65.99,72.37
3516,2023,170202,黄山,祁门县公安局,人民警察,本科,不限,4.0,33.0,64.53,72.19
3517,2023,170203,黄山,祁门县公安局,人民警察,专科,不限,3.0,13.0,50.2,63.2
3518,2023,170204,黄山,祁门县公安局,人民警察,本科,新闻传播学类,1.0,5.0,64.38,69.3
3519,2023,170205,黄山,祁门县公安局,人民警察,本科,中国语言文学类、新闻学专业,1.0,4.0,59.81,63.66
3520,2023,170206,黄山,祁门县公安局,人民警察,本科,审计学专业、会计学专业、财务管理专业,1.0,11.0,60.8,66.44
3521,2023,170207,黄山,祁门县公安局,人民警察,本科,法学类,1.0,13.0,62.98,66.76
3522,2023,170208,黄山,祁门县公安局,人民警察,本科,法学类,1.0,6.0,58.03,64.83
3523,2023,170209,黄山,祁门县公安局,信息通信★,本科,电子信息类、计算机类,1.0,10.0,61.94,70.01
3524,2023,170210,黄山,黄山市中级人民法院,法官助理,本科,法学类（不含特设专业）,1.0,12.0,70.45,73.4
3525,2023,170211,黄山,黄山市中级人民法院,司法行政人员,本科,中国语言文学类、新闻学专业,1.0,31.0,70.25,71.9
3526,2023,170212,黄山,屯溪区人民法院,法官助理,本科,法学类（不含特设专业）,2.0,4.0,68.35,74.1
3527,2023,170213,黄山,黄山区人民法院,法官助理,本科,法学类（不含特设专业）,4.0,7.0,61.5,69.55
3528,2023,170214,黄山,黄山区人民法院,司法行政人员,本科,图书情报与档案管理类,1.0,9.0,65.15,68.25
3529,2023,170215,黄山,徽州区人民法院,综合业务,本科,法学类（不含特设专业）,1.0,5.0,65.56,68.33
3530,2023,170216,黄山,徽州区人民法院,司法行政人员,本科,审计学专业、会计学专业、财务管理专业,1.0,0.0,,
3531,2023,170217,黄山,歙县人民法院,法官助理,本科,法学类（不含特设专业）,4.0,7.0,60.45,73.45
3532,2023,170218,黄山,歙县人民法院,司法警察,专科,刑事执行专业、刑事侦查技术专业、罪犯心理测量与矫正技术专业、行政执行专业、戒毒矫治技术专业、司法信息安全专业、司法警务专业,1.0,15.0,62.6,65.8
3533,2023,170219,黄山,休宁县人民法院,法官助理,本科,法学类（不含特设专业）,2.0,0.0,61.65,66.1
3534,2023,170220,黄山,休宁县人民法院,综合业务,本科,法学类（不含特设专业）,2.0,7.0,66.46,72.76
3535,2023,170221,黄山,黟县人民法院,综合业务,本科,法学类（不含特设专业）,1.0,5.0,59.17,67.23
3536,2023,170222,黄山,黟县人民法院,司法警察,本科,不限,1.0,3.0,64.9,64.9
3537,2023,170223,黄山,祁门县人民法院,法官助理,本科,法学类（不含特设专业）,2.0,1.0,59.15,66.7
3538,2023,170224,黄山,祁门县人民法院,综合业务,本科,法学类（不含特设专业）,1.0,4.0,65.99,66.76
3539,2023,170225,黄山,黄山区人民检察院,司法行政人员,本科,中国语言文学类、新闻传播学类、政治学类、工商管理类,1.0,37.0,71.25,73.7
3540,2023,170226,黄山,黄山区人民检察院,司法警察,本科,法学类、侦查学专业、犯罪学专业、经济学专业、计算机科学与技术专业,1.0,5.0,67.9,70.05
3541,2023,170227,黄山,休宁县人民检察院,检察官助理,本科,法学类（不含特设专业）,2.0,2.0,64.3,71.25
3542,2023,170228,黄山,黟县人民检察院,检察官助理,本科,法学类（不含特设专业）,2.0,0.0,60.3,72.85
3543,2023,170229,黄山,祁门县人民检察院,检察官助理,本科,法学类（不含特设专业）,2.0,0.0,63.4,72.85
3544,2023,170230,黄山,徽州区乡镇,乡镇事务管理,高中（中专）,不限,1.0,0.0,,
3545,2023,170231,黄山,歙县乡镇,乡镇事务管理,高中（中专）,不限,1.0,0.0,,
3546,2023,170232,黄山,祁门县乡镇,乡镇事务管理,高中（中专）,不限,1.0,0.0,,
